cond,t_rel_s,at_paris,sub,pin,kind,ssrc,w,h,fps,bytesReceived,packetsLost,jitter,freezeCount,totalFreezesDuration,decoderImplementation
ab-cam-3L-on,2.3,2026-10-06T11:01:43.563,ab-sub-hi,HIGH,audio,479058104,,,,269098,0,0.006,,,
ab-cam-3L-on,2.3,2026-10-06T11:01:43.563,ab-sub-hi,HIGH,video,1964352153,1280,720,30,5404128,0,0.011,0,0,
ab-cam-3L-on,2.3,2026-10-06T11:01:43.563,ab-sub-lo,LOW,audio,822825281,,,,256930,0,0.006,,,
ab-cam-3L-on,2.3,2026-10-06T11:01:43.563,ab-sub-lo,LOW,video,1321476045,320,180,20,1076071,0,0.005,0,0,
ab-cam-3L-on,4.3,2026-10-06T11:01:45.603,ab-sub-hi,HIGH,audio,479058104,,,,294278,0,0.004,,,
ab-cam-3L-on,4.3,2026-10-06T11:01:45.603,ab-sub-hi,HIGH,video,1964352153,1280,720,29,5835880,0,0.009,0,0,
ab-cam-3L-on,4.3,2026-10-06T11:01:45.603,ab-sub-lo,LOW,audio,822825281,,,,282110,0,0.004,,,
ab-cam-3L-on,4.3,2026-10-06T11:01:45.603,ab-sub-lo,LOW,video,1321476045,320,180,20,1113022,0,0.008,0,0,
ab-cam-3L-on,6.4,2026-10-06T11:01:47.641,ab-sub-hi,HIGH,audio,479058104,,,,319239,0,0.004,,,
ab-cam-3L-on,6.4,2026-10-06T11:01:47.641,ab-sub-hi,HIGH,video,1964352153,1280,720,29,6258110,0,0.01,0,0,
ab-cam-3L-on,6.4,2026-10-06T11:01:47.641,ab-sub-lo,LOW,audio,822825281,,,,307318,0,0.004,,,
ab-cam-3L-on,6.4,2026-10-06T11:01:47.641,ab-sub-lo,LOW,video,1321476045,320,180,20,1150667,0,0.005,0,0,
ab-cam-3L-on,8.4,2026-10-06T11:01:49.676,ab-sub-hi,HIGH,audio,479058104,,,,344433,0,0.002,,,
ab-cam-3L-on,8.4,2026-10-06T11:01:49.676,ab-sub-hi,HIGH,video,1964352153,1280,720,30,6692471,0,0.004,0,0,
ab-cam-3L-on,8.4,2026-10-06T11:01:49.676,ab-sub-lo,LOW,audio,822825281,,,,332265,0,0.002,,,
ab-cam-3L-on,8.4,2026-10-06T11:01:49.676,ab-sub-lo,LOW,video,1321476045,320,180,20,1190105,0,0.003,0,0,
ab-cam-3L-on,10.4,2026-10-06T11:01:51.708,ab-sub-hi,HIGH,audio,479058104,,,,369387,0,0.001,,,
ab-cam-3L-on,10.4,2026-10-06T11:01:51.708,ab-sub-hi,HIGH,video,1964352153,1280,720,30,7116900,0,0.003,0,0,
ab-cam-3L-on,10.4,2026-10-06T11:01:51.708,ab-sub-lo,LOW,audio,822825281,,,,357219,0,0.001,,,
ab-cam-3L-on,10.4,2026-10-06T11:01:51.708,ab-sub-lo,LOW,video,1321476045,320,180,20,1225373,0,0.002,0,0,
ab-cam-3L-on,12.5,2026-10-06T11:01:53.741,ab-sub-hi,HIGH,audio,479058104,,,,394574,0,0.003,,,
ab-cam-3L-on,12.5,2026-10-06T11:01:53.741,ab-sub-hi,HIGH,video,1964352153,1280,720,30,7557365,0,0.003,0,0,
ab-cam-3L-on,12.5,2026-10-06T11:01:53.741,ab-sub-lo,LOW,audio,822825281,,,,382653,0,0.003,,,
ab-cam-3L-on,12.5,2026-10-06T11:01:53.741,ab-sub-lo,LOW,video,1321476045,320,180,20,1263019,0,0.002,0,0,
ab-cam-3L-on,14.5,2026-10-06T11:01:55.775,ab-sub-hi,HIGH,audio,479058104,,,,419768,0,0.003,,,
ab-cam-3L-on,14.5,2026-10-06T11:01:55.775,ab-sub-hi,HIGH,video,1964352153,1280,720,30,7985864,0,0.004,0,0,
ab-cam-3L-on,14.5,2026-10-06T11:01:55.775,ab-sub-lo,LOW,audio,822825281,,,,407847,0,0.003,,,
ab-cam-3L-on,14.5,2026-10-06T11:01:55.775,ab-sub-lo,LOW,video,1321476045,320,180,20,1304035,0,0.003,0,0,
ab-cam-3L-on,16.5,2026-10-06T11:01:57.813,ab-sub-hi,HIGH,audio,479058104,,,,444722,0,0.003,,,
ab-cam-3L-on,16.5,2026-10-06T11:01:57.813,ab-sub-hi,HIGH,video,1964352153,1280,720,30,8417703,0,0.006,0,0,
ab-cam-3L-on,16.5,2026-10-06T11:01:57.813,ab-sub-lo,LOW,audio,822825281,,,,432801,0,0.003,,,
ab-cam-3L-on,16.5,2026-10-06T11:01:57.813,ab-sub-lo,LOW,video,1321476045,320,180,20,1342462,0,0.006,0,0,
ab-cam-3L-on,18.6,2026-10-06T11:01:59.855,ab-sub-hi,HIGH,audio,479058104,,,,469972,0,0.008,,,
ab-cam-3L-on,18.6,2026-10-06T11:01:59.855,ab-sub-hi,HIGH,video,1964352153,1280,720,30,8826399,0,0.014,0,0,
ab-cam-3L-on,18.6,2026-10-06T11:01:59.855,ab-sub-lo,LOW,audio,822825281,,,,458074,0,0.008,,,
ab-cam-3L-on,18.6,2026-10-06T11:01:59.855,ab-sub-lo,LOW,video,1321476045,320,180,20,1377187,0,0.008,0,0,
ab-cam-3L-on,20.6,2026-10-06T11:02:01.910,ab-sub-hi,HIGH,audio,479058104,,,,495597,0,0.009,,,
ab-cam-3L-on,20.6,2026-10-06T11:02:01.910,ab-sub-hi,HIGH,video,1964352153,1280,720,29,9264836,0,0.01,0,0,
ab-cam-3L-on,20.6,2026-10-06T11:02:01.910,ab-sub-lo,LOW,audio,822825281,,,,483676,0,0.009,,,
ab-cam-3L-on,20.6,2026-10-06T11:02:01.910,ab-sub-lo,LOW,video,1321476045,320,180,20,1415240,0,0.008,0,0,
ab-cam-3L-on,22.7,2026-10-06T11:02:03.954,ab-sub-hi,HIGH,audio,479058104,,,,520791,0,0.004,,,
ab-cam-3L-on,22.7,2026-10-06T11:02:03.954,ab-sub-hi,HIGH,video,1964352153,1280,720,29,9698092,0,0.006,0,0,
ab-cam-3L-on,22.7,2026-10-06T11:02:03.954,ab-sub-lo,LOW,audio,822825281,,,,508623,0,0.004,,,
ab-cam-3L-on,22.7,2026-10-06T11:02:03.954,ab-sub-lo,LOW,video,1321476045,320,180,20,1453413,0,0.006,0,0,
ab-cam-3L-on,24.7,2026-10-06T11:02:05.987,ab-sub-hi,HIGH,audio,479058104,,,,545746,0,0.002,,,
ab-cam-3L-on,24.7,2026-10-06T11:02:05.987,ab-sub-hi,HIGH,video,1964352153,1280,720,29,10123861,0,0.004,0,0,
ab-cam-3L-on,24.7,2026-10-06T11:02:05.987,ab-sub-lo,LOW,audio,822825281,,,,533578,0,0.002,,,
ab-cam-3L-on,24.7,2026-10-06T11:02:05.987,ab-sub-lo,LOW,video,1321476045,320,180,20,1492127,0,0.004,0,0,
ab-cam-3L-on,26.8,2026-10-06T11:02:08.044,ab-sub-hi,HIGH,audio,479058104,,,,571174,0,0.002,,,
ab-cam-3L-on,26.8,2026-10-06T11:02:08.044,ab-sub-hi,HIGH,video,1964352153,1280,720,30,10573651,0,0.002,0,0,
ab-cam-3L-on,26.8,2026-10-06T11:02:08.044,ab-sub-lo,LOW,audio,822825281,,,,559258,0,0.002,,,
ab-cam-3L-on,26.8,2026-10-06T11:02:08.044,ab-sub-lo,LOW,video,1321476045,320,180,20,1530343,0,0.002,0,0,
ab-cam-3L-on,28.8,2026-10-06T11:02:10.063,ab-sub-hi,HIGH,audio,479058104,,,,596133,0,0.003,,,
ab-cam-3L-on,28.8,2026-10-06T11:02:10.063,ab-sub-hi,HIGH,video,1964352153,1280,720,30,11000094,0,0.003,0,0,
ab-cam-3L-on,28.8,2026-10-06T11:02:10.063,ab-sub-lo,LOW,audio,822825281,,,,583965,0,0.003,,,
ab-cam-3L-on,28.8,2026-10-06T11:02:10.063,ab-sub-lo,LOW,video,1321476045,320,180,20,1569139,0,0.003,0,0,
ab-cam-3L-on,30.8,2026-10-06T11:02:12.112,ab-sub-hi,HIGH,audio,479058104,,,,621876,0,0.008,,,
ab-cam-3L-on,30.8,2026-10-06T11:02:12.112,ab-sub-hi,HIGH,video,1964352153,1280,720,28,11374424,0,0.013,0,0,
ab-cam-3L-on,30.8,2026-10-06T11:02:12.112,ab-sub-lo,LOW,audio,822825281,,,,609953,0,0.008,,,
ab-cam-3L-on,30.8,2026-10-06T11:02:12.112,ab-sub-lo,LOW,video,1321476045,320,180,21,1605005,0,0.011,0,0,
ab-cam-3L-on,33,2026-10-06T11:02:14.222,ab-sub-hi,HIGH,audio,479058104,,,,647509,0,0.007,,,
ab-cam-3L-on,33,2026-10-06T11:02:14.222,ab-sub-hi,HIGH,video,1964352153,1280,720,19,11629780,0,0.026,1,0.214,
ab-cam-3L-on,33,2026-10-06T11:02:14.222,ab-sub-lo,LOW,audio,822825281,,,,635094,0,0.007,,,
ab-cam-3L-on,33,2026-10-06T11:02:14.222,ab-sub-lo,LOW,video,1321476045,320,180,16,1632317,0,0.021,0,0,
ab-cam-3L-on,35,2026-10-06T11:02:16.305,ab-sub-hi,HIGH,audio,479058104,,,,673279,0,0.006,,,
ab-cam-3L-on,35,2026-10-06T11:02:16.305,ab-sub-hi,HIGH,video,1964352153,1280,720,30,12056164,0,0.011,1,0.214,
ab-cam-3L-on,35,2026-10-06T11:02:16.305,ab-sub-lo,LOW,audio,822825281,,,,661607,0,0.006,,,
ab-cam-3L-on,35,2026-10-06T11:02:16.305,ab-sub-lo,LOW,video,1321476045,320,180,20,1673360,0,0.006,0,0,
ab-cam-3L-on,37.1,2026-10-06T11:02:18.374,ab-sub-hi,HIGH,audio,479058104,,,,687776,0,0.003,,,
ab-cam-3L-on,37.1,2026-10-06T11:02:18.374,ab-sub-hi,HIGH,video,1964352153,1280,720,29,12514862,0,0.006,1,0.214,
ab-cam-3L-on,37.1,2026-10-06T11:02:18.374,ab-sub-lo,LOW,audio,822825281,,,,675608,0,0.003,,,
ab-cam-3L-on,37.1,2026-10-06T11:02:18.374,ab-sub-lo,LOW,video,1321476045,320,180,20,1710682,0,0.003,0,0,
ab-cam-3L-on,39.1,2026-10-06T11:02:20.413,ab-sub-hi,HIGH,audio,479058104,,,,692475,0,0.001,,,
ab-cam-3L-on,39.1,2026-10-06T11:02:20.413,ab-sub-hi,HIGH,video,1964352153,1280,720,29,12930939,0,0.005,1,0.214,
ab-cam-3L-on,39.1,2026-10-06T11:02:20.413,ab-sub-lo,LOW,audio,822825281,,,,680307,0,0.001,,,
ab-cam-3L-on,39.1,2026-10-06T11:02:20.413,ab-sub-lo,LOW,video,1321476045,320,180,20,1748279,0,0.003,0,0,
ab-cam-3L-on,41.2,2026-10-06T11:02:22.437,ab-sub-hi,HIGH,audio,479058104,,,,693095,0,0.002,,,
ab-cam-3L-on,41.2,2026-10-06T11:02:22.437,ab-sub-hi,HIGH,video,1964352153,1280,720,30,13361897,0,0.004,1,0.214,
ab-cam-3L-on,41.2,2026-10-06T11:02:22.437,ab-sub-lo,LOW,audio,822825281,,,,680927,0,0.002,,,
ab-cam-3L-on,41.2,2026-10-06T11:02:22.437,ab-sub-lo,LOW,video,1321476045,320,180,20,1785833,0,0.001,0,0,
ab-cam-3L-on,43.2,2026-10-06T11:02:24.450,ab-sub-hi,HIGH,audio,479058104,,,,693715,0,0.002,,,
ab-cam-3L-on,43.2,2026-10-06T11:02:24.450,ab-sub-hi,HIGH,video,1964352153,1280,720,30,13789436,0,0.003,1,0.214,
ab-cam-3L-on,43.2,2026-10-06T11:02:24.450,ab-sub-lo,LOW,audio,822825281,,,,681547,0,0.002,,,
ab-cam-3L-on,43.2,2026-10-06T11:02:24.450,ab-sub-lo,LOW,video,1321476045,320,180,20,1823653,0,0.001,0,0,
ab-cam-3L-on,45.2,2026-10-06T11:02:26.475,ab-sub-hi,HIGH,audio,479058104,,,,694314,0,0.001,,,
ab-cam-3L-on,45.2,2026-10-06T11:02:26.475,ab-sub-hi,HIGH,video,1964352153,1280,720,30,14222068,0,0.005,1,0.214,
ab-cam-3L-on,45.2,2026-10-06T11:02:26.475,ab-sub-lo,LOW,audio,822825281,,,,682146,0,0.001,,,
ab-cam-3L-on,45.2,2026-10-06T11:02:26.475,ab-sub-lo,LOW,video,1321476045,320,180,20,1862754,0,0.002,0,0,
ab-cam-3L-on,47.3,2026-10-06T11:02:28.540,ab-sub-hi,HIGH,audio,479058104,,,,694907,0,0.003,,,
ab-cam-3L-on,47.3,2026-10-06T11:02:28.540,ab-sub-hi,HIGH,video,1964352153,1280,720,29,14673042,0,0.01,1,0.214,
ab-cam-3L-on,47.3,2026-10-06T11:02:28.540,ab-sub-lo,LOW,audio,822825281,,,,682739,0,0.003,,,
ab-cam-3L-on,47.3,2026-10-06T11:02:28.540,ab-sub-lo,LOW,video,1321476045,320,180,20,1903545,0,0.007,0,0,
ab-cam-3L-on,49.4,2026-10-06T11:02:30.713,ab-sub-hi,HIGH,audio,479058104,,,,695527,0,0.009,,,
ab-cam-3L-on,49.4,2026-10-06T11:02:30.713,ab-sub-hi,HIGH,video,1964352153,1280,720,25,15076574,0,0.017,1,0.214,
ab-cam-3L-on,49.4,2026-10-06T11:02:30.713,ab-sub-lo,LOW,audio,822825281,,,,683359,0,0.008,,,
ab-cam-3L-on,49.4,2026-10-06T11:02:30.713,ab-sub-lo,LOW,video,1321476045,320,180,20,1942456,0,0.013,0,0,
ab-cam-3L-on,51.5,2026-10-06T11:02:32.766,ab-sub-hi,HIGH,audio,479058104,,,,698653,0,0.004,,,
ab-cam-3L-on,51.5,2026-10-06T11:02:32.766,ab-sub-hi,HIGH,video,1964352153,1280,720,29,15520630,0,0.003,1,0.214,
ab-cam-3L-on,51.5,2026-10-06T11:02:32.766,ab-sub-lo,LOW,audio,822825281,,,,686687,0,0.003,,,
ab-cam-3L-on,51.5,2026-10-06T11:02:32.766,ab-sub-lo,LOW,video,1321476045,320,180,20,1980444,0,0.002,0,0,
ab-cam-3L-on,53.6,2026-10-06T11:02:34.825,ab-sub-hi,HIGH,audio,479058104,,,,724256,0,0.007,,,
ab-cam-3L-on,53.6,2026-10-06T11:02:34.825,ab-sub-hi,HIGH,video,1964352153,1280,720,28,15940756,0,0.011,1,0.214,
ab-cam-3L-on,53.6,2026-10-06T11:02:34.825,ab-sub-lo,LOW,audio,822825281,,,,712088,0,0.007,,,
ab-cam-3L-on,53.6,2026-10-06T11:02:34.825,ab-sub-lo,LOW,video,1321476045,320,180,20,2018103,0,0.006,0,0,
ab-cam-3L-on,55.6,2026-10-06T11:02:36.894,ab-sub-hi,HIGH,audio,479058104,,,,750191,0,0.007,,,
ab-cam-3L-on,55.6,2026-10-06T11:02:36.894,ab-sub-hi,HIGH,video,1964352153,1280,720,27,16272577,0,0.014,1,0.214,
ab-cam-3L-on,55.6,2026-10-06T11:02:36.894,ab-sub-lo,LOW,audio,822825281,,,,738270,0,0.007,,,
ab-cam-3L-on,55.6,2026-10-06T11:02:36.894,ab-sub-lo,LOW,video,1321476045,320,180,20,2053677,0,0.014,1,0.245,
ab-cam-3L-on,57.7,2026-10-06T11:02:39.007,ab-sub-hi,HIGH,audio,479058104,,,,775879,0,0.014,,,
ab-cam-3L-on,57.7,2026-10-06T11:02:39.007,ab-sub-hi,HIGH,video,1964352153,1280,720,22,16649431,0,0.024,1,0.214,
ab-cam-3L-on,57.7,2026-10-06T11:02:39.007,ab-sub-lo,LOW,audio,822825281,,,,764205,0,0.014,,,
ab-cam-3L-on,57.7,2026-10-06T11:02:39.007,ab-sub-lo,LOW,video,1321476045,320,180,17,2089413,0,0.013,1,0.245,
ab-cam-3L-on,59.8,2026-10-06T11:02:41.111,ab-sub-hi,HIGH,audio,479058104,,,,802555,0,0.01,,,
ab-cam-3L-on,59.8,2026-10-06T11:02:41.111,ab-sub-hi,HIGH,video,1964352153,1280,720,25,17045241,0,0.021,1,0.214,
ab-cam-3L-on,59.8,2026-10-06T11:02:41.111,ab-sub-lo,LOW,audio,822825281,,,,791375,0,0.01,,,
ab-cam-3L-on,59.8,2026-10-06T11:02:41.111,ab-sub-lo,LOW,video,1321476045,320,180,18,2126639,0,0.013,1,0.245,
ab-cam-3L-on,62,2026-10-06T11:02:43.292,ab-sub-hi,HIGH,audio,479058104,,,,828737,0,0.004,,,
ab-cam-3L-on,62,2026-10-06T11:02:43.292,ab-sub-hi,HIGH,video,1964352153,1280,720,30,17493857,0,0.008,1,0.214,
ab-cam-3L-on,62,2026-10-06T11:02:43.292,ab-sub-lo,LOW,audio,822825281,,,,816569,0,0.004,,,
ab-cam-3L-on,62,2026-10-06T11:02:43.292,ab-sub-lo,LOW,video,1321476045,320,180,20,2168504,0,0.005,1,0.245,
ab-cam-3L-on,64.1,2026-10-06T11:02:45.329,ab-sub-hi,HIGH,audio,479058104,,,,853931,0,0.002,,,
ab-cam-3L-on,64.1,2026-10-06T11:02:45.329,ab-sub-hi,HIGH,video,1964352153,1280,720,30,17891028,0,0.008,1,0.214,
ab-cam-3L-on,64.1,2026-10-06T11:02:45.329,ab-sub-lo,LOW,audio,822825281,,,,841763,0,0.002,,,
ab-cam-3L-on,64.1,2026-10-06T11:02:45.329,ab-sub-lo,LOW,video,1321476045,320,180,20,2203946,0,0.003,1,0.245,
ab-cam-3L-on,66.1,2026-10-06T11:02:47.375,ab-sub-hi,HIGH,audio,479058104,,,,880442,0,0.002,,,
ab-cam-3L-on,66.1,2026-10-06T11:02:47.375,ab-sub-hi,HIGH,video,1964352153,1280,720,30,18329531,0,0.01,1,0.214,
ab-cam-3L-on,66.1,2026-10-06T11:02:47.375,ab-sub-lo,LOW,audio,822825281,,,,868522,0,0.004,,,
ab-cam-3L-on,66.1,2026-10-06T11:02:47.375,ab-sub-lo,LOW,video,1321476045,320,180,20,2240446,0,0.007,1,0.245,
ab-cam-3L-on,68.2,2026-10-06T11:02:49.448,ab-sub-hi,HIGH,audio,479058104,,,,905825,0,0.002,,,
ab-cam-3L-on,68.2,2026-10-06T11:02:49.448,ab-sub-hi,HIGH,video,1964352153,1280,720,30,18753005,0,0.006,1,0.214,
ab-cam-3L-on,68.2,2026-10-06T11:02:49.448,ab-sub-lo,LOW,audio,822825281,,,,893657,0,0.002,,,
ab-cam-3L-on,68.2,2026-10-06T11:02:49.448,ab-sub-lo,LOW,video,1321476045,320,180,21,2278282,0,0.002,1,0.245,
ab-cam-3L-on,70.2,2026-10-06T11:02:51.495,ab-sub-hi,HIGH,audio,479058104,,,,930225,0,0.011,,,
ab-cam-3L-on,70.2,2026-10-06T11:02:51.495,ab-sub-hi,HIGH,video,1964352153,1280,720,28,19123834,0,0.011,1,0.214,
ab-cam-3L-on,70.2,2026-10-06T11:02:51.495,ab-sub-lo,LOW,audio,822825281,,,,918255,0,0.011,,,
ab-cam-3L-on,70.2,2026-10-06T11:02:51.495,ab-sub-lo,LOW,video,1321476045,320,180,21,2314149,0,0.006,1,0.245,
ab-cam-3L-on,72.3,2026-10-06T11:02:53.549,ab-sub-hi,HIGH,audio,479058104,,,,931541,0,0.006,,,
ab-cam-3L-on,72.3,2026-10-06T11:02:53.549,ab-sub-hi,HIGH,video,1964352153,1280,720,30,19607654,0,0.005,1,0.214,
ab-cam-3L-on,72.3,2026-10-06T11:02:53.549,ab-sub-lo,LOW,audio,822825281,,,,919373,0,0.006,,,
ab-cam-3L-on,72.3,2026-10-06T11:02:53.549,ab-sub-lo,LOW,video,1321476045,320,180,20,2361252,0,0.002,1,0.245,
ab-cam-3L-on,74.3,2026-10-06T11:02:55.574,ab-sub-hi,HIGH,audio,479058104,,,,942449,0,0.002,,,
ab-cam-3L-on,74.3,2026-10-06T11:02:55.574,ab-sub-hi,HIGH,video,1964352153,1280,720,30,20025313,0,0.005,1,0.214,
ab-cam-3L-on,74.3,2026-10-06T11:02:55.574,ab-sub-lo,LOW,audio,822825281,,,,930281,0,0.002,,,
ab-cam-3L-on,74.3,2026-10-06T11:02:55.574,ab-sub-lo,LOW,video,1321476045,320,180,20,2392761,0,0.002,1,0.245,
ab-cam-3L-on,76.3,2026-10-06T11:02:57.607,ab-sub-hi,HIGH,audio,479058104,,,,948206,0,0.002,,,
ab-cam-3L-on,76.3,2026-10-06T11:02:57.607,ab-sub-hi,HIGH,video,1964352153,1280,720,30,20440786,0,0.005,1,0.214,
ab-cam-3L-on,76.3,2026-10-06T11:02:57.607,ab-sub-lo,LOW,audio,822825281,,,,936038,0,0.003,,,
ab-cam-3L-on,76.3,2026-10-06T11:02:57.607,ab-sub-lo,LOW,video,1321476045,320,180,20,2428706,0,0.002,1,0.245,
ab-cam-3L-on,78.4,2026-10-06T11:02:59.643,ab-sub-hi,HIGH,audio,479058104,,,,951283,0,0.002,,,
ab-cam-3L-on,78.4,2026-10-06T11:02:59.643,ab-sub-hi,HIGH,video,1964352153,1280,720,29,20870577,0,0.005,1,0.214,
ab-cam-3L-on,78.4,2026-10-06T11:02:59.643,ab-sub-lo,LOW,audio,822825281,,,,939115,0,0.002,,,
ab-cam-3L-on,78.4,2026-10-06T11:02:59.643,ab-sub-lo,LOW,video,1321476045,320,180,20,2465969,0,0.002,1,0.245,
ab-cam-3L-on,80.4,2026-10-06T11:03:01.696,ab-sub-hi,HIGH,audio,479058104,,,,953713,0,0.002,,,
ab-cam-3L-on,80.4,2026-10-06T11:03:01.696,ab-sub-hi,HIGH,video,1964352153,1280,720,30,21302557,0,0.003,1,0.214,
ab-cam-3L-on,80.4,2026-10-06T11:03:01.696,ab-sub-lo,LOW,audio,822825281,,,,941545,0,0.002,,,
ab-cam-3L-on,80.4,2026-10-06T11:03:01.696,ab-sub-lo,LOW,video,1321476045,320,180,19,2503370,0,0.002,1,0.245,
ab-cam-3L-on,82.5,2026-10-06T11:03:03.735,ab-sub-hi,HIGH,audio,479058104,,,,963762,0,0.009,,,
ab-cam-3L-on,82.5,2026-10-06T11:03:03.735,ab-sub-hi,HIGH,video,1964352153,1280,720,31,21688423,0,0.007,2,0.41,
ab-cam-3L-on,82.5,2026-10-06T11:03:03.735,ab-sub-lo,LOW,audio,822825281,,,,951594,0,0.009,,,
ab-cam-3L-on,82.5,2026-10-06T11:03:03.735,ab-sub-lo,LOW,video,1321476045,320,180,19,2540158,0,0.004,1,0.245,
ab-cam-3L-on,84.5,2026-10-06T11:03:05.770,ab-sub-hi,HIGH,audio,479058104,,,,966450,0,0.004,,,
ab-cam-3L-on,84.5,2026-10-06T11:03:05.770,ab-sub-hi,HIGH,video,1964352153,1280,720,30,22117633,0,0.004,2,0.41,
ab-cam-3L-on,84.5,2026-10-06T11:03:05.770,ab-sub-lo,LOW,audio,822825281,,,,954282,0,0.004,,,
ab-cam-3L-on,84.5,2026-10-06T11:03:05.770,ab-sub-lo,LOW,video,1321476045,320,180,20,2580572,0,0.001,1,0.245,
ab-cam-3L-on,86.5,2026-10-06T11:03:07.791,ab-sub-hi,HIGH,audio,479058104,,,,966943,0,0.004,,,
ab-cam-3L-on,86.5,2026-10-06T11:03:07.791,ab-sub-hi,HIGH,video,1964352153,1280,720,31,22526785,0,0.004,2,0.41,
ab-cam-3L-on,86.5,2026-10-06T11:03:07.791,ab-sub-lo,LOW,audio,822825281,,,,954775,0,0.004,,,
ab-cam-3L-on,86.5,2026-10-06T11:03:07.791,ab-sub-lo,LOW,video,1321476045,320,180,20,2617225,0,0.002,1,0.245,
ab-cam-3L-on,88.6,2026-10-06T11:03:09.829,ab-sub-hi,HIGH,audio,479058104,,,,971906,0,0.002,,,
ab-cam-3L-on,88.6,2026-10-06T11:03:09.829,ab-sub-hi,HIGH,video,1964352153,1280,720,30,22969709,0,0.006,2,0.41,
ab-cam-3L-on,88.6,2026-10-06T11:03:09.829,ab-sub-lo,LOW,audio,822825281,,,,959738,0,0.002,,,
ab-cam-3L-on,88.6,2026-10-06T11:03:09.829,ab-sub-lo,LOW,video,1321476045,320,180,19,2656216,0,0.006,1,0.245,
ab-cam-3L-on,90.6,2026-10-06T11:03:11.867,ab-sub-hi,HIGH,audio,479058104,,,,975942,0,0.004,,,
ab-cam-3L-on,90.6,2026-10-06T11:03:11.867,ab-sub-hi,HIGH,video,1964352153,1280,720,30,23383989,0,0.006,2,0.41,
ab-cam-3L-on,90.6,2026-10-06T11:03:11.867,ab-sub-lo,LOW,audio,822825281,,,,963774,0,0.005,,,
ab-cam-3L-on,90.6,2026-10-06T11:03:11.867,ab-sub-lo,LOW,video,1321476045,320,180,20,2692799,0,0.003,1,0.245,
ab-cam-3L-on,92.6,2026-10-06T11:03:13.899,ab-sub-hi,HIGH,audio,479058104,,,,978056,0,0.003,,,
ab-cam-3L-on,92.6,2026-10-06T11:03:13.899,ab-sub-hi,HIGH,video,1964352153,1280,720,30,23803517,0,0.004,2,0.41,
ab-cam-3L-on,92.6,2026-10-06T11:03:13.899,ab-sub-lo,LOW,audio,822825281,,,,965888,0,0.003,,,
ab-cam-3L-on,92.6,2026-10-06T11:03:13.899,ab-sub-lo,LOW,video,1321476045,320,180,20,2726439,0,0.001,1,0.245,
ab-cam-3L-on,94.7,2026-10-06T11:03:15.935,ab-sub-hi,HIGH,audio,479058104,,,,981197,0,0.002,,,
ab-cam-3L-on,94.7,2026-10-06T11:03:15.935,ab-sub-hi,HIGH,video,1964352153,1280,720,30,24240843,0,0.005,2,0.41,
ab-cam-3L-on,94.7,2026-10-06T11:03:15.935,ab-sub-lo,LOW,audio,822825281,,,,969031,0,0.002,,,
ab-cam-3L-on,94.7,2026-10-06T11:03:15.935,ab-sub-lo,LOW,video,1321476045,320,180,21,2767699,0,0.001,1,0.245,
ab-cam-3L-on,96.7,2026-10-06T11:03:17.982,ab-sub-hi,HIGH,audio,479058104,,,,981605,0,0.002,,,
ab-cam-3L-on,96.7,2026-10-06T11:03:17.982,ab-sub-hi,HIGH,video,1964352153,1280,720,30,24663301,0,0.007,2,0.41,
ab-cam-3L-on,96.7,2026-10-06T11:03:17.982,ab-sub-lo,LOW,audio,822825281,,,,969437,0,0.002,,,
ab-cam-3L-on,96.7,2026-10-06T11:03:17.982,ab-sub-lo,LOW,video,1321476045,320,180,19,2805184,0,0.004,1,0.245,
ab-cam-3L-on,98.7,2026-10-06T11:03:20.012,ab-sub-hi,HIGH,audio,479058104,,,,982121,0,0.002,,,
ab-cam-3L-on,98.7,2026-10-06T11:03:20.012,ab-sub-hi,HIGH,video,1964352153,1280,720,30,25095950,0,0.005,2,0.41,
ab-cam-3L-on,98.7,2026-10-06T11:03:20.012,ab-sub-lo,LOW,audio,822825281,,,,969953,0,0.002,,,
ab-cam-3L-on,98.7,2026-10-06T11:03:20.012,ab-sub-lo,LOW,video,1321476045,320,180,20,2841136,0,0.002,1,0.245,
ab-cam-3L-on,100.8,2026-10-06T11:03:22.045,ab-sub-hi,HIGH,audio,479058104,,,,991167,0,0.004,,,
ab-cam-3L-on,100.8,2026-10-06T11:03:22.045,ab-sub-hi,HIGH,video,1964352153,1280,720,27,25511169,0,0.009,2,0.41,
ab-cam-3L-on,100.8,2026-10-06T11:03:22.045,ab-sub-lo,LOW,audio,822825281,,,,979239,0,0.004,,,
ab-cam-3L-on,100.8,2026-10-06T11:03:22.045,ab-sub-lo,LOW,video,1321476045,320,180,20,2878061,0,0.004,1,0.245,
ab-cam-3L-on,102.8,2026-10-06T11:03:24.065,ab-sub-hi,HIGH,audio,479058104,,,,1009409,0,0.001,,,
ab-cam-3L-on,102.8,2026-10-06T11:03:24.065,ab-sub-hi,HIGH,video,1964352153,1280,720,29,25933555,0,0.005,2,0.41,
ab-cam-3L-on,102.8,2026-10-06T11:03:24.065,ab-sub-lo,LOW,audio,822825281,,,,997241,0,0.001,,,
ab-cam-3L-on,102.8,2026-10-06T11:03:24.065,ab-sub-lo,LOW,video,1321476045,320,180,20,2918498,0,0.001,1,0.245,
ab-cam-3L-on,104.8,2026-10-06T11:03:26.083,ab-sub-hi,HIGH,audio,479058104,,,,1022917,0,0.003,,,
ab-cam-3L-on,104.8,2026-10-06T11:03:26.083,ab-sub-hi,HIGH,video,1964352153,1280,720,30,26360180,0,0.007,2,0.41,
ab-cam-3L-on,104.8,2026-10-06T11:03:26.083,ab-sub-lo,LOW,audio,822825281,,,,1010749,0,0.003,,,
ab-cam-3L-on,104.8,2026-10-06T11:03:26.083,ab-sub-lo,LOW,video,1321476045,320,180,20,2952688,0,0.002,1,0.245,
ab-cam-3L-on,106.8,2026-10-06T11:03:28.106,ab-sub-hi,HIGH,audio,479058104,,,,1023544,0,0.005,,,
ab-cam-3L-on,106.8,2026-10-06T11:03:28.106,ab-sub-hi,HIGH,video,1964352153,1280,720,26,26755965,0,0.012,2,0.41,
ab-cam-3L-on,106.8,2026-10-06T11:03:28.106,ab-sub-lo,LOW,audio,822825281,,,,1011376,0,0.005,,,
ab-cam-3L-on,106.8,2026-10-06T11:03:28.106,ab-sub-lo,LOW,video,1321476045,320,180,20,2989984,0,0.006,1,0.245,
ab-cam-3L-on,108.9,2026-10-06T11:03:30.145,ab-sub-hi,HIGH,audio,479058104,,,,1024158,0,0.005,,,
ab-cam-3L-on,108.9,2026-10-06T11:03:30.145,ab-sub-hi,HIGH,video,1964352153,1280,720,30,27197677,0,0.008,2,0.41,
ab-cam-3L-on,108.9,2026-10-06T11:03:30.145,ab-sub-lo,LOW,audio,822825281,,,,1011990,0,0.005,,,
ab-cam-3L-on,108.9,2026-10-06T11:03:30.145,ab-sub-lo,LOW,video,1321476045,320,180,20,3030115,0,0.006,1,0.245,
ab-cam-3L-on,111,2026-10-06T11:03:32.219,ab-sub-hi,HIGH,audio,479058104,,,,1027246,0,0.003,,,
ab-cam-3L-on,111,2026-10-06T11:03:32.219,ab-sub-hi,HIGH,video,1964352153,1280,720,29,27634375,0,0.008,2,0.41,
ab-cam-3L-on,111,2026-10-06T11:03:32.219,ab-sub-lo,LOW,audio,822825281,,,,1015078,0,0.003,,,
ab-cam-3L-on,111,2026-10-06T11:03:32.219,ab-sub-lo,LOW,video,1321476045,320,180,20,3069998,0,0.003,1,0.245,
ab-cam-3L-on,113,2026-10-06T11:03:34.255,ab-sub-hi,HIGH,audio,479058104,,,,1027866,0,0.002,,,
ab-cam-3L-on,113,2026-10-06T11:03:34.255,ab-sub-hi,HIGH,video,1964352153,1280,720,30,28062083,0,0.006,2,0.41,
ab-cam-3L-on,113,2026-10-06T11:03:34.255,ab-sub-lo,LOW,audio,822825281,,,,1015698,0,0.002,,,
ab-cam-3L-on,113,2026-10-06T11:03:34.255,ab-sub-lo,LOW,video,1321476045,320,180,20,3107517,0,0.003,1,0.245,
ab-cam-3L-on,115,2026-10-06T11:03:36.307,ab-sub-hi,HIGH,audio,479058104,,,,1028486,0,0.002,,,
ab-cam-3L-on,115,2026-10-06T11:03:36.307,ab-sub-hi,HIGH,video,1964352153,1280,720,30,28502163,0,0.004,2,0.41,
ab-cam-3L-on,115,2026-10-06T11:03:36.307,ab-sub-lo,LOW,audio,822825281,,,,1016318,0,0.002,,,
ab-cam-3L-on,115,2026-10-06T11:03:36.307,ab-sub-lo,LOW,video,1321476045,320,180,20,3143467,0,0.003,1,0.245,
ab-cam-3L-on,117.1,2026-10-06T11:03:38.328,ab-sub-hi,HIGH,audio,479058104,,,,1029107,0,0.004,,,
ab-cam-3L-on,117.1,2026-10-06T11:03:38.328,ab-sub-hi,HIGH,video,1964352153,1280,720,30,28916784,0,0.004,2,0.41,
ab-cam-3L-on,117.1,2026-10-06T11:03:38.328,ab-sub-lo,LOW,audio,822825281,,,,1016939,0,0.003,,,
ab-cam-3L-on,117.1,2026-10-06T11:03:38.328,ab-sub-lo,LOW,video,1321476045,320,180,20,3181269,0,0.002,1,0.245,
ab-cam-3L-on,119.1,2026-10-06T11:03:40.360,ab-sub-hi,HIGH,audio,479058104,,,,1029721,0,0.003,,,
ab-cam-3L-on,119.1,2026-10-06T11:03:40.360,ab-sub-hi,HIGH,video,1964352153,1280,720,30,29352782,0,0.005,2,0.41,
ab-cam-3L-on,119.1,2026-10-06T11:03:40.360,ab-sub-lo,LOW,audio,822825281,,,,1017553,0,0.003,,,
ab-cam-3L-on,119.1,2026-10-06T11:03:40.360,ab-sub-lo,LOW,video,1321476045,320,180,20,3220478,0,0.002,1,0.245,
ab-cam-3L-on,121.1,2026-10-06T11:03:42.393,ab-sub-hi,HIGH,audio,479058104,,,,1030331,0,0.003,,,
ab-cam-3L-on,121.1,2026-10-06T11:03:42.393,ab-sub-hi,HIGH,video,1964352153,1280,720,26,29754040,0,0.011,2,0.41,
ab-cam-3L-on,121.1,2026-10-06T11:03:42.393,ab-sub-lo,LOW,audio,822825281,,,,1018163,0,0.003,,,
ab-cam-3L-on,121.1,2026-10-06T11:03:42.393,ab-sub-lo,LOW,video,1321476045,320,180,20,3258163,0,0.011,1,0.245,
