ts_paris,marker,n_procs,cpu_pct_machine,cpu_pct_one_core,total_cpu_pct,gpu_videoencode_pct,nvenc_util_pct
2026-10-06T03:07:09.528,s1ab-pub-ab-file-3L-off-h264-20261006T010706,7,,,69,0,0
2026-10-06T03:07:09.528,s1ab-sub-ab-file-3L-off-h264-20261006T010706,0,,,69,0,0
2026-10-06T03:07:12.869,s1ab-pub-ab-file-3L-off-h264-20261006T010706,7,16.6,133.1,100,0,0
2026-10-06T03:07:12.869,s1ab-sub-ab-file-3L-off-h264-20261006T010706,0,0,0,100,0,0
2026-10-06T03:07:15.911,s1ab-pub-ab-file-3L-off-h264-20261006T010706,7,10,79.6,23,0,0
2026-10-06T03:07:15.911,s1ab-sub-ab-file-3L-off-h264-20261006T010706,0,0,0,23,0,0
2026-10-06T03:07:18.786,s1ab-pub-ab-file-3L-off-h264-20261006T010706,7,9.6,76.4,97,0,0
2026-10-06T03:07:18.786,s1ab-sub-ab-file-3L-off-h264-20261006T010706,0,0,0,97,0,0
2026-10-06T03:07:21.638,s1ab-pub-ab-file-3L-off-h264-20261006T010706,7,8,63.6,44,0,0
2026-10-06T03:07:21.638,s1ab-sub-ab-file-3L-off-h264-20261006T010706,0,0,0,44,0,0
2026-10-06T03:07:24.650,s1ab-pub-ab-file-3L-off-h264-20261006T010706,10,15.4,122.9,42,0,0
2026-10-06T03:07:24.650,s1ab-sub-ab-file-3L-off-h264-20261006T010706,11,42.3,338.5,42,0,0
2026-10-06T03:07:27.581,s1ab-pub-ab-file-3L-off-h264-20261006T010706,10,8.2,65.2,34,0,0
2026-10-06T03:07:27.581,s1ab-sub-ab-file-3L-off-h264-20261006T010706,11,3.1,24.8,34,0,0
2026-10-06T03:07:30.713,s1ab-pub-ab-file-3L-off-h264-20261006T010706,10,8.8,70.6,34,0,0
2026-10-06T03:07:30.713,s1ab-sub-ab-file-3L-off-h264-20261006T010706,11,2.2,17.9,34,0,0
2026-10-06T03:07:33.629,s1ab-pub-ab-file-3L-off-h264-20261006T010706,10,9.2,74,24,0,0
2026-10-06T03:07:33.629,s1ab-sub-ab-file-3L-off-h264-20261006T010706,11,1.9,15,24,0,0
2026-10-06T03:07:36.542,s1ab-pub-ab-file-3L-off-h264-20261006T010706,10,8.6,68.9,45,0,0
2026-10-06T03:07:36.542,s1ab-sub-ab-file-3L-off-h264-20261006T010706,11,2.7,21.9,45,0,0
2026-10-06T03:07:39.809,s1ab-pub-ab-file-3L-off-h264-20261006T010706,10,11,88.1,33,0,0
2026-10-06T03:07:39.809,s1ab-sub-ab-file-3L-off-h264-20261006T010706,11,2.5,19.8,33,0,0
2026-10-06T03:07:42.730,s1ab-pub-ab-file-3L-off-h264-20261006T010706,10,9.3,74.6,41,0,0
2026-10-06T03:07:42.730,s1ab-sub-ab-file-3L-off-h264-20261006T010706,11,2.5,19.7,41,0,0
2026-10-06T03:07:45.704,s1ab-pub-ab-file-3L-off-h264-20261006T010706,10,10,79.8,25,0,0
2026-10-06T03:07:45.704,s1ab-sub-ab-file-3L-off-h264-20261006T010706,11,1.8,14.3,25,0,0
2026-10-06T03:07:48.599,s1ab-pub-ab-file-3L-off-h264-20261006T010706,10,8,63.7,41,0,0
2026-10-06T03:07:48.599,s1ab-sub-ab-file-3L-off-h264-20261006T010706,11,2.1,16.5,41,0,0
2026-10-06T03:07:51.516,s1ab-pub-ab-file-3L-off-h264-20261006T010706,10,8.8,70.7,22,0,0
2026-10-06T03:07:51.516,s1ab-sub-ab-file-3L-off-h264-20261006T010706,11,1.6,12.4,22,0,0
2026-10-06T03:07:54.610,s1ab-pub-ab-file-3L-off-h264-20261006T010706,9,7.8,62.4,26,0,0
2026-10-06T03:07:54.610,s1ab-sub-ab-file-3L-off-h264-20261006T010706,10,2.3,18.6,26,0,0
2026-10-06T03:07:57.509,s1ab-pub-ab-file-3L-off-h264-20261006T010706,9,9.6,76.4,39,0,0
2026-10-06T03:07:57.509,s1ab-sub-ab-file-3L-off-h264-20261006T010706,10,2.3,18.4,39,0,0
2026-10-06T03:08:00.467,s1ab-pub-ab-file-3L-off-h264-20261006T010706,9,9.9,79.4,47,0,0
2026-10-06T03:08:00.467,s1ab-sub-ab-file-3L-off-h264-20261006T010706,10,1.4,11.6,47,0,0
2026-10-06T03:08:03.449,s1ab-pub-ab-file-3L-off-h264-20261006T010706,9,12.4,99.2,36,0,0
2026-10-06T03:08:03.449,s1ab-sub-ab-file-3L-off-h264-20261006T010706,10,2,15.8,36,0,0
2026-10-06T03:08:06.370,s1ab-pub-ab-file-3L-off-h264-20261006T010706,9,13.7,109.6,79,0,0
2026-10-06T03:08:06.370,s1ab-sub-ab-file-3L-off-h264-20261006T010706,10,2.4,18.8,79,0,0
2026-10-06T03:08:09.505,s1ab-pub-ab-file-3L-off-h264-20261006T010706,10,18.4,147.5,38,0,0
2026-10-06T03:08:09.505,s1ab-sub-ab-file-3L-off-h264-20261006T010706,10,3.9,31.1,38,0,0
2026-10-06T03:08:12.786,s1ab-pub-ab-file-3L-off-h264-20261006T010706,10,16.2,129.9,77,0,0
2026-10-06T03:08:12.786,s1ab-sub-ab-file-3L-off-h264-20261006T010706,10,13.1,105.1,77,0,0
2026-10-06T03:08:15.854,s1ab-pub-ab-file-3L-off-h264-20261006T010706,10,15.5,124.1,52,0,0
2026-10-06T03:08:15.854,s1ab-sub-ab-file-3L-off-h264-20261006T010706,10,9.1,73,52,0,0
2026-10-06T03:08:18.996,s1ab-pub-ab-file-3L-off-h264-20261006T010706,10,16.2,129.2,76,0,0
2026-10-06T03:08:18.996,s1ab-sub-ab-file-3L-off-h264-20261006T010706,10,9.2,73.5,76,0,0
2026-10-06T03:08:22.153,s1ab-pub-ab-file-3L-off-h264-20261006T010706,10,13.3,106.7,49,0,0
2026-10-06T03:08:22.153,s1ab-sub-ab-file-3L-off-h264-20261006T010706,10,3.1,24.5,49,0,0
2026-10-06T03:08:25.474,s1ab-pub-ab-file-3L-off-h264-20261006T010706,10,13.7,109.7,52,0,0
2026-10-06T03:08:25.474,s1ab-sub-ab-file-3L-off-h264-20261006T010706,11,4.1,32.5,52,0,0
2026-10-06T03:08:28.615,s1ab-pub-ab-file-3L-off-h264-20261006T010706,10,16.8,134.8,86,0,0
2026-10-06T03:08:28.615,s1ab-sub-ab-file-3L-off-h264-20261006T010706,11,4.5,35.8,86,0,0
2026-10-06T03:08:31.740,s1ab-pub-ab-file-3L-off-h264-20261006T010706,10,16.2,129.2,61,0,0
2026-10-06T03:08:31.740,s1ab-sub-ab-file-3L-off-h264-20261006T010706,11,3.8,30,61,0,0
2026-10-06T03:08:35.035,s1ab-pub-ab-file-3L-off-h264-20261006T010706,10,14.6,116.6,51,0,0
2026-10-06T03:08:35.035,s1ab-sub-ab-file-3L-off-h264-20261006T010706,11,4,32.3,51,0,0
2026-10-06T03:08:38.184,s1ab-pub-ab-file-3L-off-h264-20261006T010706,10,14.6,117,39,0,0
2026-10-06T03:08:38.184,s1ab-sub-ab-file-3L-off-h264-20261006T010706,11,3.9,31.1,39,0,0
2026-10-06T03:08:41.612,s1ab-pub-ab-file-3L-off-h264-20261006T010706,10,15.2,121.8,84,0,0
2026-10-06T03:08:41.612,s1ab-sub-ab-file-3L-off-h264-20261006T010706,11,4.1,32.6,84,0,0
2026-10-06T03:08:44.619,s1ab-pub-ab-file-3L-off-h264-20261006T010706,10,12.8,102.3,66,0,0
2026-10-06T03:08:44.619,s1ab-sub-ab-file-3L-off-h264-20261006T010706,11,3.9,31.2,66,0,0
2026-10-06T03:08:47.707,s1ab-pub-ab-file-3L-off-h264-20261006T010706,10,8.9,71.2,45,0,0
2026-10-06T03:08:47.707,s1ab-sub-ab-file-3L-off-h264-20261006T010706,11,2.6,20.6,45,0,0
2026-10-06T03:08:50.620,s1ab-pub-ab-file-3L-off-h264-20261006T010706,10,6.8,54.3,43,0,0
2026-10-06T03:08:50.620,s1ab-sub-ab-file-3L-off-h264-20261006T010706,11,3,24,43,0,0
2026-10-06T03:08:53.539,s1ab-pub-ab-file-3L-off-h264-20261006T010706,10,8.8,70.2,41,0,0
2026-10-06T03:08:53.539,s1ab-sub-ab-file-3L-off-h264-20261006T010706,11,1.7,13.5,41,0,0
2026-10-06T03:08:56.678,s1ab-pub-ab-file-3L-off-h264-20261006T010706,10,7.2,57.3,35,0,0
2026-10-06T03:08:56.678,s1ab-sub-ab-file-3L-off-h264-20261006T010706,11,2,15.9,35,0,0
2026-10-06T03:08:59.607,s1ab-pub-ab-file-3L-off-h264-20261006T010706,10,8.8,70.3,41,0,0
2026-10-06T03:08:59.607,s1ab-sub-ab-file-3L-off-h264-20261006T010706,11,1.9,14.9,41,0,0
2026-10-06T03:09:02.686,s1ab-pub-ab-file-3L-off-h264-20261006T010706,10,13.4,107.4,33,0,0
2026-10-06T03:09:02.686,s1ab-sub-ab-file-3L-off-h264-20261006T010706,11,2.6,21,33,0,0
2026-10-06T03:09:05.707,s1ab-pub-ab-file-3L-off-h264-20261006T010706,10,11.9,95.1,61,0,0
2026-10-06T03:09:05.707,s1ab-sub-ab-file-3L-off-h264-20261006T010706,11,2,15.7,61,0,0
2026-10-06T03:09:08.654,s1ab-pub-ab-file-3L-off-h264-20261006T010706,10,14.1,112.7,72,0,0
2026-10-06T03:09:08.654,s1ab-sub-ab-file-3L-off-h264-20261006T010706,11,1.8,14.8,72,0,0
2026-10-06T03:09:12.087,s1ab-pub-ab-file-3L-off-h264-20261006T010706,10,13.1,105.1,39,0,0
2026-10-06T03:09:12.087,s1ab-sub-ab-file-3L-off-h264-20261006T010706,11,2.6,21.2,39,0,0
2026-10-06T03:09:15.218,s1ab-pub-ab-file-3L-off-h264-20261006T010706,10,13.6,109.1,64,0,0
2026-10-06T03:09:15.218,s1ab-sub-ab-file-3L-off-h264-20261006T010706,11,3.8,30.2,64,0,0
2026-10-06T03:09:18.290,s1ab-pub-ab-file-3L-off-h264-20261006T010706,10,14.1,112.6,36,0,0
2026-10-06T03:09:18.290,s1ab-sub-ab-file-3L-off-h264-20261006T010706,11,2.3,18.2,36,0,0
2026-10-06T03:09:21.358,s1ab-pub-ab-file-3L-off-h264-20261006T010706,10,14.5,115.9,53,0,0
2026-10-06T03:09:21.358,s1ab-sub-ab-file-3L-off-h264-20261006T010706,11,3,24.3,53,0,0
2026-10-06T03:09:24.450,s1ab-pub-ab-file-3L-off-h264-20261006T010706,10,15.1,120.9,42,0,0
2026-10-06T03:09:24.450,s1ab-sub-ab-file-3L-off-h264-20261006T010706,11,4.4,35.3,42,0,0
2026-10-06T03:09:27.873,s1ab-pub-ab-file-3L-off-h264-20261006T010706,10,14.6,116.8,54,0,0
2026-10-06T03:09:27.873,s1ab-sub-ab-file-3L-off-h264-20261006T010706,11,5.2,41.2,54,0,0
2026-10-06T03:09:31.051,s1ab-pub-ab-file-3L-off-h264-20261006T010706,10,12.2,97.9,37,0,0
2026-10-06T03:09:31.051,s1ab-sub-ab-file-3L-off-h264-20261006T010706,11,3.8,30.7,37,0,0
2026-10-06T03:09:33.968,s1ab-pub-ab-file-3L-off-h264-20261006T010706,10,7.6,61,24,0,0
2026-10-06T03:09:33.968,s1ab-sub-ab-file-3L-off-h264-20261006T010706,11,1.6,13.2,24,0,0
2026-10-06T03:09:36.888,s1ab-pub-ab-file-3L-off-h264-20261006T010706,10,8,63.7,34,0,0
2026-10-06T03:09:36.888,s1ab-sub-ab-file-3L-off-h264-20261006T010706,11,2.4,18.9,34,0,0
2026-10-06T03:09:40.002,s1ab-pub-ab-file-3L-off-h264-20261006T010706,10,8.6,68.4,33,0,0
2026-10-06T03:09:40.002,s1ab-sub-ab-file-3L-off-h264-20261006T010706,11,5.1,41.1,33,0,0
