t_rel_s,at_paris,src_fps,src_fps_frames,aob_kbps,f_res,f_fps,f_enc_fps,f_qlr,f_target_kbps,f_kbps,h_res,h_fps,h_enc_fps,h_qlr,h_target_kbps,h_kbps,q_res,q_fps,q_enc_fps,q_qlr,q_target_kbps,q_kbps
1.0,2026-10-06T17:21:51.307,31.0,,4021.6,1280x720,30.0,,none,1691.8,,640x360,20.0,,none,450.0,,320x180,21.0,,none,150.0,
2.0,2026-10-06T17:21:52.296,30.0,29.3,4021.6,1280x720,29.0,29.0,none,1700.0,1659.0,640x360,20.0,20.0,none,450.0,429.1,320x180,21.0,20.0,none,150.0,142.4
3.0,2026-10-06T17:21:53.299,30.0,30.0,4021.6,1280x720,27.0,28.0,none,1700.0,1548.7,640x360,20.0,20.0,none,450.0,425.7,320x180,21.0,20.0,none,150.0,138.1
4.0,2026-10-06T17:21:54.308,30.0,30.1,4021.6,1280x720,30.0,31.0,none,1700.0,1725.8,640x360,20.0,20.0,none,450.0,447.3,320x180,20.0,20.0,none,150.0,147.8
5.0,2026-10-06T17:21:55.320,30.0,29.2,4021.6,1280x720,25.0,25.0,none,1700.0,1527.6,640x360,18.0,18.0,none,450.0,471.6,320x180,18.0,18.0,none,150.0,163.1
6.0,2026-10-06T17:21:56.306,30.0,30.5,4021.6,1280x720,29.0,29.0,none,1700.0,1611.8,640x360,21.0,20.0,none,450.0,440.2,320x180,20.0,20.0,none,146.5,149.5
7.0,2026-10-06T17:21:57.293,30.0,30.3,4021.6,1280x720,30.0,30.0,none,1700.0,1659.2,640x360,20.0,20.0,none,445.1,453.0,320x180,20.0,20.0,none,145.3,149.4
8.0,2026-10-06T17:21:58.296,30.0,29.7,4021.6,1280x720,30.0,30.0,none,1700.0,1708.2,640x360,20.0,20.0,none,450.0,432.0,320x180,20.0,20.0,none,150.0,135.7
9.0,2026-10-06T17:21:59.304,30.0,29.8,4021.6,1280x720,30.0,30.0,none,1696.0,1713.9,640x360,20.0,20.0,none,450.0,459.9,320x180,20.0,20.0,none,150.0,158.1
10.0,2026-10-06T17:22:00.295,28.0,28.3,4021.6,1280x720,28.0,28.0,none,1700.0,1559.4,640x360,20.0,20.0,none,450.0,439.5,320x180,20.0,20.0,none,150.0,134.9
11.0,2026-10-06T17:22:01.303,30.0,29.8,4021.6,1280x720,30.0,30.0,none,1700.0,1792.5,640x360,20.0,20.0,none,442.2,480.8,320x180,20.0,20.0,none,147.1,168.1
12.0,2026-10-06T17:22:02.306,30.0,30.0,4021.6,1280x720,30.0,30.0,none,1700.0,1688.3,640x360,21.0,21.0,none,446.0,447.1,320x180,21.0,21.0,none,149.0,151.1
13.0,2026-10-06T17:22:03.297,30.0,29.9,4021.6,1280x720,29.0,29.0,none,1660.4,1737.8,640x360,20.0,20.0,none,446.5,428.1,320x180,20.0,20.0,none,149.9,135.2
14.0,2026-10-06T17:22:04.302,30.0,30.2,4021.6,1280x720,29.0,29.0,none,1700.0,1628.1,640x360,21.0,20.0,none,450.0,451.5,320x180,21.0,20.0,none,150.0,141.0
15.0,2026-10-06T17:22:05.299,30.0,30.2,4021.6,1280x720,30.0,30.0,none,1688.2,1734.8,640x360,20.0,20.0,none,450.0,461.5,320x180,20.0,20.0,none,150.0,158.7
16.0,2026-10-06T17:22:06.300,30.0,30.0,4021.6,1280x720,30.0,30.0,none,1692.3,1679.6,640x360,20.0,20.0,none,445.9,445.9,320x180,21.0,20.0,none,150.0,146.1
17.0,2026-10-06T17:22:07.302,30.0,30.0,4021.6,1280x720,30.0,30.0,none,1692.2,1682.0,640x360,20.0,20.0,none,449.0,448.7,320x180,20.0,20.0,none,146.4,157.2
18.0,2026-10-06T17:22:08.299,30.0,30.1,4021.6,1280x720,30.0,30.0,none,1700.0,1753.1,640x360,20.0,20.0,none,450.0,458.0,320x180,21.0,20.0,none,149.3,151.4
19.0,2026-10-06T17:22:09.306,30.0,29.8,4021.6,1280x720,30.0,30.0,none,1687.7,1666.7,640x360,20.0,20.0,none,450.0,438.6,320x180,20.0,20.0,none,150.0,144.2
20.0,2026-10-06T17:22:10.305,30.0,30.0,4021.6,1280x720,30.0,30.0,none,1700.0,1685.9,640x360,20.0,20.0,none,450.0,451.7,320x180,21.0,20.0,none,150.0,156.5
21.0,2026-10-06T17:22:11.305,30.0,30.0,4021.6,1280x720,30.0,30.0,none,1700.0,1671.3,640x360,20.0,20.0,none,450.0,437.2,320x180,20.0,20.0,none,150.0,144.8
22.0,2026-10-06T17:22:12.293,30.0,30.4,4021.6,1280x720,29.0,29.0,none,1700.0,1732.1,640x360,20.0,20.0,none,450.0,480.8,320x180,21.0,20.0,none,150.0,170.3
23.0,2026-10-06T17:22:13.294,30.0,30.0,4021.6,1280x720,30.0,31.0,none,1700.0,1644.9,640x360,20.0,20.0,none,450.0,422.4,320x180,20.0,20.0,none,147.8,128.5
24.0,2026-10-06T17:22:14.295,30.0,29.9,4021.6,1280x720,30.0,30.0,none,1682.5,1757.6,640x360,20.0,20.0,none,448.7,451.6,320x180,20.0,20.0,none,150.0,154.6
25.0,2026-10-06T17:22:15.294,30.0,30.1,4021.6,1280x720,30.0,30.0,none,1696.3,1690.7,640x360,20.0,20.0,none,450.0,458.9,320x180,20.0,20.0,none,150.0,154.4
26.0,2026-10-06T17:22:16.306,30.0,29.7,4021.6,1280x720,30.0,30.0,none,1700.0,1655.2,640x360,20.0,20.0,none,450.0,418.5,320x180,21.0,20.0,none,150.0,134.5
27.0,2026-10-06T17:22:17.307,31.0,30.8,4021.6,1280x720,29.0,29.0,none,1700.0,1637.4,640x360,20.0,20.0,none,450.0,459.1,320x180,20.0,20.0,none,150.0,153.5
28.0,2026-10-06T17:22:18.294,30.0,29.5,4021.6,1280x720,29.0,29.0,none,1700.0,1666.9,640x360,20.0,20.0,none,450.0,454.7,320x180,20.0,20.0,none,150.0,149.6
29.0,2026-10-06T17:22:19.296,30.0,29.8,4021.6,1280x720,30.0,31.0,none,1663.2,1779.0,640x360,20.0,20.0,none,430.4,466.8,320x180,20.0,20.0,none,139.5,171.0
30.0,2026-10-06T17:22:20.301,30.0,30.0,4021.6,1280x720,30.0,30.0,none,1692.3,1722.3,640x360,20.0,20.0,none,449.1,426.5,320x180,21.0,20.0,none,150.0,121.0
31.0,2026-10-06T17:22:21.294,28.0,28.5,4021.6,1280x720,24.0,26.0,none,1700.0,1430.7,640x360,18.0,19.0,none,450.0,421.4,320x180,18.0,19.0,none,150.0,138.3
32.0,2026-10-06T17:22:22.303,30.0,31.6,3330.9,1280x720,30.0,29.0,none,1687.3,1455.6,640x360,22.0,21.0,none,450.0,446.8,320x180,22.0,21.0,none,150.0,153.1
33.0,2026-10-06T17:22:23.304,30.0,29.9,3474.2,1280x720,29.0,29.0,none,1700.0,1394.7,640x360,20.0,20.0,none,450.0,444.7,320x180,20.0,20.0,none,150.0,150.6
34.0,2026-10-06T17:22:24.309,29.0,29.3,3524.6,1280x720,26.0,28.0,none,1700.0,1411.7,640x360,19.0,20.0,none,448.7,437.4,320x180,20.0,20.0,none,150.0,141.8
35.0,2026-10-06T17:22:25.304,30.0,30.7,3524.6,1280x720,29.0,29.0,none,1700.0,1532.4,640x360,20.0,20.0,none,442.9,446.5,320x180,21.0,20.0,none,145.1,150.7
36.0,2026-10-06T17:22:26.305,30.0,30.1,3608.7,1280x720,30.0,30.0,none,1700.0,1693.3,640x360,20.0,20.0,none,448.1,460.3,320x180,21.0,20.0,none,148.9,156.4
37.0,2026-10-06T17:22:27.307,30.0,30.4,3608.7,1280x720,29.0,30.0,none,1700.0,1672.5,640x360,19.0,20.0,none,450.0,414.8,320x180,19.0,20.0,none,150.0,125.1
38.0,2026-10-06T17:22:28.295,30.0,29.8,3702.1,1280x720,29.0,29.0,none,1700.0,1639.5,640x360,20.0,20.0,none,450.0,468.9,320x180,21.0,20.0,none,150.0,154.3
39.0,2026-10-06T17:22:29.298,30.0,29.9,3750.4,1280x720,30.0,31.0,none,1700.0,1775.9,640x360,20.0,20.0,none,450.0,475.2,320x180,20.0,20.0,none,150.0,164.6
40.0,2026-10-06T17:22:30.303,30.0,29.9,3765.2,1280x720,30.0,30.0,none,1689.1,1684.4,640x360,20.0,20.0,none,437.1,443.4,320x180,21.0,20.0,none,144.5,149.8
41.0,2026-10-06T17:22:31.306,31.0,30.9,3765.2,1280x720,30.0,30.0,none,1700.0,1707.1,640x360,20.0,20.0,none,450.0,417.8,320x180,20.0,20.0,none,150.0,132.2
42.0,2026-10-06T17:22:32.304,28.0,27.9,3765.2,1280x720,28.0,29.0,none,1700.0,1687.3,640x360,19.0,20.0,none,448.8,498.9,320x180,20.0,20.0,none,148.6,177.0
43.0,2026-10-06T17:22:33.296,30.0,31.5,3803.6,1280x720,30.0,30.0,none,1700.0,1633.3,640x360,21.0,20.0,none,450.0,406.3,320x180,20.0,20.0,none,150.0,122.5
44.0,2026-10-06T17:22:34.297,30.0,30.0,3803.6,1280x720,30.0,30.0,none,1700.0,1696.8,640x360,20.0,20.0,none,440.0,468.6,320x180,21.0,20.0,none,147.4,157.8
45.0,2026-10-06T17:22:35.300,30.0,29.9,3803.6,1280x720,30.0,30.0,none,1700.0,1756.7,640x360,20.0,20.0,none,450.0,441.2,320x180,20.0,20.0,none,150.0,147.0
46.0,2026-10-06T17:22:36.301,30.0,30.0,3803.6,1280x720,30.0,30.0,none,1687.4,1648.8,640x360,20.0,20.0,none,450.0,436.8,320x180,21.0,20.0,none,149.8,145.3
47.0,2026-10-06T17:22:37.302,30.0,29.9,3803.6,1280x720,30.0,30.0,none,1700.0,1700.3,640x360,20.0,20.0,none,450.0,447.9,320x180,20.0,20.0,none,150.0,146.8
48.0,2026-10-06T17:22:38.292,30.0,30.3,3803.6,1280x720,30.0,30.0,none,1700.0,1712.5,640x360,20.0,20.0,none,450.0,476.5,320x180,21.0,20.0,none,150.0,162.9
49.0,2026-10-06T17:22:39.295,30.0,29.8,3834.5,1280x720,31.0,30.0,none,1700.0,1722.9,640x360,20.0,20.0,none,448.1,431.5,320x180,20.0,20.0,none,149.3,139.9
50.0,2026-10-06T17:22:40.303,30.0,29.8,3834.5,1280x720,30.0,30.0,none,1694.6,1694.8,640x360,20.0,20.0,none,447.8,471.8,320x180,21.0,20.0,none,149.2,168.7
51.0,2026-10-06T17:22:41.302,30.0,30.0,3834.5,1280x720,30.0,30.0,none,1700.0,1705.6,640x360,20.0,20.0,none,447.8,435.0,320x180,20.0,20.0,none,147.1,139.8
52.0,2026-10-06T17:22:42.303,30.0,30.0,3834.5,1280x720,30.0,30.0,none,1700.0,1672.0,640x360,20.0,20.0,none,450.0,448.2,320x180,21.0,20.0,none,150.0,144.9
53.0,2026-10-06T17:22:43.304,30.0,29.9,3834.5,1280x720,30.0,30.0,none,1700.0,1690.4,640x360,20.0,20.0,none,450.0,443.7,320x180,20.0,20.0,none,150.0,150.6
54.0,2026-10-06T17:22:44.304,30.0,30.0,3834.5,1280x720,30.0,30.0,none,1700.0,1646.9,640x360,20.0,20.0,none,450.0,430.7,320x180,21.0,20.0,none,150.0,141.6
55.0,2026-10-06T17:22:45.293,30.0,30.2,3834.5,1280x720,30.0,30.0,none,1700.0,1795.5,640x360,20.0,20.0,none,450.0,462.0,320x180,20.0,20.0,none,150.0,153.4
56.0,2026-10-06T17:22:46.294,30.0,30.1,3870.6,1280x720,31.0,30.0,none,1700.0,1639.7,640x360,20.0,20.0,none,450.0,443.5,320x180,21.0,20.0,none,150.0,147.3
57.0,2026-10-06T17:22:47.307,31.0,30.5,3870.6,1280x720,30.0,30.0,none,1700.0,1675.2,640x360,20.0,20.0,none,450.0,441.5,320x180,20.0,20.0,none,150.0,139.3
58.0,2026-10-06T17:22:48.295,30.0,29.4,3870.6,1280x720,30.0,30.0,none,1700.0,1699.5,640x360,20.0,20.0,none,450.0,466.4,320x180,21.0,20.0,none,150.0,160.4
59.0,2026-10-06T17:22:49.295,30.0,30.0,3870.6,1280x720,30.0,30.0,none,1686.3,1850.5,640x360,20.0,20.0,none,447.9,483.0,320x180,20.0,20.0,none,149.2,176.0
60.0,2026-10-06T17:22:50.296,30.0,30.0,3890.9,1280x720,30.0,30.0,none,1664.0,1617.4,640x360,20.0,20.0,none,442.9,422.6,320x180,21.0,20.0,none,144.5,135.3
61.0,2026-10-06T17:22:51.293,30.0,30.1,3890.9,1280x720,30.0,30.0,none,1698.9,1636.7,640x360,20.0,20.0,none,450.0,419.5,320x180,20.0,20.0,none,150.0,127.5
62.0,2026-10-06T17:22:52.294,30.0,29.9,3890.9,1280x720,30.0,30.0,none,1700.0,1731.2,640x360,20.0,20.0,none,450.0,481.3,320x180,20.0,20.0,none,150.0,166.9
63.0,2026-10-06T17:22:53.293,30.0,30.1,3890.9,1280x720,30.0,30.0,none,1700.0,1681.6,640x360,20.0,20.0,none,450.0,403.1,320x180,20.0,20.0,none,150.0,127.1
64.0,2026-10-06T17:22:54.307,30.0,29.6,3890.9,1280x720,30.0,30.0,none,1700.0,1678.0,640x360,20.0,20.0,none,450.0,462.0,320x180,20.0,20.0,none,150.0,156.2
65.0,2026-10-06T17:22:55.298,28.0,28.2,3890.9,1280x720,27.0,27.0,none,1700.0,1509.7,640x360,19.0,19.0,none,450.0,421.8,320x180,19.0,19.0,none,150.0,135.6
66.0,2026-10-06T17:22:56.299,31.0,31.0,3905.2,1280x720,31.0,31.0,none,1700.0,1948.0,640x360,21.0,21.0,none,440.6,499.8,320x180,21.0,21.0,none,146.8,176.5
67.0,2026-10-06T17:22:57.299,29.0,29.0,3929.5,1280x720,30.0,30.0,none,1700.0,1719.4,640x360,20.0,20.0,none,448.9,436.5,320x180,20.0,20.0,none,148.8,147.3
68.0,2026-10-06T17:22:58.297,30.0,30.0,3929.5,1280x720,30.0,30.0,none,1661.5,1715.3,640x360,20.0,20.0,none,450.0,434.4,320x180,20.0,20.0,none,150.0,138.4
69.0,2026-10-06T17:22:59.302,29.0,30.0,3929.5,1280x720,30.0,30.0,none,1684.3,1689.6,640x360,20.0,20.0,none,450.0,451.5,320x180,20.0,20.0,none,150.0,150.4
70.0,2026-10-06T17:23:00.300,31.0,31.0,3929.5,1280x720,30.0,30.0,none,1684.5,1748.8,640x360,20.0,20.0,none,450.0,457.9,320x180,20.0,20.0,none,150.0,150.1
71.0,2026-10-06T17:23:01.303,29.0,28.9,3929.5,1280x720,30.0,30.0,none,1691.7,1690.4,640x360,20.0,20.0,none,438.3,467.1,320x180,20.0,20.0,none,144.2,165.4
72.0,2026-10-06T17:23:02.303,31.0,31.0,3929.5,1280x720,30.0,30.0,none,1700.0,1689.1,640x360,20.0,20.0,none,448.7,430.0,320x180,21.0,21.0,none,149.0,145.0
73.0,2026-10-06T17:23:03.302,29.0,29.1,3929.5,1280x720,30.0,30.0,none,1700.0,1669.5,640x360,20.0,20.0,none,450.0,435.0,320x180,20.0,19.0,none,150.0,135.3
74.0,2026-10-06T17:23:04.300,31.0,31.0,3929.5,1280x720,30.0,30.0,none,1690.8,1748.9,640x360,20.0,20.0,none,443.1,461.9,320x180,21.0,21.0,none,146.9,163.8
75.0,2026-10-06T17:23:05.304,29.0,28.9,3929.5,1280x720,30.0,30.0,none,1691.5,1714.5,640x360,20.0,20.0,none,446.9,475.6,320x180,20.0,19.0,none,148.5,158.2
76.0,2026-10-06T17:23:06.303,31.0,31.0,3929.5,1280x720,30.0,30.0,none,1700.0,1701.4,640x360,20.0,20.0,none,446.9,438.1,320x180,21.0,21.0,none,147.6,149.1
77.0,2026-10-06T17:23:07.304,29.0,29.0,3929.5,1280x720,30.0,30.0,none,1700.0,1599.3,640x360,20.0,20.0,none,450.0,413.3,320x180,20.0,19.0,none,150.0,125.0
78.0,2026-10-06T17:23:08.308,31.0,30.9,3929.5,1280x720,30.0,30.0,none,1700.0,1777.0,640x360,21.0,21.0,none,450.0,462.4,320x180,21.0,21.0,none,150.0,151.1
79.0,2026-10-06T17:23:09.294,29.0,29.4,3929.5,1280x720,30.0,30.0,none,1697.2,1704.0,640x360,20.0,19.0,none,450.0,467.4,320x180,20.0,19.0,none,150.0,155.9
80.0,2026-10-06T17:23:10.308,31.0,30.6,3929.5,1280x720,30.0,30.0,none,1700.0,1639.8,640x360,21.0,21.0,none,450.0,427.8,320x180,21.0,21.0,none,150.0,137.7
81.0,2026-10-06T17:23:11.294,29.0,29.4,3929.5,1280x720,29.0,29.0,none,1689.2,1650.0,640x360,20.0,19.0,none,450.0,439.3,320x180,20.0,19.0,none,150.0,148.4
82.0,2026-10-06T17:23:12.308,31.0,30.4,3929.5,1280x720,30.0,31.0,none,1700.0,1818.2,640x360,21.0,21.0,none,450.0,491.0,320x180,21.0,21.0,none,149.2,172.0
83.0,2026-10-06T17:23:13.304,29.0,29.2,3929.5,1280x720,30.0,30.0,none,1675.2,1670.5,640x360,20.0,19.0,none,436.2,440.0,320x180,20.0,19.0,none,143.5,144.5
84.0,2026-10-06T17:23:14.301,31.0,31.1,3929.5,1280x720,30.0,30.0,none,1700.0,1675.6,640x360,20.0,20.0,none,450.0,418.2,320x180,20.0,20.0,none,150.0,133.3
85.0,2026-10-06T17:23:15.295,29.0,29.2,3929.5,1280x720,30.0,30.0,none,1700.0,1696.8,640x360,20.0,20.0,none,450.0,458.7,320x180,20.0,20.0,none,150.0,152.7
86.0,2026-10-06T17:23:16.303,31.0,30.5,3929.5,1280x720,30.0,30.0,none,1700.0,1723.7,640x360,21.0,21.0,none,450.0,453.8,320x180,21.0,21.0,none,150.0,151.6
87.0,2026-10-06T17:23:17.300,29.0,29.4,3950.8,1280x720,30.0,30.0,none,1624.3,1823.4,640x360,20.0,19.0,none,446.3,445.8,320x180,20.0,19.0,none,148.8,147.7
88.0,2026-10-06T17:23:18.303,31.0,30.8,3950.8,1280x720,30.0,30.0,none,1700.0,1501.9,640x360,20.0,20.0,none,448.5,452.6,320x180,21.0,21.0,none,149.1,160.6
89.0,2026-10-06T17:23:19.304,29.0,29.0,3950.8,1280x720,30.0,30.0,none,1700.0,1654.9,640x360,20.0,20.0,none,442.1,448.9,320x180,20.0,19.0,none,145.8,147.2
90.0,2026-10-06T17:23:20.293,30.0,30.3,3950.8,1280x720,30.0,30.0,none,1700.0,1749.1,640x360,20.0,20.0,none,450.0,451.8,320x180,20.0,20.0,none,148.1,149.3
91.0,2026-10-06T17:23:21.295,30.0,29.9,3950.8,1280x720,30.0,30.0,none,1700.0,1657.2,640x360,20.0,20.0,none,450.0,429.0,320x180,20.0,20.0,none,150.0,135.9
92.0,2026-10-06T17:23:22.302,31.0,30.7,3950.8,1280x720,30.0,30.0,none,1684.0,1742.9,640x360,20.0,20.0,none,450.0,463.5,320x180,21.0,21.0,none,150.0,155.8
93.0,2026-10-06T17:23:23.302,29.0,29.1,3950.8,1280x720,30.0,30.0,none,1693.0,1656.6,640x360,20.0,20.0,none,450.0,435.1,320x180,20.0,19.0,none,150.0,138.8
94.0,2026-10-06T17:23:24.307,31.0,30.7,3950.8,1280x720,30.0,30.0,none,1687.9,1780.3,640x360,21.0,21.0,none,450.0,495.0,320x180,21.0,21.0,none,150.0,172.0
95.0,2026-10-06T17:23:25.292,29.0,29.4,3950.8,1280x720,30.0,30.0,none,1700.0,1648.0,640x360,20.0,19.0,none,450.0,411.4,320x180,20.0,19.0,none,149.4,137.7
96.0,2026-10-06T17:23:26.311,31.0,30.3,3950.8,1280x720,30.0,30.0,none,1678.1,1725.7,640x360,21.0,21.0,none,438.9,499.5,320x180,20.0,21.0,none,145.0,165.2
97.0,2026-10-06T17:23:27.305,29.0,29.4,3950.8,1280x720,30.0,30.0,none,1700.0,1626.6,640x360,20.0,19.0,none,450.0,384.9,320x180,20.0,19.0,none,150.0,121.5
98.0,2026-10-06T17:23:28.311,30.0,30.6,3950.8,1280x720,30.0,30.0,none,1700.0,1765.8,640x360,20.0,21.0,none,447.2,484.9,320x180,20.0,21.0,none,150.0,165.9
99.0,2026-10-06T17:23:29.305,29.0,29.4,3950.8,1280x720,30.0,30.0,none,1691.0,1680.1,640x360,20.0,19.0,none,450.0,420.2,320x180,20.0,19.0,none,150.0,137.6
100.0,2026-10-06T17:23:30.307,31.0,30.9,3950.8,1280x720,30.0,30.0,none,1682.1,1715.8,640x360,21.0,21.0,none,440.3,489.9,320x180,21.0,21.0,none,144.7,168.8
101.0,2026-10-06T17:23:31.305,29.0,29.1,3950.8,1280x720,30.0,30.0,none,1672.9,1620.8,640x360,20.0,19.0,none,450.0,404.3,320x180,20.0,19.0,none,150.0,128.5
102.0,2026-10-06T17:23:32.306,31.0,30.9,3950.8,1280x720,30.0,30.0,none,1693.3,1787.1,640x360,21.0,21.0,none,446.5,474.2,320x180,21.0,21.0,none,148.7,158.5
103.0,2026-10-06T17:23:33.304,29.0,29.1,3950.8,1280x720,30.0,30.0,none,1700.0,1631.2,640x360,20.0,19.0,none,450.0,415.7,320x180,20.0,19.0,none,150.0,128.0
104.0,2026-10-06T17:23:34.305,31.0,30.8,3950.8,1280x720,30.0,30.0,none,1698.7,1726.0,640x360,21.0,21.0,none,450.0,487.1,320x180,21.0,21.0,none,150.0,168.4
105.0,2026-10-06T17:23:35.304,29.0,29.2,3950.8,1280x720,30.0,30.0,none,1700.0,1630.2,640x360,20.0,19.0,none,450.0,415.8,320x180,20.0,19.0,none,150.0,134.4
106.0,2026-10-06T17:23:36.296,31.0,31.1,3950.8,1280x720,30.0,30.0,none,1679.0,1773.3,640x360,20.0,20.0,none,440.6,452.0,320x180,20.0,20.0,none,143.5,157.6
107.0,2026-10-06T17:23:37.294,29.0,29.2,3950.8,1280x720,30.0,30.0,none,1699.3,1671.4,640x360,20.0,20.0,none,448.4,464.3,320x180,20.0,20.0,none,147.8,154.4
108.0,2026-10-06T17:23:38.302,31.0,30.7,3950.8,1280x720,30.0,30.0,none,1699.4,1705.1,640x360,20.0,20.0,none,445.3,438.5,320x180,20.0,21.0,none,149.7,150.9
109.0,2026-10-06T17:23:39.300,29.0,29.1,3950.8,1280x720,30.0,30.0,none,1693.1,1674.0,640x360,20.0,20.0,none,450.0,456.9,320x180,20.0,19.0,none,150.0,144.5
110.0,2026-10-06T17:23:40.302,31.0,30.8,3950.8,1280x720,30.0,30.0,none,1700.0,1747.2,640x360,20.0,20.0,none,450.0,439.4,320x180,21.0,21.0,none,150.0,153.5
111.0,2026-10-06T17:23:41.301,29.0,29.1,3950.8,1280x720,30.0,30.0,none,1700.0,1656.9,640x360,20.0,20.0,none,450.0,448.0,320x180,20.0,19.0,none,150.0,141.2
112.0,2026-10-06T17:23:42.301,31.0,30.9,3950.8,1280x720,30.0,30.0,none,1700.0,1708.6,640x360,20.0,20.0,none,450.0,450.2,320x180,21.0,21.0,none,150.0,158.3
113.0,2026-10-06T17:23:43.301,29.0,29.1,3950.8,1280x720,30.0,30.0,none,1700.0,1665.5,640x360,20.0,20.0,none,450.0,445.8,320x180,20.0,19.0,none,150.0,139.1
114.0,2026-10-06T17:23:44.315,30.0,30.4,3950.8,1280x720,30.0,30.0,none,1700.0,1782.6,640x360,20.0,21.0,none,449.5,481.8,320x180,20.0,21.0,none,149.4,164.5
115.0,2026-10-06T17:23:45.305,29.0,29.5,3950.8,1280x720,30.0,30.0,none,1700.0,1656.9,640x360,20.0,19.0,none,448.3,413.3,320x180,20.0,19.0,none,150.0,132.4
116.0,2026-10-06T17:23:46.304,31.0,30.9,3950.8,1280x720,30.0,30.0,none,1699.4,1696.7,640x360,20.0,20.0,none,450.0,455.3,320x180,21.0,21.0,none,150.0,158.7
117.0,2026-10-06T17:23:47.307,30.0,30.0,4001.5,1280x720,30.0,30.0,none,1683.5,1731.5,640x360,20.0,20.0,none,437.3,493.8,320x180,20.0,19.0,none,144.1,170.5
118.0,2026-10-06T17:23:48.294,30.0,29.3,4001.5,1280x720,30.0,30.0,none,1700.0,1712.3,640x360,20.0,20.0,none,448.3,422.5,320x180,20.0,20.0,none,148.0,132.3
119.0,2026-10-06T17:23:49.294,29.0,30.0,4001.5,1280x720,30.0,30.0,none,1686.8,1640.0,640x360,20.0,20.0,none,450.0,421.7,320x180,20.0,20.0,none,148.4,133.9
120.0,2026-10-06T17:23:50.294,30.0,29.9,4001.5,1280x720,30.0,30.0,none,1700.0,1790.0,640x360,20.0,20.0,none,450.0,499.2,320x180,20.0,20.0,none,150.0,178.6
