ts_paris,marker,n_procs,cpu_pct_machine,cpu_pct_one_core,total_cpu_pct,gpu_videoencode_pct,nvenc_util_pct,gpu_videodecode_pct,nvdec_util_pct,gpu_engines_by_adapter
2026-10-06T04:38:17.871,s1ab-pub-ab-file-2L-on-pp-rech264-20261006T023754,8,,,80,0,0,1,0,0x00000000_0x0001163E/p0/VideoDecode=1;0x00000000_0x0001163E/p0/VideoProcessing=0;0x00000000_0x00012950/p0/VideoDecode=0;0x00000000_0x00012950/p0/VideoEncode=0;0x00000000_0x00012950/p0/VideoProcessing=0
2026-10-06T04:38:17.871,s1ab-sub-ab-file-2L-on-pp-rech264-20261006T023754,0,,,80,0,0,1,0,0x00000000_0x0001163E/p0/VideoDecode=1;0x00000000_0x0001163E/p0/VideoProcessing=0;0x00000000_0x00012950/p0/VideoDecode=0;0x00000000_0x00012950/p0/VideoEncode=0;0x00000000_0x00012950/p0/VideoProcessing=0
2026-10-06T04:38:20.409,s1ab-pub-ab-file-2L-on-pp-rech264-20261006T023754,8,17,136.2,100,0,0,1,0,0x00000000_0x0001163E/p0/VideoDecode=1;0x00000000_0x0001163E/p0/VideoProcessing=2;0x00000000_0x00012950/p0/VideoDecode=0;0x00000000_0x00012950/p0/VideoEncode=0;0x00000000_0x00012950/p0/VideoProcessing=0
2026-10-06T04:38:20.409,s1ab-sub-ab-file-2L-on-pp-rech264-20261006T023754,0,0,0,100,0,0,1,0,0x00000000_0x0001163E/p0/VideoDecode=1;0x00000000_0x0001163E/p0/VideoProcessing=2;0x00000000_0x00012950/p0/VideoDecode=0;0x00000000_0x00012950/p0/VideoEncode=0;0x00000000_0x00012950/p0/VideoProcessing=0
2026-10-06T04:38:22.313,s1ab-pub-ab-file-2L-on-pp-rech264-20261006T023754,8,17.3,138.2,100,0,0,1,0,0x00000000_0x0001163E/p0/VideoDecode=1;0x00000000_0x0001163E/p0/VideoProcessing=2;0x00000000_0x00012950/p0/VideoDecode=0;0x00000000_0x00012950/p0/VideoEncode=0;0x00000000_0x00012950/p0/VideoProcessing=0
2026-10-06T04:38:22.313,s1ab-sub-ab-file-2L-on-pp-rech264-20261006T023754,0,0,0,100,0,0,1,0,0x00000000_0x0001163E/p0/VideoDecode=1;0x00000000_0x0001163E/p0/VideoProcessing=2;0x00000000_0x00012950/p0/VideoDecode=0;0x00000000_0x00012950/p0/VideoEncode=0;0x00000000_0x00012950/p0/VideoProcessing=0
2026-10-06T04:38:24.063,s1ab-pub-ab-file-2L-on-pp-rech264-20261006T023754,8,15,120.2,80,0,0,1,0,0x00000000_0x0001163E/p0/VideoDecode=1;0x00000000_0x0001163E/p0/VideoProcessing=3;0x00000000_0x00012950/p0/VideoDecode=0;0x00000000_0x00012950/p0/VideoEncode=0;0x00000000_0x00012950/p0/VideoProcessing=0
2026-10-06T04:38:24.063,s1ab-sub-ab-file-2L-on-pp-rech264-20261006T023754,0,0,0,80,0,0,1,0,0x00000000_0x0001163E/p0/VideoDecode=1;0x00000000_0x0001163E/p0/VideoProcessing=3;0x00000000_0x00012950/p0/VideoDecode=0;0x00000000_0x00012950/p0/VideoEncode=0;0x00000000_0x00012950/p0/VideoProcessing=0
2026-10-06T04:38:26.060,s1ab-pub-ab-file-2L-on-pp-rech264-20261006T023754,8,19,151.6,95,0,0,1,0,0x00000000_0x0001163E/p0/VideoDecode=1;0x00000000_0x0001163E/p0/VideoProcessing=3;0x00000000_0x00012950/p0/VideoDecode=0;0x00000000_0x00012950/p0/VideoEncode=0;0x00000000_0x00012950/p0/VideoProcessing=0
2026-10-06T04:38:26.060,s1ab-sub-ab-file-2L-on-pp-rech264-20261006T023754,0,0,0,95,0,0,1,0,0x00000000_0x0001163E/p0/VideoDecode=1;0x00000000_0x0001163E/p0/VideoProcessing=3;0x00000000_0x00012950/p0/VideoDecode=0;0x00000000_0x00012950/p0/VideoEncode=0;0x00000000_0x00012950/p0/VideoProcessing=0
2026-10-06T04:38:28.362,s1ab-pub-ab-file-2L-on-pp-rech264-20261006T023754,10,19.8,158.4,85,0,0,1,0,0x00000000_0x0001163E/p0/VideoDecode=1;0x00000000_0x0001163E/p0/VideoProcessing=2;0x00000000_0x00012950/p0/VideoDecode=0;0x00000000_0x00012950/p0/VideoEncode=0;0x00000000_0x00012950/p0/VideoProcessing=0
2026-10-06T04:38:28.362,s1ab-sub-ab-file-2L-on-pp-rech264-20261006T023754,11,56.5,452.3,85,0,0,1,0,0x00000000_0x0001163E/p0/VideoDecode=1;0x00000000_0x0001163E/p0/VideoProcessing=2;0x00000000_0x00012950/p0/VideoDecode=0;0x00000000_0x00012950/p0/VideoEncode=0;0x00000000_0x00012950/p0/VideoProcessing=0
2026-10-06T04:38:30.333,s1ab-pub-ab-file-2L-on-pp-rech264-20261006T023754,10,16.4,131.5,69,0,0,1,0,0x00000000_0x0001163E/p0/VideoDecode=1;0x00000000_0x0001163E/p0/VideoProcessing=2;0x00000000_0x00012950/p0/VideoDecode=0;0x00000000_0x00012950/p0/VideoEncode=0;0x00000000_0x00012950/p0/VideoProcessing=0
2026-10-06T04:38:30.333,s1ab-sub-ab-file-2L-on-pp-rech264-20261006T023754,11,5.4,42.8,69,0,0,1,0,0x00000000_0x0001163E/p0/VideoDecode=1;0x00000000_0x0001163E/p0/VideoProcessing=2;0x00000000_0x00012950/p0/VideoDecode=0;0x00000000_0x00012950/p0/VideoEncode=0;0x00000000_0x00012950/p0/VideoProcessing=0
2026-10-06T04:38:32.344,s1ab-pub-ab-file-2L-on-pp-rech264-20261006T023754,10,18.5,148.2,79,0,0,1,0,0x00000000_0x0001163E/p0/VideoDecode=1;0x00000000_0x0001163E/p0/VideoProcessing=2;0x00000000_0x00012950/p0/VideoDecode=0;0x00000000_0x00012950/p0/VideoEncode=0;0x00000000_0x00012950/p0/VideoProcessing=0
2026-10-06T04:38:32.344,s1ab-sub-ab-file-2L-on-pp-rech264-20261006T023754,11,6.4,51.2,79,0,0,1,0,0x00000000_0x0001163E/p0/VideoDecode=1;0x00000000_0x0001163E/p0/VideoProcessing=2;0x00000000_0x00012950/p0/VideoDecode=0;0x00000000_0x00012950/p0/VideoEncode=0;0x00000000_0x00012950/p0/VideoProcessing=0
2026-10-06T04:38:34.389,s1ab-pub-ab-file-2L-on-pp-rech264-20261006T023754,10,16.7,133.3,48,0,0,1,0,0x00000000_0x0001163E/p0/VideoDecode=1;0x00000000_0x0001163E/p0/VideoProcessing=2;0x00000000_0x00012950/p0/VideoDecode=0;0x00000000_0x00012950/p0/VideoEncode=0;0x00000000_0x00012950/p0/VideoProcessing=0
2026-10-06T04:38:34.389,s1ab-sub-ab-file-2L-on-pp-rech264-20261006T023754,11,4.8,38.7,48,0,0,1,0,0x00000000_0x0001163E/p0/VideoDecode=1;0x00000000_0x0001163E/p0/VideoProcessing=2;0x00000000_0x00012950/p0/VideoDecode=0;0x00000000_0x00012950/p0/VideoEncode=0;0x00000000_0x00012950/p0/VideoProcessing=0
2026-10-06T04:38:36.403,s1ab-pub-ab-file-2L-on-pp-rech264-20261006T023754,10,16.4,131,71,0,0,0,0,0x00000000_0x0001163E/p0/VideoDecode=0;0x00000000_0x0001163E/p0/VideoProcessing=2;0x00000000_0x00012950/p0/VideoDecode=0;0x00000000_0x00012950/p0/VideoEncode=0;0x00000000_0x00012950/p0/VideoProcessing=0
2026-10-06T04:38:36.403,s1ab-sub-ab-file-2L-on-pp-rech264-20261006T023754,11,6.2,49.6,71,0,0,0,0,0x00000000_0x0001163E/p0/VideoDecode=0;0x00000000_0x0001163E/p0/VideoProcessing=2;0x00000000_0x00012950/p0/VideoDecode=0;0x00000000_0x00012950/p0/VideoEncode=0;0x00000000_0x00012950/p0/VideoProcessing=0
2026-10-06T04:38:38.626,s1ab-pub-ab-file-2L-on-pp-rech264-20261006T023754,10,15.2,121.7,46,0,0,1,0,0x00000000_0x0001163E/p0/VideoDecode=1;0x00000000_0x0001163E/p0/VideoProcessing=2;0x00000000_0x00012950/p0/VideoDecode=0;0x00000000_0x00012950/p0/VideoEncode=0;0x00000000_0x00012950/p0/VideoProcessing=0
2026-10-06T04:38:38.626,s1ab-sub-ab-file-2L-on-pp-rech264-20261006T023754,11,4.9,39,46,0,0,1,0,0x00000000_0x0001163E/p0/VideoDecode=1;0x00000000_0x0001163E/p0/VideoProcessing=2;0x00000000_0x00012950/p0/VideoDecode=0;0x00000000_0x00012950/p0/VideoEncode=0;0x00000000_0x00012950/p0/VideoProcessing=0
2026-10-06T04:38:40.664,s1ab-pub-ab-file-2L-on-pp-rech264-20261006T023754,10,16.5,132.1,51,0,0,1,0,0x00000000_0x0001163E/p0/VideoDecode=1;0x00000000_0x0001163E/p0/VideoProcessing=3;0x00000000_0x00012950/p0/VideoDecode=0;0x00000000_0x00012950/p0/VideoEncode=0;0x00000000_0x00012950/p0/VideoProcessing=0
2026-10-06T04:38:40.664,s1ab-sub-ab-file-2L-on-pp-rech264-20261006T023754,11,5.7,45.9,51,0,0,1,0,0x00000000_0x0001163E/p0/VideoDecode=1;0x00000000_0x0001163E/p0/VideoProcessing=3;0x00000000_0x00012950/p0/VideoDecode=0;0x00000000_0x00012950/p0/VideoEncode=0;0x00000000_0x00012950/p0/VideoProcessing=0
2026-10-06T04:38:42.607,s1ab-pub-ab-file-2L-on-pp-rech264-20261006T023754,10,14.3,114.6,45,0,0,1,0,0x00000000_0x0001163E/p0/VideoDecode=1;0x00000000_0x0001163E/p0/VideoProcessing=2;0x00000000_0x00012950/p0/VideoDecode=0;0x00000000_0x00012950/p0/VideoEncode=0;0x00000000_0x00012950/p0/VideoProcessing=0
2026-10-06T04:38:42.607,s1ab-sub-ab-file-2L-on-pp-rech264-20261006T023754,11,5.9,47.2,45,0,0,1,0,0x00000000_0x0001163E/p0/VideoDecode=1;0x00000000_0x0001163E/p0/VideoProcessing=2;0x00000000_0x00012950/p0/VideoDecode=0;0x00000000_0x00012950/p0/VideoEncode=0;0x00000000_0x00012950/p0/VideoProcessing=0
2026-10-06T04:38:44.707,s1ab-pub-ab-file-2L-on-pp-rech264-20261006T023754,10,16.9,134.9,73,0,0,1,0,0x00000000_0x0001163E/p0/VideoDecode=1;0x00000000_0x0001163E/p0/VideoProcessing=3;0x00000000_0x00012950/p0/VideoDecode=0;0x00000000_0x00012950/p0/VideoEncode=0;0x00000000_0x00012950/p0/VideoProcessing=0
2026-10-06T04:38:44.707,s1ab-sub-ab-file-2L-on-pp-rech264-20261006T023754,11,5,39.6,73,0,0,1,0,0x00000000_0x0001163E/p0/VideoDecode=1;0x00000000_0x0001163E/p0/VideoProcessing=3;0x00000000_0x00012950/p0/VideoDecode=0;0x00000000_0x00012950/p0/VideoEncode=0;0x00000000_0x00012950/p0/VideoProcessing=0
2026-10-06T04:38:46.906,s1ab-pub-ab-file-2L-on-pp-rech264-20261006T023754,10,27.8,222.3,95,0,0,13,0,0x00000000_0x0001163E/p0/VideoDecode=13;0x00000000_0x0001163E/p0/VideoProcessing=2;0x00000000_0x00012950/p0/VideoDecode=0;0x00000000_0x00012950/p0/VideoEncode=0;0x00000000_0x00012950/p0/VideoProcessing=0
2026-10-06T04:38:46.906,s1ab-sub-ab-file-2L-on-pp-rech264-20261006T023754,11,12.1,96.8,95,0,0,13,0,0x00000000_0x0001163E/p0/VideoDecode=13;0x00000000_0x0001163E/p0/VideoProcessing=2;0x00000000_0x00012950/p0/VideoDecode=0;0x00000000_0x00012950/p0/VideoEncode=0;0x00000000_0x00012950/p0/VideoProcessing=0
2026-10-06T04:38:49.609,s1ab-pub-ab-file-2L-on-pp-rech264-20261006T023754,10,26.7,213.4,93,0,0,6,0,0x00000000_0x0001163E/p0/VideoDecode=6;0x00000000_0x0001163E/p0/VideoProcessing=3;0x00000000_0x00012950/p0/VideoDecode=0;0x00000000_0x00012950/p0/VideoEncode=0;0x00000000_0x00012950/p0/VideoProcessing=0
2026-10-06T04:38:49.609,s1ab-sub-ab-file-2L-on-pp-rech264-20261006T023754,11,16,128.1,93,0,0,6,0,0x00000000_0x0001163E/p0/VideoDecode=6;0x00000000_0x0001163E/p0/VideoProcessing=3;0x00000000_0x00012950/p0/VideoDecode=0;0x00000000_0x00012950/p0/VideoEncode=0;0x00000000_0x00012950/p0/VideoProcessing=0
2026-10-06T04:38:51.509,s1ab-pub-ab-file-2L-on-pp-rech264-20261006T023754,10,18.4,147.6,94,0,0,6,0,0x00000000_0x0001163E/p0/VideoDecode=6;0x00000000_0x0001163E/p0/VideoProcessing=3;0x00000000_0x00012950/p0/VideoDecode=0;0x00000000_0x00012950/p0/VideoEncode=0;0x00000000_0x00012950/p0/VideoProcessing=0
2026-10-06T04:38:51.509,s1ab-sub-ab-file-2L-on-pp-rech264-20261006T023754,11,10,80.4,94,0,0,6,0,0x00000000_0x0001163E/p0/VideoDecode=6;0x00000000_0x0001163E/p0/VideoProcessing=3;0x00000000_0x00012950/p0/VideoDecode=0;0x00000000_0x00012950/p0/VideoEncode=0;0x00000000_0x00012950/p0/VideoProcessing=0
2026-10-06T04:38:53.529,s1ab-pub-ab-file-2L-on-pp-rech264-20261006T023754,10,21.6,173.2,87,0,0,5,0,0x00000000_0x0001163E/p0/VideoDecode=5;0x00000000_0x0001163E/p0/VideoProcessing=3;0x00000000_0x00012950/p0/VideoDecode=0;0x00000000_0x00012950/p0/VideoEncode=0;0x00000000_0x00012950/p0/VideoProcessing=0
2026-10-06T04:38:53.529,s1ab-sub-ab-file-2L-on-pp-rech264-20261006T023754,11,11.5,91.7,87,0,0,5,0,0x00000000_0x0001163E/p0/VideoDecode=5;0x00000000_0x0001163E/p0/VideoProcessing=3;0x00000000_0x00012950/p0/VideoDecode=0;0x00000000_0x00012950/p0/VideoEncode=0;0x00000000_0x00012950/p0/VideoProcessing=0
2026-10-06T04:38:55.454,s1ab-pub-ab-file-2L-on-pp-rech264-20261006T023754,10,24.4,195.4,58,0,0,4,0,0x00000000_0x0001163E/p0/VideoDecode=4;0x00000000_0x0001163E/p0/VideoProcessing=2;0x00000000_0x00012950/p0/VideoDecode=0;0x00000000_0x00012950/p0/VideoEncode=0;0x00000000_0x00012950/p0/VideoProcessing=0
2026-10-06T04:38:55.454,s1ab-sub-ab-file-2L-on-pp-rech264-20261006T023754,11,9.4,74.9,58,0,0,4,0,0x00000000_0x0001163E/p0/VideoDecode=4;0x00000000_0x0001163E/p0/VideoProcessing=2;0x00000000_0x00012950/p0/VideoDecode=0;0x00000000_0x00012950/p0/VideoEncode=0;0x00000000_0x00012950/p0/VideoProcessing=0
2026-10-06T04:38:57.413,s1ab-pub-ab-file-2L-on-pp-rech264-20261006T023754,10,23.9,191.5,58,0,0,5,0,0x00000000_0x0001163E/p0/VideoDecode=5;0x00000000_0x0001163E/p0/VideoProcessing=3;0x00000000_0x00012950/p0/VideoDecode=0;0x00000000_0x00012950/p0/VideoEncode=0;0x00000000_0x00012950/p0/VideoProcessing=0
2026-10-06T04:38:57.413,s1ab-sub-ab-file-2L-on-pp-rech264-20261006T023754,11,7.6,61.2,58,0,0,5,0,0x00000000_0x0001163E/p0/VideoDecode=5;0x00000000_0x0001163E/p0/VideoProcessing=3;0x00000000_0x00012950/p0/VideoDecode=0;0x00000000_0x00012950/p0/VideoEncode=0;0x00000000_0x00012950/p0/VideoProcessing=0
2026-10-06T04:38:59.815,s1ab-pub-ab-file-2L-on-pp-rech264-20261006T023754,9,21.1,169,77,0,0,5,0,0x00000000_0x0001163E/p0/VideoDecode=5;0x00000000_0x0001163E/p0/VideoProcessing=3;0x00000000_0x00012950/p0/VideoDecode=0;0x00000000_0x00012950/p0/VideoEncode=0;0x00000000_0x00012950/p0/VideoProcessing=0
2026-10-06T04:38:59.815,s1ab-sub-ab-file-2L-on-pp-rech264-20261006T023754,10,5.2,41.8,77,0,0,5,0,0x00000000_0x0001163E/p0/VideoDecode=5;0x00000000_0x0001163E/p0/VideoProcessing=3;0x00000000_0x00012950/p0/VideoDecode=0;0x00000000_0x00012950/p0/VideoEncode=0;0x00000000_0x00012950/p0/VideoProcessing=0
2026-10-06T04:39:01.823,s1ab-pub-ab-file-2L-on-pp-rech264-20261006T023754,9,23.9,191.1,82,0,0,5,0,0x00000000_0x0001163E/p0/VideoDecode=5;0x00000000_0x0001163E/p0/VideoProcessing=3;0x00000000_0x00012950/p0/VideoDecode=0;0x00000000_0x00012950/p0/VideoEncode=0;0x00000000_0x00012950/p0/VideoProcessing=0
2026-10-06T04:39:01.823,s1ab-sub-ab-file-2L-on-pp-rech264-20261006T023754,10,6.6,52.8,82,0,0,5,0,0x00000000_0x0001163E/p0/VideoDecode=5;0x00000000_0x0001163E/p0/VideoProcessing=3;0x00000000_0x00012950/p0/VideoDecode=0;0x00000000_0x00012950/p0/VideoEncode=0;0x00000000_0x00012950/p0/VideoProcessing=0
2026-10-06T04:39:03.789,s1ab-pub-ab-file-2L-on-pp-rech264-20261006T023754,9,21.2,170,47,0,0,5,0,0x00000000_0x0001163E/p0/VideoDecode=5;0x00000000_0x0001163E/p0/VideoProcessing=3;0x00000000_0x00012950/p0/VideoDecode=0;0x00000000_0x00012950/p0/VideoEncode=0;0x00000000_0x00012950/p0/VideoProcessing=0
2026-10-06T04:39:03.789,s1ab-sub-ab-file-2L-on-pp-rech264-20261006T023754,10,5.3,42.1,47,0,0,5,0,0x00000000_0x0001163E/p0/VideoDecode=5;0x00000000_0x0001163E/p0/VideoProcessing=3;0x00000000_0x00012950/p0/VideoDecode=0;0x00000000_0x00012950/p0/VideoEncode=0;0x00000000_0x00012950/p0/VideoProcessing=0
2026-10-06T04:39:06.028,s1ab-pub-ab-file-2L-on-pp-rech264-20261006T023754,9,25.3,202.7,78,0,0,6,0,0x00000000_0x0001163E/p0/VideoDecode=6;0x00000000_0x0001163E/p0/VideoProcessing=3;0x00000000_0x00012950/p0/VideoDecode=0;0x00000000_0x00012950/p0/VideoEncode=0;0x00000000_0x00012950/p0/VideoProcessing=0
2026-10-06T04:39:06.028,s1ab-sub-ab-file-2L-on-pp-rech264-20261006T023754,10,8.1,64.5,78,0,0,6,0,0x00000000_0x0001163E/p0/VideoDecode=6;0x00000000_0x0001163E/p0/VideoProcessing=3;0x00000000_0x00012950/p0/VideoDecode=0;0x00000000_0x00012950/p0/VideoEncode=0;0x00000000_0x00012950/p0/VideoProcessing=0
2026-10-06T04:39:07.810,s1ab-pub-ab-file-2L-on-pp-rech264-20261006T023754,9,16.9,134.9,42,0,0,6,0,0x00000000_0x0001163E/p0/VideoDecode=6;0x00000000_0x0001163E/p0/VideoProcessing=3;0x00000000_0x00012950/p0/VideoDecode=0;0x00000000_0x00012950/p0/VideoEncode=0;0x00000000_0x00012950/p0/VideoProcessing=0
2026-10-06T04:39:07.810,s1ab-sub-ab-file-2L-on-pp-rech264-20261006T023754,10,4.2,33.3,42,0,0,6,0,0x00000000_0x0001163E/p0/VideoDecode=6;0x00000000_0x0001163E/p0/VideoProcessing=3;0x00000000_0x00012950/p0/VideoDecode=0;0x00000000_0x00012950/p0/VideoEncode=0;0x00000000_0x00012950/p0/VideoProcessing=0
2026-10-06T04:39:10.163,s1ab-pub-ab-file-2L-on-pp-rech264-20261006T023754,9,22.8,182.1,49,0,0,5,0,0x00000000_0x0001163E/p0/VideoDecode=5;0x00000000_0x0001163E/p0/VideoProcessing=3;0x00000000_0x00012950/p0/VideoDecode=0;0x00000000_0x00012950/p0/VideoEncode=0;0x00000000_0x00012950/p0/VideoProcessing=0
2026-10-06T04:39:10.163,s1ab-sub-ab-file-2L-on-pp-rech264-20261006T023754,10,5.8,46.2,49,0,0,5,0,0x00000000_0x0001163E/p0/VideoDecode=5;0x00000000_0x0001163E/p0/VideoProcessing=3;0x00000000_0x00012950/p0/VideoDecode=0;0x00000000_0x00012950/p0/VideoEncode=0;0x00000000_0x00012950/p0/VideoProcessing=0
2026-10-06T04:39:12.166,s1ab-pub-ab-file-2L-on-pp-rech264-20261006T023754,9,20.5,163.8,58,0,0,6,0,0x00000000_0x0001163E/p0/VideoDecode=6;0x00000000_0x0001163E/p0/VideoProcessing=3;0x00000000_0x00012950/p0/VideoDecode=0;0x00000000_0x00012950/p0/VideoEncode=0;0x00000000_0x00012950/p0/VideoProcessing=0
2026-10-06T04:39:12.166,s1ab-sub-ab-file-2L-on-pp-rech264-20261006T023754,10,5.8,46.4,58,0,0,6,0,0x00000000_0x0001163E/p0/VideoDecode=6;0x00000000_0x0001163E/p0/VideoProcessing=3;0x00000000_0x00012950/p0/VideoDecode=0;0x00000000_0x00012950/p0/VideoEncode=0;0x00000000_0x00012950/p0/VideoProcessing=0
2026-10-06T04:39:14.185,s1ab-pub-ab-file-2L-on-pp-rech264-20261006T023754,9,23,184.2,38,0,0,6,0,0x00000000_0x0001163E/p0/VideoDecode=6;0x00000000_0x0001163E/p0/VideoProcessing=3;0x00000000_0x00012950/p0/VideoDecode=0;0x00000000_0x00012950/p0/VideoEncode=0;0x00000000_0x00012950/p0/VideoProcessing=0
2026-10-06T04:39:14.185,s1ab-sub-ab-file-2L-on-pp-rech264-20261006T023754,10,5,40.2,38,0,0,6,0,0x00000000_0x0001163E/p0/VideoDecode=6;0x00000000_0x0001163E/p0/VideoProcessing=3;0x00000000_0x00012950/p0/VideoDecode=0;0x00000000_0x00012950/p0/VideoEncode=0;0x00000000_0x00012950/p0/VideoProcessing=0
2026-10-06T04:39:16.353,s1ab-pub-ab-file-2L-on-pp-rech264-20261006T023754,9,29.6,237.2,88,0,0,5,0,0x00000000_0x0001163E/p0/VideoDecode=5;0x00000000_0x0001163E/p0/VideoProcessing=3;0x00000000_0x00012950/p0/VideoDecode=0;0x00000000_0x00012950/p0/VideoEncode=0;0x00000000_0x00012950/p0/VideoProcessing=0
2026-10-06T04:39:16.353,s1ab-sub-ab-file-2L-on-pp-rech264-20261006T023754,10,10,79.8,88,0,0,5,0,0x00000000_0x0001163E/p0/VideoDecode=5;0x00000000_0x0001163E/p0/VideoProcessing=3;0x00000000_0x00012950/p0/VideoDecode=0;0x00000000_0x00012950/p0/VideoEncode=0;0x00000000_0x00012950/p0/VideoProcessing=0
2026-10-06T04:39:18.415,s1ab-pub-ab-file-2L-on-pp-rech264-20261006T023754,9,26.3,210.6,75,0,0,5,0,0x00000000_0x0001163E/p0/VideoDecode=5;0x00000000_0x0001163E/p0/VideoProcessing=3;0x00000000_0x00012950/p0/VideoDecode=0;0x00000000_0x00012950/p0/VideoEncode=0;0x00000000_0x00012950/p0/VideoProcessing=0
2026-10-06T04:39:18.415,s1ab-sub-ab-file-2L-on-pp-rech264-20261006T023754,10,9.2,73.8,75,0,0,5,0,0x00000000_0x0001163E/p0/VideoDecode=5;0x00000000_0x0001163E/p0/VideoProcessing=3;0x00000000_0x00012950/p0/VideoDecode=0;0x00000000_0x00012950/p0/VideoEncode=0;0x00000000_0x00012950/p0/VideoProcessing=0
2026-10-06T04:39:20.760,s1ab-pub-ab-file-2L-on-pp-rech264-20261006T023754,10,23.8,190.5,86,0,0,6,0,0x00000000_0x0001163E/p0/VideoDecode=6;0x00000000_0x0001163E/p0/VideoProcessing=2;0x00000000_0x00012950/p0/VideoDecode=0;0x00000000_0x00012950/p0/VideoEncode=0;0x00000000_0x00012950/p0/VideoProcessing=0
2026-10-06T04:39:20.760,s1ab-sub-ab-file-2L-on-pp-rech264-20261006T023754,11,11.7,93.6,86,0,0,6,0,0x00000000_0x0001163E/p0/VideoDecode=6;0x00000000_0x0001163E/p0/VideoProcessing=2;0x00000000_0x00012950/p0/VideoDecode=0;0x00000000_0x00012950/p0/VideoEncode=0;0x00000000_0x00012950/p0/VideoProcessing=0
2026-10-06T04:39:22.749,s1ab-pub-ab-file-2L-on-pp-rech264-20261006T023754,10,22.6,181.1,78,0,0,6,0,0x00000000_0x0001163E/p0/VideoDecode=6;0x00000000_0x0001163E/p0/VideoProcessing=3;0x00000000_0x00012950/p0/VideoDecode=0;0x00000000_0x00012950/p0/VideoEncode=0;0x00000000_0x00012950/p0/VideoProcessing=0
2026-10-06T04:39:22.749,s1ab-sub-ab-file-2L-on-pp-rech264-20261006T023754,11,9.7,77.4,78,0,0,6,0,0x00000000_0x0001163E/p0/VideoDecode=6;0x00000000_0x0001163E/p0/VideoProcessing=3;0x00000000_0x00012950/p0/VideoDecode=0;0x00000000_0x00012950/p0/VideoEncode=0;0x00000000_0x00012950/p0/VideoProcessing=0
2026-10-06T04:39:24.648,s1ab-pub-ab-file-2L-on-pp-rech264-20261006T023754,10,19.2,153.5,67,0,0,5,0,0x00000000_0x0001163E/p0/VideoDecode=5;0x00000000_0x0001163E/p0/VideoProcessing=3;0x00000000_0x00012950/p0/VideoDecode=0;0x00000000_0x00012950/p0/VideoEncode=0;0x00000000_0x00012950/p0/VideoProcessing=0
2026-10-06T04:39:24.648,s1ab-sub-ab-file-2L-on-pp-rech264-20261006T023754,11,6.9,55,67,0,0,5,0,0x00000000_0x0001163E/p0/VideoDecode=5;0x00000000_0x0001163E/p0/VideoProcessing=3;0x00000000_0x00012950/p0/VideoDecode=0;0x00000000_0x00012950/p0/VideoEncode=0;0x00000000_0x00012950/p0/VideoProcessing=0
2026-10-06T04:39:26.690,s1ab-pub-ab-file-2L-on-pp-rech264-20261006T023754,10,18.5,148.1,47,0,0,5,0,0x00000000_0x0001163E/p0/VideoDecode=5;0x00000000_0x0001163E/p0/VideoProcessing=3;0x00000000_0x00012950/p0/VideoDecode=0;0x00000000_0x00012950/p0/VideoEncode=0;0x00000000_0x00012950/p0/VideoProcessing=0
2026-10-06T04:39:26.690,s1ab-sub-ab-file-2L-on-pp-rech264-20261006T023754,11,6.7,53.5,47,0,0,5,0,0x00000000_0x0001163E/p0/VideoDecode=5;0x00000000_0x0001163E/p0/VideoProcessing=3;0x00000000_0x00012950/p0/VideoDecode=0;0x00000000_0x00012950/p0/VideoEncode=0;0x00000000_0x00012950/p0/VideoProcessing=0
2026-10-06T04:39:28.852,s1ab-pub-ab-file-2L-on-pp-rech264-20261006T023754,10,21.6,172.9,57,0,0,5,0,0x00000000_0x0001163E/p0/VideoDecode=5;0x00000000_0x0001163E/p0/VideoProcessing=3;0x00000000_0x00012950/p0/VideoDecode=0;0x00000000_0x00012950/p0/VideoEncode=0;0x00000000_0x00012950/p0/VideoProcessing=0
2026-10-06T04:39:28.852,s1ab-sub-ab-file-2L-on-pp-rech264-20261006T023754,11,5.6,44.4,57,0,0,5,0,0x00000000_0x0001163E/p0/VideoDecode=5;0x00000000_0x0001163E/p0/VideoProcessing=3;0x00000000_0x00012950/p0/VideoDecode=0;0x00000000_0x00012950/p0/VideoEncode=0;0x00000000_0x00012950/p0/VideoProcessing=0
2026-10-06T04:39:30.989,s1ab-pub-ab-file-2L-on-pp-rech264-20261006T023754,10,17.9,143,49,0,0,6,0,0x00000000_0x0001163E/p0/VideoDecode=6;0x00000000_0x0001163E/p0/VideoProcessing=2;0x00000000_0x00012950/p0/VideoDecode=0;0x00000000_0x00012950/p0/VideoEncode=0;0x00000000_0x00012950/p0/VideoProcessing=0
2026-10-06T04:39:30.989,s1ab-sub-ab-file-2L-on-pp-rech264-20261006T023754,11,6,48.3,49,0,0,6,0,0x00000000_0x0001163E/p0/VideoDecode=6;0x00000000_0x0001163E/p0/VideoProcessing=2;0x00000000_0x00012950/p0/VideoDecode=0;0x00000000_0x00012950/p0/VideoEncode=0;0x00000000_0x00012950/p0/VideoProcessing=0
2026-10-06T04:39:33.119,s1ab-pub-ab-file-2L-on-pp-rech264-20261006T023754,10,21.2,169.8,70,0,0,4,0,0x00000000_0x0001163E/p0/VideoDecode=4;0x00000000_0x0001163E/p0/VideoProcessing=2;0x00000000_0x00012950/p0/VideoDecode=0;0x00000000_0x00012950/p0/VideoEncode=0;0x00000000_0x00012950/p0/VideoProcessing=0
2026-10-06T04:39:33.119,s1ab-sub-ab-file-2L-on-pp-rech264-20261006T023754,11,6.7,53.5,70,0,0,4,0,0x00000000_0x0001163E/p0/VideoDecode=4;0x00000000_0x0001163E/p0/VideoProcessing=2;0x00000000_0x00012950/p0/VideoDecode=0;0x00000000_0x00012950/p0/VideoEncode=0;0x00000000_0x00012950/p0/VideoProcessing=0
2026-10-06T04:39:35.034,s1ab-pub-ab-file-2L-on-pp-rech264-20261006T023754,10,17,135.6,53,0,0,4,0,0x00000000_0x0001163E/p0/VideoDecode=4;0x00000000_0x0001163E/p0/VideoProcessing=2;0x00000000_0x00012950/p0/VideoDecode=0;0x00000000_0x00012950/p0/VideoEncode=0;0x00000000_0x00012950/p0/VideoProcessing=0
2026-10-06T04:39:35.034,s1ab-sub-ab-file-2L-on-pp-rech264-20261006T023754,11,5.2,41.3,53,0,0,4,0,0x00000000_0x0001163E/p0/VideoDecode=4;0x00000000_0x0001163E/p0/VideoProcessing=2;0x00000000_0x00012950/p0/VideoDecode=0;0x00000000_0x00012950/p0/VideoEncode=0;0x00000000_0x00012950/p0/VideoProcessing=0
2026-10-06T04:39:37.053,s1ab-pub-ab-file-2L-on-pp-rech264-20261006T023754,10,18.2,145.7,61,0,0,6,0,0x00000000_0x0001163E/p0/VideoDecode=6;0x00000000_0x0001163E/p0/VideoProcessing=3;0x00000000_0x00012950/p0/VideoDecode=0;0x00000000_0x00012950/p0/VideoEncode=0;0x00000000_0x00012950/p0/VideoProcessing=0
2026-10-06T04:39:37.053,s1ab-sub-ab-file-2L-on-pp-rech264-20261006T023754,11,4.6,37.2,61,0,0,6,0,0x00000000_0x0001163E/p0/VideoDecode=6;0x00000000_0x0001163E/p0/VideoProcessing=3;0x00000000_0x00012950/p0/VideoDecode=0;0x00000000_0x00012950/p0/VideoEncode=0;0x00000000_0x00012950/p0/VideoProcessing=0
2026-10-06T04:39:39.082,s1ab-pub-ab-file-2L-on-pp-rech264-20261006T023754,10,19.3,154.5,54,0,0,6,0,0x00000000_0x0001163E/p0/VideoDecode=6;0x00000000_0x0001163E/p0/VideoProcessing=3;0x00000000_0x00012950/p0/VideoDecode=0;0x00000000_0x00012950/p0/VideoEncode=0;0x00000000_0x00012950/p0/VideoProcessing=0
2026-10-06T04:39:39.082,s1ab-sub-ab-file-2L-on-pp-rech264-20261006T023754,11,5.4,43.5,54,0,0,6,0,0x00000000_0x0001163E/p0/VideoDecode=6;0x00000000_0x0001163E/p0/VideoProcessing=3;0x00000000_0x00012950/p0/VideoDecode=0;0x00000000_0x00012950/p0/VideoEncode=0;0x00000000_0x00012950/p0/VideoProcessing=0
2026-10-06T04:39:41.348,s1ab-pub-ab-file-2L-on-pp-rech264-20261006T023754,10,18.4,147.6,49,0,0,6,0,0x00000000_0x0001163E/p0/VideoDecode=6;0x00000000_0x0001163E/p0/VideoProcessing=3;0x00000000_0x00012950/p0/VideoDecode=0;0x00000000_0x00012950/p0/VideoEncode=0;0x00000000_0x00012950/p0/VideoProcessing=0
2026-10-06T04:39:41.348,s1ab-sub-ab-file-2L-on-pp-rech264-20261006T023754,11,5.3,42.7,49,0,0,6,0,0x00000000_0x0001163E/p0/VideoDecode=6;0x00000000_0x0001163E/p0/VideoProcessing=3;0x00000000_0x00012950/p0/VideoDecode=0;0x00000000_0x00012950/p0/VideoEncode=0;0x00000000_0x00012950/p0/VideoProcessing=0
2026-10-06T04:39:43.342,s1ab-pub-ab-file-2L-on-pp-rech264-20261006T023754,10,18.2,145.5,47,0,0,5,0,0x00000000_0x0001163E/p0/VideoDecode=5;0x00000000_0x0001163E/p0/VideoProcessing=2;0x00000000_0x00012950/p0/VideoDecode=0;0x00000000_0x00012950/p0/VideoEncode=0;0x00000000_0x00012950/p0/VideoProcessing=0
2026-10-06T04:39:43.342,s1ab-sub-ab-file-2L-on-pp-rech264-20261006T023754,11,4.3,34.1,47,0,0,5,0,0x00000000_0x0001163E/p0/VideoDecode=5;0x00000000_0x0001163E/p0/VideoProcessing=2;0x00000000_0x00012950/p0/VideoDecode=0;0x00000000_0x00012950/p0/VideoEncode=0;0x00000000_0x00012950/p0/VideoProcessing=0
2026-10-06T04:39:45.400,s1ab-pub-ab-file-2L-on-pp-rech264-20261006T023754,10,19.1,152.7,50,0,0,5,0,0x00000000_0x0001163E/p0/VideoDecode=5;0x00000000_0x0001163E/p0/VideoProcessing=3;0x00000000_0x00012950/p0/VideoDecode=0;0x00000000_0x00012950/p0/VideoEncode=0;0x00000000_0x00012950/p0/VideoProcessing=0
2026-10-06T04:39:45.400,s1ab-sub-ab-file-2L-on-pp-rech264-20261006T023754,11,4.9,39,50,0,0,5,0,0x00000000_0x0001163E/p0/VideoDecode=5;0x00000000_0x0001163E/p0/VideoProcessing=3;0x00000000_0x00012950/p0/VideoDecode=0;0x00000000_0x00012950/p0/VideoEncode=0;0x00000000_0x00012950/p0/VideoProcessing=0
2026-10-06T04:39:47.375,s1ab-pub-ab-file-2L-on-pp-rech264-20261006T023754,10,16.6,132.7,52,0,0,6,0,0x00000000_0x0001163E/p0/VideoDecode=6;0x00000000_0x0001163E/p0/VideoProcessing=3;0x00000000_0x00012950/p0/VideoDecode=0;0x00000000_0x00012950/p0/VideoEncode=0;0x00000000_0x00012950/p0/VideoProcessing=0
2026-10-06T04:39:47.375,s1ab-sub-ab-file-2L-on-pp-rech264-20261006T023754,11,4.8,38.8,52,0,0,6,0,0x00000000_0x0001163E/p0/VideoDecode=6;0x00000000_0x0001163E/p0/VideoProcessing=3;0x00000000_0x00012950/p0/VideoDecode=0;0x00000000_0x00012950/p0/VideoEncode=0;0x00000000_0x00012950/p0/VideoProcessing=0
2026-10-06T04:39:49.522,s1ab-pub-ab-file-2L-on-pp-rech264-20261006T023754,10,20,160,55,0,0,5,0,0x00000000_0x0001163E/p0/VideoDecode=5;0x00000000_0x0001163E/p0/VideoProcessing=2;0x00000000_0x00012950/p0/VideoDecode=0;0x00000000_0x00012950/p0/VideoEncode=0;0x00000000_0x00012950/p0/VideoProcessing=0
2026-10-06T04:39:49.522,s1ab-sub-ab-file-2L-on-pp-rech264-20261006T023754,11,5.6,44.8,55,0,0,5,0,0x00000000_0x0001163E/p0/VideoDecode=5;0x00000000_0x0001163E/p0/VideoProcessing=2;0x00000000_0x00012950/p0/VideoDecode=0;0x00000000_0x00012950/p0/VideoEncode=0;0x00000000_0x00012950/p0/VideoProcessing=0
2026-10-06T04:39:51.653,s1ab-pub-ab-file-2L-on-pp-rech264-20261006T023754,10,16.5,131.8,48,0,0,6,0,0x00000000_0x0001163E/p0/VideoDecode=6;0x00000000_0x0001163E/p0/VideoProcessing=3;0x00000000_0x00012950/p0/VideoDecode=0;0x00000000_0x00012950/p0/VideoEncode=0;0x00000000_0x00012950/p0/VideoProcessing=0
2026-10-06T04:39:51.653,s1ab-sub-ab-file-2L-on-pp-rech264-20261006T023754,11,4,31.9,48,0,0,6,0,0x00000000_0x0001163E/p0/VideoDecode=6;0x00000000_0x0001163E/p0/VideoProcessing=3;0x00000000_0x00012950/p0/VideoDecode=0;0x00000000_0x00012950/p0/VideoEncode=0;0x00000000_0x00012950/p0/VideoProcessing=0
2026-10-06T04:39:53.675,s1ab-pub-ab-file-2L-on-pp-rech264-20261006T023754,10,18.3,146.4,45,0,0,5,0,0x00000000_0x0001163E/p0/VideoDecode=5;0x00000000_0x0001163E/p0/VideoProcessing=3;0x00000000_0x00012950/p0/VideoDecode=0;0x00000000_0x00012950/p0/VideoEncode=0;0x00000000_0x00012950/p0/VideoProcessing=0
2026-10-06T04:39:53.675,s1ab-sub-ab-file-2L-on-pp-rech264-20261006T023754,11,4.6,36.6,45,0,0,5,0,0x00000000_0x0001163E/p0/VideoDecode=5;0x00000000_0x0001163E/p0/VideoProcessing=3;0x00000000_0x00012950/p0/VideoDecode=0;0x00000000_0x00012950/p0/VideoEncode=0;0x00000000_0x00012950/p0/VideoProcessing=0
2026-10-06T04:39:55.705,s1ab-pub-ab-file-2L-on-pp-rech264-20261006T023754,10,18.4,147.4,61,0,0,5,0,0x00000000_0x0001163E/p0/VideoDecode=5;0x00000000_0x0001163E/p0/VideoProcessing=2;0x00000000_0x00012950/p0/VideoDecode=0;0x00000000_0x00012950/p0/VideoEncode=0;0x00000000_0x00012950/p0/VideoProcessing=0
2026-10-06T04:39:55.705,s1ab-sub-ab-file-2L-on-pp-rech264-20261006T023754,11,5.3,42.1,61,0,0,5,0,0x00000000_0x0001163E/p0/VideoDecode=5;0x00000000_0x0001163E/p0/VideoProcessing=2;0x00000000_0x00012950/p0/VideoDecode=0;0x00000000_0x00012950/p0/VideoEncode=0;0x00000000_0x00012950/p0/VideoProcessing=0
2026-10-06T04:39:57.698,s1ab-pub-ab-file-2L-on-pp-rech264-20261006T023754,10,18.7,149.7,56,0,0,5,0,0x00000000_0x0001163E/p0/VideoDecode=5;0x00000000_0x0001163E/p0/VideoProcessing=2;0x00000000_0x00012950/p0/VideoDecode=0;0x00000000_0x00012950/p0/VideoEncode=0;0x00000000_0x00012950/p0/VideoProcessing=0
2026-10-06T04:39:57.698,s1ab-sub-ab-file-2L-on-pp-rech264-20261006T023754,11,5.5,44.2,56,0,0,5,0,0x00000000_0x0001163E/p0/VideoDecode=5;0x00000000_0x0001163E/p0/VideoProcessing=2;0x00000000_0x00012950/p0/VideoDecode=0;0x00000000_0x00012950/p0/VideoEncode=0;0x00000000_0x00012950/p0/VideoProcessing=0
2026-10-06T04:39:59.685,s1ab-pub-ab-file-2L-on-pp-rech264-20261006T023754,10,17.7,141.4,40,0,0,5,0,0x00000000_0x0001163E/p0/VideoDecode=5;0x00000000_0x0001163E/p0/VideoProcessing=3;0x00000000_0x00012950/p0/VideoDecode=0;0x00000000_0x00012950/p0/VideoEncode=0;0x00000000_0x00012950/p0/VideoProcessing=0
2026-10-06T04:39:59.685,s1ab-sub-ab-file-2L-on-pp-rech264-20261006T023754,11,5.2,41.9,40,0,0,5,0,0x00000000_0x0001163E/p0/VideoDecode=5;0x00000000_0x0001163E/p0/VideoProcessing=3;0x00000000_0x00012950/p0/VideoDecode=0;0x00000000_0x00012950/p0/VideoEncode=0;0x00000000_0x00012950/p0/VideoProcessing=0
2026-10-06T04:40:02.111,s1ab-pub-ab-file-2L-on-pp-rech264-20261006T023754,10,18.6,148.7,74,0,0,6,0,0x00000000_0x0001163E/p0/VideoDecode=6;0x00000000_0x0001163E/p0/VideoProcessing=3;0x00000000_0x00012950/p0/VideoDecode=0;0x00000000_0x00012950/p0/VideoEncode=0;0x00000000_0x00012950/p0/VideoProcessing=0
2026-10-06T04:40:02.111,s1ab-sub-ab-file-2L-on-pp-rech264-20261006T023754,11,6.1,48.5,74,0,0,6,0,0x00000000_0x0001163E/p0/VideoDecode=6;0x00000000_0x0001163E/p0/VideoProcessing=3;0x00000000_0x00012950/p0/VideoDecode=0;0x00000000_0x00012950/p0/VideoEncode=0;0x00000000_0x00012950/p0/VideoProcessing=0
2026-10-06T04:40:04.082,s1ab-pub-ab-file-2L-on-pp-rech264-20261006T023754,10,19.4,155.6,65,0,0,5,0,0x00000000_0x0001163E/p0/VideoDecode=5;0x00000000_0x0001163E/p0/VideoProcessing=3;0x00000000_0x00012950/p0/VideoDecode=0;0x00000000_0x00012950/p0/VideoEncode=0;0x00000000_0x00012950/p0/VideoProcessing=0
2026-10-06T04:40:04.082,s1ab-sub-ab-file-2L-on-pp-rech264-20261006T023754,11,6.1,48.8,65,0,0,5,0,0x00000000_0x0001163E/p0/VideoDecode=5;0x00000000_0x0001163E/p0/VideoProcessing=3;0x00000000_0x00012950/p0/VideoDecode=0;0x00000000_0x00012950/p0/VideoEncode=0;0x00000000_0x00012950/p0/VideoProcessing=0
2026-10-06T04:40:06.147,s1ab-pub-ab-file-2L-on-pp-rech264-20261006T023754,10,20.2,161.5,72,0,0,6,0,0x00000000_0x0001163E/p0/VideoDecode=6;0x00000000_0x0001163E/p0/VideoProcessing=3;0x00000000_0x00012950/p0/VideoDecode=0;0x00000000_0x00012950/p0/VideoEncode=0;0x00000000_0x00012950/p0/VideoProcessing=0
2026-10-06T04:40:06.147,s1ab-sub-ab-file-2L-on-pp-rech264-20261006T023754,11,7.6,60.9,72,0,0,6,0,0x00000000_0x0001163E/p0/VideoDecode=6;0x00000000_0x0001163E/p0/VideoProcessing=3;0x00000000_0x00012950/p0/VideoDecode=0;0x00000000_0x00012950/p0/VideoEncode=0;0x00000000_0x00012950/p0/VideoProcessing=0
2026-10-06T04:40:08.193,s1ab-pub-ab-file-2L-on-pp-rech264-20261006T023754,10,19.6,157,77,0,0,5,0,0x00000000_0x0001163E/p0/VideoDecode=5;0x00000000_0x0001163E/p0/VideoProcessing=3;0x00000000_0x00012950/p0/VideoDecode=0;0x00000000_0x00012950/p0/VideoEncode=0;0x00000000_0x00012950/p0/VideoProcessing=0
2026-10-06T04:40:08.193,s1ab-sub-ab-file-2L-on-pp-rech264-20261006T023754,11,6.4,50.8,77,0,0,5,0,0x00000000_0x0001163E/p0/VideoDecode=5;0x00000000_0x0001163E/p0/VideoProcessing=3;0x00000000_0x00012950/p0/VideoDecode=0;0x00000000_0x00012950/p0/VideoEncode=0;0x00000000_0x00012950/p0/VideoProcessing=0
2026-10-06T04:40:10.365,s1ab-pub-ab-file-2L-on-pp-rech264-20261006T023754,10,22.8,182,100,0,0,6,0,0x00000000_0x0001163E/p0/VideoDecode=6;0x00000000_0x0001163E/p0/VideoProcessing=3;0x00000000_0x00012950/p0/VideoDecode=0;0x00000000_0x00012950/p0/VideoEncode=0;0x00000000_0x00012950/p0/VideoProcessing=0
2026-10-06T04:40:10.365,s1ab-sub-ab-file-2L-on-pp-rech264-20261006T023754,11,8.9,71.3,100,0,0,6,0,0x00000000_0x0001163E/p0/VideoDecode=6;0x00000000_0x0001163E/p0/VideoProcessing=3;0x00000000_0x00012950/p0/VideoDecode=0;0x00000000_0x00012950/p0/VideoEncode=0;0x00000000_0x00012950/p0/VideoProcessing=0
2026-10-06T04:40:12.556,s1ab-pub-ab-file-2L-on-pp-rech264-20261006T023754,10,18.6,149.1,84,0,0,6,0,0x00000000_0x0001163E/p0/VideoDecode=6;0x00000000_0x0001163E/p0/VideoProcessing=3;0x00000000_0x00012950/p0/VideoDecode=0;0x00000000_0x00012950/p0/VideoEncode=0;0x00000000_0x00012950/p0/VideoProcessing=0
2026-10-06T04:40:12.556,s1ab-sub-ab-file-2L-on-pp-rech264-20261006T023754,11,7.6,60.7,84,0,0,6,0,0x00000000_0x0001163E/p0/VideoDecode=6;0x00000000_0x0001163E/p0/VideoProcessing=3;0x00000000_0x00012950/p0/VideoDecode=0;0x00000000_0x00012950/p0/VideoEncode=0;0x00000000_0x00012950/p0/VideoProcessing=0
2026-10-06T04:40:14.620,s1ab-pub-ab-file-2L-on-pp-rech264-20261006T023754,10,20.8,166.3,85,0,0,5,0,0x00000000_0x0001163E/p0/VideoDecode=5;0x00000000_0x0001163E/p0/VideoProcessing=3;0x00000000_0x00012950/p0/VideoDecode=0;0x00000000_0x00012950/p0/VideoEncode=0;0x00000000_0x00012950/p0/VideoProcessing=0
2026-10-06T04:40:14.620,s1ab-sub-ab-file-2L-on-pp-rech264-20261006T023754,11,8.8,70.7,85,0,0,5,0,0x00000000_0x0001163E/p0/VideoDecode=5;0x00000000_0x0001163E/p0/VideoProcessing=3;0x00000000_0x00012950/p0/VideoDecode=0;0x00000000_0x00012950/p0/VideoEncode=0;0x00000000_0x00012950/p0/VideoProcessing=0
2026-10-06T04:40:16.879,s1ab-pub-ab-file-2L-on-pp-rech264-20261006T023754,10,21.6,172.8,78,0,0,6,0,0x00000000_0x0001163E/p0/VideoDecode=6;0x00000000_0x0001163E/p0/VideoProcessing=2;0x00000000_0x00012950/p0/VideoDecode=0;0x00000000_0x00012950/p0/VideoEncode=0;0x00000000_0x00012950/p0/VideoProcessing=0
2026-10-06T04:40:16.879,s1ab-sub-ab-file-2L-on-pp-rech264-20261006T023754,11,6.3,50.2,78,0,0,6,0,0x00000000_0x0001163E/p0/VideoDecode=6;0x00000000_0x0001163E/p0/VideoProcessing=2;0x00000000_0x00012950/p0/VideoDecode=0;0x00000000_0x00012950/p0/VideoEncode=0;0x00000000_0x00012950/p0/VideoProcessing=0
2026-10-06T04:40:18.616,s1ab-pub-ab-file-2L-on-pp-rech264-20261006T023754,10,14.6,116.7,83,0,0,5,0,0x00000000_0x0001163E/p0/VideoDecode=5;0x00000000_0x0001163E/p0/VideoProcessing=2;0x00000000_0x00012950/p0/VideoDecode=0;0x00000000_0x00012950/p0/VideoEncode=0;0x00000000_0x00012950/p0/VideoProcessing=0
2026-10-06T04:40:18.616,s1ab-sub-ab-file-2L-on-pp-rech264-20261006T023754,11,5,40.4,83,0,0,5,0,0x00000000_0x0001163E/p0/VideoDecode=5;0x00000000_0x0001163E/p0/VideoProcessing=2;0x00000000_0x00012950/p0/VideoDecode=0;0x00000000_0x00012950/p0/VideoEncode=0;0x00000000_0x00012950/p0/VideoProcessing=0
2026-10-06T04:40:20.522,s1ab-pub-ab-file-2L-on-pp-rech264-20261006T023754,10,16.4,131.5,73,0,0,5,0,0x00000000_0x0001163E/p0/VideoDecode=5;0x00000000_0x0001163E/p0/VideoProcessing=3;0x00000000_0x00012950/p0/VideoDecode=0;0x00000000_0x00012950/p0/VideoEncode=0;0x00000000_0x00012950/p0/VideoProcessing=0
2026-10-06T04:40:20.522,s1ab-sub-ab-file-2L-on-pp-rech264-20261006T023754,11,5,40.4,73,0,0,5,0,0x00000000_0x0001163E/p0/VideoDecode=5;0x00000000_0x0001163E/p0/VideoProcessing=3;0x00000000_0x00012950/p0/VideoDecode=0;0x00000000_0x00012950/p0/VideoEncode=0;0x00000000_0x00012950/p0/VideoProcessing=0
2026-10-06T04:40:22.873,s1ab-pub-ab-file-2L-on-pp-rech264-20261006T023754,10,15.4,122.9,48,0,0,6,0,0x00000000_0x0001163E/p0/VideoDecode=6;0x00000000_0x0001163E/p0/VideoProcessing=3;0x00000000_0x00012950/p0/VideoDecode=0;0x00000000_0x00012950/p0/VideoEncode=0;0x00000000_0x00012950/p0/VideoProcessing=0
2026-10-06T04:40:22.873,s1ab-sub-ab-file-2L-on-pp-rech264-20261006T023754,11,4,32.2,48,0,0,6,0,0x00000000_0x0001163E/p0/VideoDecode=6;0x00000000_0x0001163E/p0/VideoProcessing=3;0x00000000_0x00012950/p0/VideoDecode=0;0x00000000_0x00012950/p0/VideoEncode=0;0x00000000_0x00012950/p0/VideoProcessing=0
2026-10-06T04:40:25.176,s1ab-pub-ab-file-2L-on-pp-rech264-20261006T023754,10,18,144.4,54,0,0,6,0,0x00000000_0x0001163E/p0/VideoDecode=6;0x00000000_0x0001163E/p0/VideoProcessing=3;0x00000000_0x00012950/p0/VideoDecode=0;0x00000000_0x00012950/p0/VideoEncode=0;0x00000000_0x00012950/p0/VideoProcessing=0
2026-10-06T04:40:25.176,s1ab-sub-ab-file-2L-on-pp-rech264-20261006T023754,11,5.4,43.5,54,0,0,6,0,0x00000000_0x0001163E/p0/VideoDecode=6;0x00000000_0x0001163E/p0/VideoProcessing=3;0x00000000_0x00012950/p0/VideoDecode=0;0x00000000_0x00012950/p0/VideoEncode=0;0x00000000_0x00012950/p0/VideoProcessing=0
2026-10-06T04:40:26.958,s1ab-pub-ab-file-2L-on-pp-rech264-20261006T023754,10,14.2,113.4,71,0,0,4,0,0x00000000_0x0001163E/p0/VideoDecode=4;0x00000000_0x0001163E/p0/VideoProcessing=2;0x00000000_0x00012950/p0/VideoDecode=0;0x00000000_0x00012950/p0/VideoEncode=0;0x00000000_0x00012950/p0/VideoProcessing=0
2026-10-06T04:40:26.958,s1ab-sub-ab-file-2L-on-pp-rech264-20261006T023754,11,4.6,36.5,71,0,0,4,0,0x00000000_0x0001163E/p0/VideoDecode=4;0x00000000_0x0001163E/p0/VideoProcessing=2;0x00000000_0x00012950/p0/VideoDecode=0;0x00000000_0x00012950/p0/VideoEncode=0;0x00000000_0x00012950/p0/VideoProcessing=0
2026-10-06T04:40:29.267,s1ab-pub-ab-file-2L-on-pp-rech264-20261006T023754,10,21,167.6,100,0,0,6,0,0x00000000_0x0001163E/p0/VideoDecode=6;0x00000000_0x0001163E/p0/VideoProcessing=3;0x00000000_0x00012950/p0/VideoDecode=0;0x00000000_0x00012950/p0/VideoEncode=0;0x00000000_0x00012950/p0/VideoProcessing=0
2026-10-06T04:40:29.267,s1ab-sub-ab-file-2L-on-pp-rech264-20261006T023754,11,6.2,49.9,100,0,0,6,0,0x00000000_0x0001163E/p0/VideoDecode=6;0x00000000_0x0001163E/p0/VideoProcessing=3;0x00000000_0x00012950/p0/VideoDecode=0;0x00000000_0x00012950/p0/VideoEncode=0;0x00000000_0x00012950/p0/VideoProcessing=0
2026-10-06T04:40:31.018,s1ab-pub-ab-file-2L-on-pp-rech264-20261006T023754,10,15.5,123.8,81,0,0,5,0,0x00000000_0x0001163E/p0/VideoDecode=5;0x00000000_0x0001163E/p0/VideoProcessing=3;0x00000000_0x00012950/p0/VideoDecode=0;0x00000000_0x00012950/p0/VideoEncode=0;0x00000000_0x00012950/p0/VideoProcessing=0
2026-10-06T04:40:31.018,s1ab-sub-ab-file-2L-on-pp-rech264-20261006T023754,11,4.5,36.3,81,0,0,5,0,0x00000000_0x0001163E/p0/VideoDecode=5;0x00000000_0x0001163E/p0/VideoProcessing=3;0x00000000_0x00012950/p0/VideoDecode=0;0x00000000_0x00012950/p0/VideoEncode=0;0x00000000_0x00012950/p0/VideoProcessing=0
2026-10-06T04:40:33.193,s1ab-pub-ab-file-2L-on-pp-rech264-20261006T023754,10,13.5,107.8,46,0,0,5,0,0x00000000_0x0001163E/p0/VideoDecode=5;0x00000000_0x0001163E/p0/VideoProcessing=2;0x00000000_0x00012950/p0/VideoDecode=0;0x00000000_0x00012950/p0/VideoEncode=0;0x00000000_0x00012950/p0/VideoProcessing=0
2026-10-06T04:40:33.193,s1ab-sub-ab-file-2L-on-pp-rech264-20261006T023754,11,5,40,46,0,0,5,0,0x00000000_0x0001163E/p0/VideoDecode=5;0x00000000_0x0001163E/p0/VideoProcessing=2;0x00000000_0x00012950/p0/VideoDecode=0;0x00000000_0x00012950/p0/VideoEncode=0;0x00000000_0x00012950/p0/VideoProcessing=0
2026-10-06T04:40:35.329,s1ab-pub-ab-file-2L-on-pp-rech264-20261006T023754,10,16.4,131,42,0,0,5,0,0x00000000_0x0001163E/p0/VideoDecode=5;0x00000000_0x0001163E/p0/VideoProcessing=2;0x00000000_0x00012950/p0/VideoDecode=0;0x00000000_0x00012950/p0/VideoEncode=0;0x00000000_0x00012950/p0/VideoProcessing=0
2026-10-06T04:40:35.329,s1ab-sub-ab-file-2L-on-pp-rech264-20261006T023754,11,4.5,35.7,42,0,0,5,0,0x00000000_0x0001163E/p0/VideoDecode=5;0x00000000_0x0001163E/p0/VideoProcessing=2;0x00000000_0x00012950/p0/VideoDecode=0;0x00000000_0x00012950/p0/VideoEncode=0;0x00000000_0x00012950/p0/VideoProcessing=0
2026-10-06T04:40:37.236,s1ab-pub-ab-file-2L-on-pp-rech264-20261006T023754,10,13.6,108.9,67,0,0,6,0,0x00000000_0x0001163E/p0/VideoDecode=6;0x00000000_0x0001163E/p0/VideoProcessing=2;0x00000000_0x00012950/p0/VideoDecode=0;0x00000000_0x00012950/p0/VideoEncode=0;0x00000000_0x00012950/p0/VideoProcessing=0
2026-10-06T04:40:37.236,s1ab-sub-ab-file-2L-on-pp-rech264-20261006T023754,11,5.2,42,67,0,0,6,0,0x00000000_0x0001163E/p0/VideoDecode=6;0x00000000_0x0001163E/p0/VideoProcessing=2;0x00000000_0x00012950/p0/VideoDecode=0;0x00000000_0x00012950/p0/VideoEncode=0;0x00000000_0x00012950/p0/VideoProcessing=0
2026-10-06T04:40:39.224,s1ab-pub-ab-file-2L-on-pp-rech264-20261006T023754,10,14.6,117,46,0,0,4,0,0x00000000_0x0001163E/p0/VideoDecode=4;0x00000000_0x0001163E/p0/VideoProcessing=2;0x00000000_0x00012950/p0/VideoDecode=0;0x00000000_0x00012950/p0/VideoEncode=0;0x00000000_0x00012950/p0/VideoProcessing=0
2026-10-06T04:40:39.224,s1ab-sub-ab-file-2L-on-pp-rech264-20261006T023754,11,7.2,57.3,46,0,0,4,0,0x00000000_0x0001163E/p0/VideoDecode=4;0x00000000_0x0001163E/p0/VideoProcessing=2;0x00000000_0x00012950/p0/VideoDecode=0;0x00000000_0x00012950/p0/VideoEncode=0;0x00000000_0x00012950/p0/VideoProcessing=0
2026-10-06T04:40:41.249,s1ab-pub-ab-file-2L-on-pp-rech264-20261006T023754,10,13.6,109.1,42,0,0,5,0,0x00000000_0x0001163E/p0/VideoDecode=5;0x00000000_0x0001163E/p0/VideoProcessing=2;0x00000000_0x00012950/p0/VideoDecode=0;0x00000000_0x00012950/p0/VideoEncode=0;0x00000000_0x00012950/p0/VideoProcessing=0
2026-10-06T04:40:41.249,s1ab-sub-ab-file-2L-on-pp-rech264-20261006T023754,11,5.1,40.5,42,0,0,5,0,0x00000000_0x0001163E/p0/VideoDecode=5;0x00000000_0x0001163E/p0/VideoProcessing=2;0x00000000_0x00012950/p0/VideoDecode=0;0x00000000_0x00012950/p0/VideoEncode=0;0x00000000_0x00012950/p0/VideoProcessing=0
2026-10-06T04:40:43.582,s1ab-pub-ab-file-2L-on-pp-rech264-20261006T023754,10,15.7,125.8,62,0,0,5,0,0x00000000_0x0001163E/p0/VideoDecode=5;0x00000000_0x0001163E/p0/VideoProcessing=2;0x00000000_0x00012950/p0/VideoDecode=0;0x00000000_0x00012950/p0/VideoEncode=0;0x00000000_0x00012950/p0/VideoProcessing=0
2026-10-06T04:40:43.582,s1ab-sub-ab-file-2L-on-pp-rech264-20261006T023754,11,4.5,36.2,62,0,0,5,0,0x00000000_0x0001163E/p0/VideoDecode=5;0x00000000_0x0001163E/p0/VideoProcessing=2;0x00000000_0x00012950/p0/VideoDecode=0;0x00000000_0x00012950/p0/VideoEncode=0;0x00000000_0x00012950/p0/VideoProcessing=0
2026-10-06T04:40:45.610,s1ab-pub-ab-file-2L-on-pp-rech264-20261006T023754,10,15,120.3,58,0,0,5,0,0x00000000_0x0001163E/p0/VideoDecode=5;0x00000000_0x0001163E/p0/VideoProcessing=2;0x00000000_0x00012950/p0/VideoDecode=0;0x00000000_0x00012950/p0/VideoEncode=0;0x00000000_0x00012950/p0/VideoProcessing=0
2026-10-06T04:40:45.610,s1ab-sub-ab-file-2L-on-pp-rech264-20261006T023754,11,5,39.6,58,0,0,5,0,0x00000000_0x0001163E/p0/VideoDecode=5;0x00000000_0x0001163E/p0/VideoProcessing=2;0x00000000_0x00012950/p0/VideoDecode=0;0x00000000_0x00012950/p0/VideoEncode=0;0x00000000_0x00012950/p0/VideoProcessing=0
2026-10-06T04:40:47.542,s1ab-pub-ab-file-2L-on-pp-rech264-20261006T023754,10,10.8,86.2,53,0,0,1,0,0x00000000_0x0001163E/p0/VideoDecode=1;0x00000000_0x0001163E/p0/VideoProcessing=2;0x00000000_0x00012950/p0/VideoDecode=0;0x00000000_0x00012950/p0/VideoEncode=0;0x00000000_0x00012950/p0/VideoProcessing=0
2026-10-06T04:40:47.542,s1ab-sub-ab-file-2L-on-pp-rech264-20261006T023754,11,8.5,67.8,53,0,0,1,0,0x00000000_0x0001163E/p0/VideoDecode=1;0x00000000_0x0001163E/p0/VideoProcessing=2;0x00000000_0x00012950/p0/VideoDecode=0;0x00000000_0x00012950/p0/VideoEncode=0;0x00000000_0x00012950/p0/VideoProcessing=0
