cond,t_rel_s,at_paris,rid,ssrc,w,h,fps,bytesSent,framesSent,active,qlr,qlrDur_none,qlrDur_cpu,qlrDur_bandwidth,qlrDur_other,qlrResChanges,encoderImplementation,powerEfficientEncoder,scalabilityMode,targetBitrate,codec
ab-file-2L-on-pp-rech264,2.3,2026-10-06T04:38:47.915,h,3081429677,1280,720,22,4435983,734,true,none,25.77,0,3.909,0,1,"SimulcastEncoderAdapter (libvpx, libvpx)",false,L1T3,1700000,video/VP8
ab-file-2L-on-pp-rech264,2.3,2026-10-06T04:38:47.915,q,725102415,320,180,20,846512,588,true,none,25.77,0,3.909,0,1,"SimulcastEncoderAdapter (libvpx, libvpx)",false,L1T3,143132,video/VP8
ab-file-2L-on-pp-rech264,4.4,2026-10-06T04:38:49.984,h,3081429677,1280,720,23,4751687,780,true,none,27.833,0,3.909,0,1,"SimulcastEncoderAdapter (libvpx, libvpx)",false,L1T3,1700000,video/VP8
ab-file-2L-on-pp-rech264,4.4,2026-10-06T04:38:49.984,q,725102415,320,180,20,879749,629,true,none,27.833,0,3.909,0,1,"SimulcastEncoderAdapter (libvpx, libvpx)",false,L1T3,150000,video/VP8
ab-file-2L-on-pp-rech264,6.4,2026-10-06T04:38:52.042,h,3081429677,1280,720,26,5094819,829,true,none,29.891,0,3.909,0,1,"SimulcastEncoderAdapter (libvpx, libvpx)",false,L1T3,1700000,video/VP8
ab-file-2L-on-pp-rech264,6.4,2026-10-06T04:38:52.042,q,725102415,320,180,20,919014,670,true,none,29.891,0,3.909,0,1,"SimulcastEncoderAdapter (libvpx, libvpx)",false,L1T3,150000,video/VP8
ab-file-2L-on-pp-rech264,8.5,2026-10-06T04:38:54.097,h,3081429677,1280,720,26,5473255,884,true,none,31.954,0,3.909,0,1,"SimulcastEncoderAdapter (libvpx, libvpx)",false,L1T3,1700000,video/VP8
ab-file-2L-on-pp-rech264,8.5,2026-10-06T04:38:54.097,q,725102415,320,180,20,955389,712,true,none,31.954,0,3.909,0,1,"SimulcastEncoderAdapter (libvpx, libvpx)",false,L1T3,150000,video/VP8
ab-file-2L-on-pp-rech264,10.5,2026-10-06T04:38:56.160,h,3081429677,1280,720,28,5875230,940,true,none,34.005,0,3.909,0,1,"SimulcastEncoderAdapter (libvpx, libvpx)",false,L1T3,1700000,video/VP8
ab-file-2L-on-pp-rech264,10.5,2026-10-06T04:38:56.160,q,725102415,320,180,20,993316,753,true,none,34.005,0,3.909,0,1,"SimulcastEncoderAdapter (libvpx, libvpx)",false,L1T3,150000,video/VP8
ab-file-2L-on-pp-rech264,12.6,2026-10-06T04:38:58.186,h,3081429677,960,540,29,6213281,1000,true,cpu,35.213,0.818,3.909,0,1,"SimulcastEncoderAdapter (libvpx, libvpx)",false,L1T3,1416667,video/VP8
ab-file-2L-on-pp-rech264,12.6,2026-10-06T04:38:58.186,q,725102415,240,135,20,1027189,793,true,cpu,35.213,0.818,3.909,0,1,"SimulcastEncoderAdapter (libvpx, libvpx)",false,L1T3,125000,video/VP8
ab-file-2L-on-pp-rech264,14.6,2026-10-06T04:39:00.232,h,3081429677,960,540,29,6591328,1058,true,cpu,35.213,2.872,3.909,0,1,"SimulcastEncoderAdapter (libvpx, libvpx)",false,L1T3,1700000,video/VP8
ab-file-2L-on-pp-rech264,14.6,2026-10-06T04:39:00.232,q,725102415,240,135,20,1063105,834,true,cpu,35.213,2.872,3.909,0,1,"SimulcastEncoderAdapter (libvpx, libvpx)",false,L1T3,150000,video/VP8
ab-file-2L-on-pp-rech264,16.7,2026-10-06T04:39:02.284,h,3081429677,960,540,30,7075008,1119,true,cpu,35.213,4.883,3.909,0,1,"SimulcastEncoderAdapter (libvpx, libvpx)",false,L1T3,1565993,video/VP8
ab-file-2L-on-pp-rech264,16.7,2026-10-06T04:39:02.284,q,725102415,240,135,21,1105420,875,true,cpu,35.213,4.883,3.909,0,1,"SimulcastEncoderAdapter (libvpx, libvpx)",false,L1T3,142772,video/VP8
ab-file-2L-on-pp-rech264,18.7,2026-10-06T04:39:04.316,h,3081429677,960,540,29,7501468,1180,true,cpu,35.213,6.947,3.909,0,1,"SimulcastEncoderAdapter (libvpx, libvpx)",false,L1T3,1648027,video/VP8
ab-file-2L-on-pp-rech264,18.7,2026-10-06T04:39:04.316,q,725102415,240,135,20,1143146,916,true,cpu,35.213,6.947,3.909,0,1,"SimulcastEncoderAdapter (libvpx, libvpx)",false,L1T3,142600,video/VP8
ab-file-2L-on-pp-rech264,20.7,2026-10-06T04:39:06.354,h,3081429677,960,540,29,7927204,1241,true,cpu,35.213,8.988,3.909,0,1,"SimulcastEncoderAdapter (libvpx, libvpx)",false,L1T3,1700000,video/VP8
ab-file-2L-on-pp-rech264,20.7,2026-10-06T04:39:06.354,q,725102415,240,135,21,1179428,957,true,cpu,35.213,8.988,3.909,0,1,"SimulcastEncoderAdapter (libvpx, libvpx)",false,L1T3,150000,video/VP8
ab-file-2L-on-pp-rech264,22.8,2026-10-06T04:39:08.390,h,3081429677,960,540,30,8358492,1303,true,cpu,35.213,11.022,3.909,0,1,"SimulcastEncoderAdapter (libvpx, libvpx)",false,L1T3,1698305,video/VP8
ab-file-2L-on-pp-rech264,22.8,2026-10-06T04:39:08.390,q,725102415,240,135,20,1213962,997,true,cpu,35.213,11.022,3.909,0,1,"SimulcastEncoderAdapter (libvpx, libvpx)",false,L1T3,150000,video/VP8
ab-file-2L-on-pp-rech264,24.8,2026-10-06T04:39:10.420,h,3081429677,960,540,29,8781076,1363,true,cpu,35.213,13.055,3.909,0,1,"SimulcastEncoderAdapter (libvpx, libvpx)",false,L1T3,1700000,video/VP8
ab-file-2L-on-pp-rech264,24.8,2026-10-06T04:39:10.420,q,725102415,240,135,20,1252105,1038,true,cpu,35.213,13.055,3.909,0,1,"SimulcastEncoderAdapter (libvpx, libvpx)",false,L1T3,150000,video/VP8
ab-file-2L-on-pp-rech264,26.8,2026-10-06T04:39:12.452,h,3081429677,960,540,29,9218611,1424,true,cpu,35.213,15.083,3.909,0,1,"SimulcastEncoderAdapter (libvpx, libvpx)",false,L1T3,1700000,video/VP8
ab-file-2L-on-pp-rech264,26.8,2026-10-06T04:39:12.452,q,725102415,240,135,21,1290409,1079,true,cpu,35.213,15.083,3.909,0,1,"SimulcastEncoderAdapter (libvpx, libvpx)",false,L1T3,150000,video/VP8
ab-file-2L-on-pp-rech264,28.9,2026-10-06T04:39:14.500,h,3081429677,960,540,29,9652026,1486,true,cpu,35.213,17.138,3.909,0,1,"SimulcastEncoderAdapter (libvpx, libvpx)",false,L1T3,1693682,video/VP8
ab-file-2L-on-pp-rech264,28.9,2026-10-06T04:39:14.500,q,725102415,240,135,21,1328769,1120,true,cpu,35.213,17.138,3.909,0,1,"SimulcastEncoderAdapter (libvpx, libvpx)",false,L1T3,148800,video/VP8
ab-file-2L-on-pp-rech264,30.9,2026-10-06T04:39:16.547,h,3081429677,960,540,26,10054862,1543,true,cpu,35.213,19.189,3.909,0,1,"SimulcastEncoderAdapter (libvpx, libvpx)",false,L1T3,1700000,video/VP8
ab-file-2L-on-pp-rech264,30.9,2026-10-06T04:39:16.547,q,725102415,240,135,21,1367470,1161,true,cpu,35.213,19.189,3.909,0,1,"SimulcastEncoderAdapter (libvpx, libvpx)",false,L1T3,150000,video/VP8
ab-file-2L-on-pp-rech264,33,2026-10-06T04:39:18.592,h,3081429677,960,540,25,10445304,1600,true,cpu,35.213,21.227,3.909,0,1,"SimulcastEncoderAdapter (libvpx, libvpx)",false,L1T3,1700000,video/VP8
ab-file-2L-on-pp-rech264,33,2026-10-06T04:39:18.592,q,725102415,240,135,20,1404261,1201,true,cpu,35.213,21.227,3.909,0,1,"SimulcastEncoderAdapter (libvpx, libvpx)",false,L1T3,150000,video/VP8
ab-file-2L-on-pp-rech264,35,2026-10-06T04:39:20.631,h,3081429677,960,540,28,10847584,1655,true,cpu,35.213,23.269,3.909,0,1,"SimulcastEncoderAdapter (libvpx, libvpx)",false,L1T3,1700000,video/VP8
ab-file-2L-on-pp-rech264,35,2026-10-06T04:39:20.631,q,725102415,240,135,20,1444707,1242,true,cpu,35.213,23.269,3.909,0,1,"SimulcastEncoderAdapter (libvpx, libvpx)",false,L1T3,147913,video/VP8
ab-file-2L-on-pp-rech264,37,2026-10-06T04:39:22.670,h,3081429677,640,360,29,11236515,1716,true,cpu,35.213,25.302,3.909,0,1,"SimulcastEncoderAdapter (libvpx, libvpx)",false,L1T3,1416667,video/VP8
ab-file-2L-on-pp-rech264,37,2026-10-06T04:39:22.670,q,725102415,160,90,21,1479802,1284,true,cpu,35.213,25.302,3.909,0,1,"SimulcastEncoderAdapter (libvpx, libvpx)",false,L1T3,125000,video/VP8
ab-file-2L-on-pp-rech264,39.1,2026-10-06T04:39:24.707,h,3081429677,640,360,30,11579704,1777,true,cpu,35.213,27.34,3.909,0,1,"SimulcastEncoderAdapter (libvpx, libvpx)",false,L1T3,1700000,video/VP8
ab-file-2L-on-pp-rech264,39.1,2026-10-06T04:39:24.707,q,725102415,160,90,20,1508545,1325,true,cpu,35.213,27.34,3.909,0,1,"SimulcastEncoderAdapter (libvpx, libvpx)",false,L1T3,150000,video/VP8
ab-file-2L-on-pp-rech264,41.1,2026-10-06T04:39:26.750,h,3081429677,640,360,30,12062143,1839,true,cpu,35.213,29.384,3.909,0,1,"SimulcastEncoderAdapter (libvpx, libvpx)",false,L1T3,1662010,video/VP8
ab-file-2L-on-pp-rech264,41.1,2026-10-06T04:39:26.750,q,725102415,160,90,20,1548563,1365,true,cpu,35.213,29.384,3.909,0,1,"SimulcastEncoderAdapter (libvpx, libvpx)",false,L1T3,150000,video/VP8
ab-file-2L-on-pp-rech264,43.2,2026-10-06T04:39:28.787,h,3081429677,640,360,30,12495182,1899,true,cpu,35.213,31.418,3.909,0,1,"SimulcastEncoderAdapter (libvpx, libvpx)",false,L1T3,1601477,video/VP8
ab-file-2L-on-pp-rech264,43.2,2026-10-06T04:39:28.787,q,725102415,160,90,20,1590280,1406,true,cpu,35.213,31.418,3.909,0,1,"SimulcastEncoderAdapter (libvpx, libvpx)",false,L1T3,138085,video/VP8
ab-file-2L-on-pp-rech264,45.2,2026-10-06T04:39:30.837,h,3081429677,640,360,31,12942862,1962,true,cpu,35.213,33.471,3.909,0,1,"SimulcastEncoderAdapter (libvpx, libvpx)",false,L1T3,1700000,video/VP8
ab-file-2L-on-pp-rech264,45.2,2026-10-06T04:39:30.837,q,725102415,160,90,20,1628352,1447,true,cpu,35.213,33.471,3.909,0,1,"SimulcastEncoderAdapter (libvpx, libvpx)",false,L1T3,150000,video/VP8
ab-file-2L-on-pp-rech264,47.2,2026-10-06T04:39:32.854,h,3081429677,640,360,31,13349091,2022,true,cpu,35.213,35.49,3.909,0,1,"SimulcastEncoderAdapter (libvpx, libvpx)",false,L1T3,1700000,video/VP8
ab-file-2L-on-pp-rech264,47.2,2026-10-06T04:39:32.854,q,725102415,160,90,19,1662550,1487,true,cpu,35.213,35.49,3.909,0,1,"SimulcastEncoderAdapter (libvpx, libvpx)",false,L1T3,150000,video/VP8
ab-file-2L-on-pp-rech264,49.3,2026-10-06T04:39:34.911,h,3081429677,640,360,30,13784525,2083,true,cpu,35.213,37.543,3.909,0,1,"SimulcastEncoderAdapter (libvpx, libvpx)",false,L1T3,1700000,video/VP8
ab-file-2L-on-pp-rech264,49.3,2026-10-06T04:39:34.911,q,725102415,160,90,20,1701463,1529,true,cpu,35.213,37.543,3.909,0,1,"SimulcastEncoderAdapter (libvpx, libvpx)",false,L1T3,150000,video/VP8
ab-file-2L-on-pp-rech264,51.3,2026-10-06T04:39:36.947,h,3081429677,640,360,31,14219787,2145,true,cpu,35.213,39.578,3.909,0,1,"SimulcastEncoderAdapter (libvpx, libvpx)",false,L1T3,1700000,video/VP8
ab-file-2L-on-pp-rech264,51.3,2026-10-06T04:39:36.947,q,725102415,160,90,20,1738533,1569,true,cpu,35.213,39.578,3.909,0,1,"SimulcastEncoderAdapter (libvpx, libvpx)",false,L1T3,150000,video/VP8
ab-file-2L-on-pp-rech264,53.4,2026-10-06T04:39:38.981,h,3081429677,640,360,30,14657232,2205,true,cpu,35.213,41.612,3.909,0,1,"SimulcastEncoderAdapter (libvpx, libvpx)",false,L1T3,1659397,video/VP8
ab-file-2L-on-pp-rech264,53.4,2026-10-06T04:39:38.981,q,725102415,160,90,20,1780047,1610,true,cpu,35.213,41.612,3.909,0,1,"SimulcastEncoderAdapter (libvpx, libvpx)",false,L1T3,144232,video/VP8
ab-file-2L-on-pp-rech264,55.4,2026-10-06T04:39:41.022,h,3081429677,640,360,30,15083365,2267,true,cpu,35.213,43.659,3.909,0,1,"SimulcastEncoderAdapter (libvpx, libvpx)",false,L1T3,1700000,video/VP8
ab-file-2L-on-pp-rech264,55.4,2026-10-06T04:39:41.022,q,725102415,160,90,20,1814563,1651,true,cpu,35.213,43.659,3.909,0,1,"SimulcastEncoderAdapter (libvpx, libvpx)",false,L1T3,150000,video/VP8
ab-file-2L-on-pp-rech264,57.4,2026-10-06T04:39:43.060,h,3081429677,640,360,30,15525544,2328,true,cpu,35.213,45.695,3.909,0,1,"SimulcastEncoderAdapter (libvpx, libvpx)",false,L1T3,1700000,video/VP8
ab-file-2L-on-pp-rech264,57.4,2026-10-06T04:39:43.060,q,725102415,160,90,19,1854111,1691,true,cpu,35.213,45.695,3.909,0,1,"SimulcastEncoderAdapter (libvpx, libvpx)",false,L1T3,149340,video/VP8
ab-file-2L-on-pp-rech264,59.5,2026-10-06T04:39:45.102,h,3081429677,640,360,30,15947149,2389,true,cpu,35.213,47.743,3.909,0,1,"SimulcastEncoderAdapter (libvpx, libvpx)",false,L1T3,1663700,video/VP8
ab-file-2L-on-pp-rech264,59.5,2026-10-06T04:39:45.102,q,725102415,160,90,20,1891896,1733,true,cpu,35.213,47.743,3.909,0,1,"SimulcastEncoderAdapter (libvpx, libvpx)",false,L1T3,143488,video/VP8
ab-file-2L-on-pp-rech264,61.5,2026-10-06T04:39:47.155,h,3081429677,640,360,30,16395834,2451,true,cpu,35.213,49.788,3.909,0,1,"SimulcastEncoderAdapter (libvpx, libvpx)",false,L1T3,1700000,video/VP8
ab-file-2L-on-pp-rech264,61.5,2026-10-06T04:39:47.155,q,725102415,160,90,20,1930403,1773,true,cpu,35.213,49.788,3.909,0,1,"SimulcastEncoderAdapter (libvpx, libvpx)",false,L1T3,150000,video/VP8
ab-file-2L-on-pp-rech264,63.6,2026-10-06T04:39:49.183,h,3081429677,640,360,31,16808741,2512,true,cpu,35.213,51.813,3.909,0,1,"SimulcastEncoderAdapter (libvpx, libvpx)",false,L1T3,1700000,video/VP8
ab-file-2L-on-pp-rech264,63.6,2026-10-06T04:39:49.183,q,725102415,160,90,20,1966308,1814,true,cpu,35.213,51.813,3.909,0,1,"SimulcastEncoderAdapter (libvpx, libvpx)",false,L1T3,150000,video/VP8
ab-file-2L-on-pp-rech264,65.6,2026-10-06T04:39:51.221,h,3081429677,640,360,30,17236041,2573,true,cpu,35.213,53.853,3.909,0,1,"SimulcastEncoderAdapter (libvpx, libvpx)",false,L1T3,1700000,video/VP8
ab-file-2L-on-pp-rech264,65.6,2026-10-06T04:39:51.221,q,725102415,160,90,20,2001864,1855,true,cpu,35.213,53.853,3.909,0,1,"SimulcastEncoderAdapter (libvpx, libvpx)",false,L1T3,150000,video/VP8
ab-file-2L-on-pp-rech264,67.6,2026-10-06T04:39:53.253,h,3081429677,640,360,30,17670324,2634,true,cpu,35.213,55.89,3.909,0,1,"SimulcastEncoderAdapter (libvpx, libvpx)",false,L1T3,1626470,video/VP8
ab-file-2L-on-pp-rech264,67.6,2026-10-06T04:39:53.253,q,725102415,160,90,19,2041615,1895,true,cpu,35.213,55.89,3.909,0,1,"SimulcastEncoderAdapter (libvpx, libvpx)",false,L1T3,146860,video/VP8
ab-file-2L-on-pp-rech264,69.7,2026-10-06T04:39:55.307,h,3081429677,640,360,30,18099522,2695,true,cpu,35.213,57.944,3.909,0,1,"SimulcastEncoderAdapter (libvpx, libvpx)",false,L1T3,1700000,video/VP8
ab-file-2L-on-pp-rech264,69.7,2026-10-06T04:39:55.307,q,725102415,160,90,20,2081876,1937,true,cpu,35.213,57.944,3.909,0,1,"SimulcastEncoderAdapter (libvpx, libvpx)",false,L1T3,142410,video/VP8
ab-file-2L-on-pp-rech264,71.7,2026-10-06T04:39:57.350,h,3081429677,640,360,31,18541104,2757,true,cpu,35.213,59.975,3.909,0,1,"SimulcastEncoderAdapter (libvpx, libvpx)",false,L1T3,1700000,video/VP8
ab-file-2L-on-pp-rech264,71.7,2026-10-06T04:39:57.350,q,725102415,160,90,20,2118332,1977,true,cpu,35.213,59.975,3.909,0,1,"SimulcastEncoderAdapter (libvpx, libvpx)",false,L1T3,150000,video/VP8
ab-file-2L-on-pp-rech264,73.8,2026-10-06T04:39:59.378,h,3081429677,640,360,30,18952109,2817,true,cpu,35.213,62.005,3.909,0,1,"SimulcastEncoderAdapter (libvpx, libvpx)",false,L1T3,1700000,video/VP8
ab-file-2L-on-pp-rech264,73.8,2026-10-06T04:39:59.378,q,725102415,160,90,20,2154364,2018,true,cpu,35.213,62.005,3.909,0,1,"SimulcastEncoderAdapter (libvpx, libvpx)",false,L1T3,150000,video/VP8
ab-file-2L-on-pp-rech264,75.8,2026-10-06T04:40:01.400,h,3081429677,640,360,30,19393299,2878,true,cpu,35.213,64.033,3.909,0,1,"SimulcastEncoderAdapter (libvpx, libvpx)",false,L1T3,1700000,video/VP8
ab-file-2L-on-pp-rech264,75.8,2026-10-06T04:40:01.400,q,725102415,160,90,20,2193274,2058,true,cpu,35.213,64.033,3.909,0,1,"SimulcastEncoderAdapter (libvpx, libvpx)",false,L1T3,150000,video/VP8
ab-file-2L-on-pp-rech264,77.8,2026-10-06T04:40:03.444,h,3081429677,640,360,31,19831284,2940,true,cpu,35.213,66.073,3.909,0,1,"SimulcastEncoderAdapter (libvpx, libvpx)",false,L1T3,1700000,video/VP8
ab-file-2L-on-pp-rech264,77.8,2026-10-06T04:40:03.444,q,725102415,160,90,20,2233016,2099,true,cpu,35.213,66.073,3.909,0,1,"SimulcastEncoderAdapter (libvpx, libvpx)",false,L1T3,149500,video/VP8
ab-file-2L-on-pp-rech264,79.9,2026-10-06T04:40:05.476,h,3081429677,640,360,30,20263740,3001,true,cpu,35.213,68.104,3.909,0,1,"SimulcastEncoderAdapter (libvpx, libvpx)",false,L1T3,1687270,video/VP8
ab-file-2L-on-pp-rech264,79.9,2026-10-06T04:40:05.476,q,725102415,160,90,20,2269965,2140,true,cpu,35.213,68.104,3.909,0,1,"SimulcastEncoderAdapter (libvpx, libvpx)",false,L1T3,142823,video/VP8
ab-file-2L-on-pp-rech264,81.9,2026-10-06T04:40:07.506,h,3081429677,640,360,29,20668307,3061,true,cpu,35.213,70.134,3.909,0,1,"SimulcastEncoderAdapter (libvpx, libvpx)",false,L1T3,1700000,video/VP8
ab-file-2L-on-pp-rech264,81.9,2026-10-06T04:40:07.506,q,725102415,160,90,21,2305088,2181,true,cpu,35.213,70.134,3.909,0,1,"SimulcastEncoderAdapter (libvpx, libvpx)",false,L1T3,150000,video/VP8
ab-file-2L-on-pp-rech264,83.9,2026-10-06T04:40:09.546,h,3081429677,640,360,23,21071174,3116,true,cpu,35.213,72.181,3.909,0,1,"SimulcastEncoderAdapter (libvpx, libvpx)",false,L1T3,1700000,video/VP8
ab-file-2L-on-pp-rech264,83.9,2026-10-06T04:40:09.546,q,725102415,160,90,20,2344053,2221,true,cpu,35.213,72.181,3.909,0,1,"SimulcastEncoderAdapter (libvpx, libvpx)",false,L1T3,150000,video/VP8
ab-file-2L-on-pp-rech264,86,2026-10-06T04:40:11.633,h,3081429677,640,360,30,21486699,3175,true,cpu,35.213,74.27,3.909,0,1,"SimulcastEncoderAdapter (libvpx, libvpx)",false,L1T3,1700000,video/VP8
ab-file-2L-on-pp-rech264,86,2026-10-06T04:40:11.633,q,725102415,160,90,20,2383285,2263,true,cpu,35.213,74.27,3.909,0,1,"SimulcastEncoderAdapter (libvpx, libvpx)",false,L1T3,150000,video/VP8
ab-file-2L-on-pp-rech264,88.1,2026-10-06T04:40:13.705,h,3081429677,640,360,29,21920708,3236,true,cpu,35.213,76.335,3.909,0,1,"SimulcastEncoderAdapter (libvpx, libvpx)",false,L1T3,1700000,video/VP8
ab-file-2L-on-pp-rech264,88.1,2026-10-06T04:40:13.705,q,725102415,160,90,20,2422364,2304,true,cpu,35.213,76.335,3.909,0,1,"SimulcastEncoderAdapter (libvpx, libvpx)",false,L1T3,148933,video/VP8
ab-file-2L-on-pp-rech264,90.1,2026-10-06T04:40:15.732,h,3081429677,640,360,25,22363074,3293,true,cpu,35.213,78.374,3.909,0,1,"SimulcastEncoderAdapter (libvpx, libvpx)",false,L1T3,1700000,video/VP8
ab-file-2L-on-pp-rech264,90.1,2026-10-06T04:40:15.732,q,725102415,160,90,20,2465134,2345,true,cpu,35.213,78.374,3.909,0,1,"SimulcastEncoderAdapter (libvpx, libvpx)",false,L1T3,146112,video/VP8
ab-file-2L-on-pp-rech264,92.2,2026-10-06T04:40:17.817,h,3081429677,640,360,23,22687017,3347,true,cpu,35.213,80.445,3.909,0,1,"SimulcastEncoderAdapter (libvpx, libvpx)",false,L1T3,1700000,video/VP8
ab-file-2L-on-pp-rech264,92.2,2026-10-06T04:40:17.817,q,725102415,160,90,17,2491272,2384,true,cpu,35.213,80.445,3.909,0,1,"SimulcastEncoderAdapter (libvpx, libvpx)",false,L1T3,150000,video/VP8
ab-file-2L-on-pp-rech264,94.2,2026-10-06T04:40:19.855,h,3081429677,640,360,15,22995646,3378,true,cpu,35.213,82.485,3.909,0,1,"SimulcastEncoderAdapter (libvpx, libvpx)",false,L1T3,1700000,video/VP8
ab-file-2L-on-pp-rech264,94.2,2026-10-06T04:40:19.855,q,725102415,160,90,15,2526942,2415,true,cpu,35.213,82.485,3.909,0,1,"SimulcastEncoderAdapter (libvpx, libvpx)",false,L1T3,150000,video/VP8
ab-file-2L-on-pp-rech264,96.3,2026-10-06T04:40:21.900,h,3081429677,640,360,15,23350068,3408,true,cpu,35.213,84.53,3.909,0,1,"SimulcastEncoderAdapter (libvpx, libvpx)",false,L1T3,1700000,video/VP8
ab-file-2L-on-pp-rech264,96.3,2026-10-06T04:40:21.900,q,725102415,160,90,15,2555727,2445,true,cpu,35.213,84.53,3.909,0,1,"SimulcastEncoderAdapter (libvpx, libvpx)",false,L1T3,150000,video/VP8
ab-file-2L-on-pp-rech264,98.3,2026-10-06T04:40:23.934,h,3081429677,640,360,15,23794202,3439,true,cpu,35.213,86.563,3.909,0,1,"SimulcastEncoderAdapter (libvpx, libvpx)",false,L1T3,1700000,video/VP8
ab-file-2L-on-pp-rech264,98.3,2026-10-06T04:40:23.934,q,725102415,160,90,15,2592299,2476,true,cpu,35.213,86.563,3.909,0,1,"SimulcastEncoderAdapter (libvpx, libvpx)",false,L1T3,150000,video/VP8
ab-file-2L-on-pp-rech264,100.3,2026-10-06T04:40:25.969,h,3081429677,640,360,15,24239825,3469,true,cpu,35.213,88.598,3.909,0,1,"SimulcastEncoderAdapter (libvpx, libvpx)",false,L1T3,1583457,video/VP8
ab-file-2L-on-pp-rech264,100.3,2026-10-06T04:40:25.969,q,725102415,160,90,14,2630887,2506,true,cpu,35.213,88.598,3.909,0,1,"SimulcastEncoderAdapter (libvpx, libvpx)",false,L1T3,146683,video/VP8
ab-file-2L-on-pp-rech264,102.4,2026-10-06T04:40:27.994,h,3081429677,640,360,16,24662883,3500,true,cpu,35.213,90.629,3.909,0,1,"SimulcastEncoderAdapter (libvpx, libvpx)",false,L1T3,1700000,video/VP8
ab-file-2L-on-pp-rech264,102.4,2026-10-06T04:40:27.994,q,725102415,160,90,15,2672499,2537,true,cpu,35.213,90.629,3.909,0,1,"SimulcastEncoderAdapter (libvpx, libvpx)",false,L1T3,141155,video/VP8
ab-file-2L-on-pp-rech264,104.4,2026-10-06T04:40:30.029,h,3081429677,640,360,15,25084994,3530,true,cpu,35.213,92.66,3.909,0,1,"SimulcastEncoderAdapter (libvpx, libvpx)",false,L1T3,1700000,video/VP8
ab-file-2L-on-pp-rech264,104.4,2026-10-06T04:40:30.029,q,725102415,160,90,15,2708604,2567,true,cpu,35.213,92.66,3.909,0,1,"SimulcastEncoderAdapter (libvpx, libvpx)",false,L1T3,149428,video/VP8
ab-file-2L-on-pp-rech264,106.4,2026-10-06T04:40:32.057,h,3081429677,640,360,15,25537084,3561,true,cpu,35.213,94.685,3.909,0,1,"SimulcastEncoderAdapter (libvpx, libvpx)",false,L1T3,1643417,video/VP8
ab-file-2L-on-pp-rech264,106.4,2026-10-06T04:40:32.057,q,725102415,160,90,15,2747726,2598,true,cpu,35.213,94.685,3.909,0,1,"SimulcastEncoderAdapter (libvpx, libvpx)",false,L1T3,150000,video/VP8
ab-file-2L-on-pp-rech264,108.5,2026-10-06T04:40:34.090,h,3081429677,640,360,15,25921213,3591,true,cpu,35.213,96.716,3.909,0,1,"SimulcastEncoderAdapter (libvpx, libvpx)",false,L1T3,1700000,video/VP8
ab-file-2L-on-pp-rech264,108.5,2026-10-06T04:40:34.090,q,725102415,160,90,15,2782066,2628,true,cpu,35.213,96.716,3.909,0,1,"SimulcastEncoderAdapter (libvpx, libvpx)",false,L1T3,150000,video/VP8
ab-file-2L-on-pp-rech264,110.5,2026-10-06T04:40:36.131,h,3081429677,640,360,16,26374595,3622,true,cpu,35.213,98.759,3.909,0,1,"SimulcastEncoderAdapter (libvpx, libvpx)",false,L1T3,1700000,video/VP8
ab-file-2L-on-pp-rech264,110.5,2026-10-06T04:40:36.131,q,725102415,160,90,15,2823712,2659,true,cpu,35.213,98.759,3.909,0,1,"SimulcastEncoderAdapter (libvpx, libvpx)",false,L1T3,150000,video/VP8
ab-file-2L-on-pp-rech264,112.5,2026-10-06T04:40:38.162,h,3081429677,640,360,15,26833379,3652,true,cpu,35.213,100.791,3.909,0,1,"SimulcastEncoderAdapter (libvpx, libvpx)",false,L1T3,1627210,video/VP8
ab-file-2L-on-pp-rech264,112.5,2026-10-06T04:40:38.162,q,725102415,160,90,14,2861172,2689,true,cpu,35.213,100.791,3.909,0,1,"SimulcastEncoderAdapter (libvpx, libvpx)",false,L1T3,141855,video/VP8
ab-file-2L-on-pp-rech264,114.6,2026-10-06T04:40:40.187,h,3081429677,640,360,16,27245860,3683,true,cpu,35.213,102.813,3.909,0,1,"SimulcastEncoderAdapter (libvpx, libvpx)",false,L1T3,1681075,video/VP8
ab-file-2L-on-pp-rech264,114.6,2026-10-06T04:40:40.187,q,725102415,160,90,15,2899796,2720,true,cpu,35.213,102.813,3.909,0,1,"SimulcastEncoderAdapter (libvpx, libvpx)",false,L1T3,150000,video/VP8
ab-file-2L-on-pp-rech264,116.6,2026-10-06T04:40:42.216,h,3081429677,640,360,15,27659841,3713,true,cpu,35.213,104.842,3.909,0,1,"SimulcastEncoderAdapter (libvpx, libvpx)",false,L1T3,1700000,video/VP8
ab-file-2L-on-pp-rech264,116.6,2026-10-06T04:40:42.216,q,725102415,160,90,15,2935108,2750,true,cpu,35.213,104.842,3.909,0,1,"SimulcastEncoderAdapter (libvpx, libvpx)",false,L1T3,150000,video/VP8
ab-file-2L-on-pp-rech264,118.6,2026-10-06T04:40:44.251,h,3081429677,640,360,15,28081390,3743,true,cpu,35.213,106.876,3.909,0,1,"SimulcastEncoderAdapter (libvpx, libvpx)",false,L1T3,1700000,video/VP8
ab-file-2L-on-pp-rech264,118.6,2026-10-06T04:40:44.251,q,725102415,160,90,15,2974088,2781,true,cpu,35.213,106.876,3.909,0,1,"SimulcastEncoderAdapter (libvpx, libvpx)",false,L1T3,148398,video/VP8
ab-file-2L-on-pp-rech264,120.7,2026-10-06T04:40:46.284,h,3081429677,640,360,15,28513400,3773,true,cpu,35.213,108.881,3.909,0,1,"SimulcastEncoderAdapter (libvpx, libvpx)",false,L1T3,1645877,video/VP8
ab-file-2L-on-pp-rech264,120.7,2026-10-06T04:40:46.284,q,725102415,160,90,15,3011940,2811,true,cpu,35.213,108.881,3.909,0,1,"SimulcastEncoderAdapter (libvpx, libvpx)",false,L1T3,144207,video/VP8
