t_rel_s,at_paris,pub,rid,w,h,fps,active,qlr,qlrDur_none,qlrDur_cpu,qlrDur_bandwidth,qlrDur_other,encoderImplementation,bytesSent
2,2026-10-06T04:05:40.055,rg-pub-1,q,240,135,16,true,bandwidth,23.005,0,21.211,0,,1542104
2,2026-10-06T04:05:40.055,rg-pub-1,h,,,,true,bandwidth,23.005,0,21.211,0,,736167
2,2026-10-06T04:05:40.055,rg-pub-2,q,320,180,15,true,bandwidth,25.458,0,16.953,0,,1552151
2,2026-10-06T04:05:40.055,rg-pub-2,h,,,,true,bandwidth,25.458,0,16.953,0,,478966
2,2026-10-06T04:05:40.055,rg-pub-3,h,,,,true,bandwidth,21.168,0,19.713,0,,423202
2,2026-10-06T04:05:40.055,rg-pub-3,q,320,180,15,true,bandwidth,21.168,0,19.713,0,,935219
2,2026-10-06T04:05:40.055,rg-pub-4,h,,,,true,bandwidth,14.613,0,21.459,0,,502667
2,2026-10-06T04:05:40.055,rg-pub-4,q,240,135,10,true,bandwidth,14.613,0,21.459,0,,1284184
2,2026-10-06T04:05:40.055,rg-pub-5,q,320,180,16,true,bandwidth,7.446,0,23.474,0,,380591
2,2026-10-06T04:05:40.055,rg-pub-5,h,,,,true,bandwidth,7.446,0,23.474,0,,0
4.6,2026-10-06T04:05:42.610,rg-pub-1,q,240,135,18,true,bandwidth,23.005,0,23.765,0,,1582717
4.6,2026-10-06T04:05:42.610,rg-pub-1,h,,,,true,bandwidth,23.005,0,23.765,0,,736167
4.6,2026-10-06T04:05:42.610,rg-pub-2,q,320,180,13,true,bandwidth,25.458,0,19.449,0,,1582022
4.6,2026-10-06T04:05:42.610,rg-pub-2,h,,,,true,bandwidth,25.458,0,19.449,0,,478966
4.6,2026-10-06T04:05:42.610,rg-pub-3,h,,,,true,bandwidth,21.168,0,22.252,0,,423202
4.6,2026-10-06T04:05:42.610,rg-pub-3,q,320,180,12,true,bandwidth,21.168,0,22.252,0,,973523
4.6,2026-10-06T04:05:42.610,rg-pub-4,h,,,,true,bandwidth,14.613,0,23.933,0,,502667
4.6,2026-10-06T04:05:42.610,rg-pub-4,q,240,135,16,true,bandwidth,14.613,0,23.933,0,,1312161
4.6,2026-10-06T04:05:42.610,rg-pub-5,q,320,180,12,true,bandwidth,7.446,0,25.891,0,,409859
4.6,2026-10-06T04:05:42.610,rg-pub-5,h,,,,true,bandwidth,7.446,0,25.891,0,,0
7,2026-10-06T04:05:45.005,rg-pub-1,q,240,135,13,true,bandwidth,23.005,0,26.215,0,,1620938
7,2026-10-06T04:05:45.005,rg-pub-1,h,,,,true,bandwidth,23.005,0,26.215,0,,736167
7,2026-10-06T04:05:45.005,rg-pub-2,q,320,180,12,true,bandwidth,25.458,0,21.916,0,,1618623
7,2026-10-06T04:05:45.005,rg-pub-2,h,,,,true,bandwidth,25.458,0,21.916,0,,478966
7,2026-10-06T04:05:45.005,rg-pub-3,h,,,,true,bandwidth,21.168,0,24.672,0,,423202
7,2026-10-06T04:05:45.005,rg-pub-3,q,320,180,12,true,bandwidth,21.168,0,24.672,0,,1011778
7,2026-10-06T04:05:45.005,rg-pub-4,h,,,,true,bandwidth,14.613,0,26.432,0,,502667
7,2026-10-06T04:05:45.005,rg-pub-4,q,240,135,16,true,bandwidth,14.613,0,26.432,0,,1351091
7,2026-10-06T04:05:45.005,rg-pub-5,q,320,180,9,true,bandwidth,7.446,0,28.432,0,,433159
7,2026-10-06T04:05:45.005,rg-pub-5,h,,,,true,bandwidth,7.446,0,28.432,0,,0
9.7,2026-10-06T04:05:47.723,rg-pub-1,q,240,135,18,true,bandwidth,23.005,0,28.876,0,,1660006
9.7,2026-10-06T04:05:47.723,rg-pub-1,h,,,,true,bandwidth,23.005,0,28.876,0,,736167
9.7,2026-10-06T04:05:47.723,rg-pub-2,q,240,135,15,true,bandwidth,25.458,0,24.618,0,,1654279
9.7,2026-10-06T04:05:47.723,rg-pub-2,h,,,,true,bandwidth,25.458,0,24.618,0,,478966
9.7,2026-10-06T04:05:47.723,rg-pub-3,h,,,,true,bandwidth,21.168,0,27.381,0,,423202
9.7,2026-10-06T04:05:47.723,rg-pub-3,q,320,180,13,true,bandwidth,21.168,0,27.381,0,,1052136
9.7,2026-10-06T04:05:47.723,rg-pub-4,h,,,,true,bandwidth,14.613,0,29.074,0,,502667
9.7,2026-10-06T04:05:47.723,rg-pub-4,q,240,135,16,true,bandwidth,14.613,0,29.074,0,,1393302
9.7,2026-10-06T04:05:47.723,rg-pub-5,q,320,180,11,true,bandwidth,7.446,0,31.021,0,,460124
9.7,2026-10-06T04:05:47.723,rg-pub-5,h,,,,true,bandwidth,7.446,0,31.021,0,,0
12.1,2026-10-06T04:05:50.150,rg-pub-1,q,240,135,16,true,bandwidth,23.005,0,31.301,0,,1698932
12.1,2026-10-06T04:05:50.150,rg-pub-1,h,,,,true,bandwidth,23.005,0,31.301,0,,736167
12.1,2026-10-06T04:05:50.150,rg-pub-2,q,240,135,17,true,bandwidth,25.458,0,27.089,0,,1691902
12.1,2026-10-06T04:05:50.150,rg-pub-2,h,,,,true,bandwidth,25.458,0,27.089,0,,478966
12.1,2026-10-06T04:05:50.150,rg-pub-3,h,,,,true,bandwidth,21.168,0,29.826,0,,423202
12.1,2026-10-06T04:05:50.150,rg-pub-3,q,320,180,9,true,bandwidth,21.168,0,29.826,0,,1091769
12.1,2026-10-06T04:05:50.150,rg-pub-4,h,,,,true,bandwidth,14.613,0,31.514,0,,502667
12.1,2026-10-06T04:05:50.150,rg-pub-4,q,240,135,17,true,bandwidth,14.613,0,31.514,0,,1437705
12.1,2026-10-06T04:05:50.150,rg-pub-5,q,320,180,16,true,bandwidth,7.446,0,33.471,0,,482205
12.1,2026-10-06T04:05:50.150,rg-pub-5,h,,,,true,bandwidth,7.446,0,33.471,0,,0
14.7,2026-10-06T04:05:52.770,rg-pub-1,q,240,135,16,true,bandwidth,23.005,0,33.912,0,,1744324
14.7,2026-10-06T04:05:52.770,rg-pub-1,h,,,,true,bandwidth,23.005,0,33.912,0,,736167
14.7,2026-10-06T04:05:52.770,rg-pub-2,q,240,135,19,true,bandwidth,25.458,0,29.634,0,,1739629
14.7,2026-10-06T04:05:52.770,rg-pub-2,h,,,,true,bandwidth,25.458,0,29.634,0,,478966
14.7,2026-10-06T04:05:52.770,rg-pub-3,h,,,,true,bandwidth,21.168,0,32.382,0,,423202
14.7,2026-10-06T04:05:52.770,rg-pub-3,q,320,180,12,true,bandwidth,21.168,0,32.382,0,,1132416
14.7,2026-10-06T04:05:52.770,rg-pub-4,h,,,,true,bandwidth,14.613,0,34.128,0,,502667
14.7,2026-10-06T04:05:52.770,rg-pub-4,q,240,135,15,true,bandwidth,14.613,0,34.128,0,,1482188
14.7,2026-10-06T04:05:52.770,rg-pub-5,q,320,180,10,true,bandwidth,7.446,0,36.157,0,,510712
14.7,2026-10-06T04:05:52.770,rg-pub-5,h,,,,true,bandwidth,7.446,0,36.157,0,,0
17.2,2026-10-06T04:05:55.275,rg-pub-1,q,240,135,16,true,bandwidth,23.005,0,36.436,0,,1784590
17.2,2026-10-06T04:05:55.275,rg-pub-1,h,,,,true,bandwidth,23.005,0,36.436,0,,736167
17.2,2026-10-06T04:05:55.275,rg-pub-2,q,240,135,17,true,bandwidth,25.458,0,32.356,0,,1777379
17.2,2026-10-06T04:05:55.275,rg-pub-2,h,,,,true,bandwidth,25.458,0,32.356,0,,478966
17.2,2026-10-06T04:05:55.275,rg-pub-3,h,,,,true,bandwidth,21.168,0,35.189,0,,423202
17.2,2026-10-06T04:05:55.275,rg-pub-3,q,320,180,15,true,bandwidth,21.168,0,35.189,0,,1163871
17.2,2026-10-06T04:05:55.275,rg-pub-4,h,,,,true,bandwidth,14.613,0,36.928,0,,502667
17.2,2026-10-06T04:05:55.275,rg-pub-4,q,240,135,10,true,bandwidth,14.613,0,36.928,0,,1516230
17.2,2026-10-06T04:05:55.275,rg-pub-5,q,320,180,6,true,bandwidth,7.446,0,38.897,0,,544644
17.2,2026-10-06T04:05:55.275,rg-pub-5,h,,,,true,bandwidth,7.446,0,38.897,0,,0
20.1,2026-10-06T04:05:58.105,rg-pub-1,q,240,135,12,true,bandwidth,23.005,0,39.292,0,,1827221
20.1,2026-10-06T04:05:58.105,rg-pub-1,h,,,,true,bandwidth,23.005,0,39.292,0,,736167
20.1,2026-10-06T04:05:58.105,rg-pub-2,q,240,135,13,true,bandwidth,25.458,0,35.112,0,,1824494
20.1,2026-10-06T04:05:58.105,rg-pub-2,h,,,,true,bandwidth,25.458,0,35.112,0,,478966
20.1,2026-10-06T04:05:58.105,rg-pub-3,h,,,,true,bandwidth,21.168,0,37.832,0,,423202
20.1,2026-10-06T04:05:58.105,rg-pub-3,q,320,180,14,true,bandwidth,21.168,0,37.832,0,,1192879
20.1,2026-10-06T04:05:58.105,rg-pub-4,h,,,,true,bandwidth,14.613,0,39.475,0,,502667
20.1,2026-10-06T04:05:58.105,rg-pub-4,q,240,135,12,true,bandwidth,14.613,0,39.475,0,,1561901
20.1,2026-10-06T04:05:58.105,rg-pub-5,q,320,180,9,true,bandwidth,7.446,0,41.401,0,,578177
20.1,2026-10-06T04:05:58.105,rg-pub-5,h,,,,true,bandwidth,7.446,0,41.401,0,,0
22.4,2026-10-06T04:06:00.485,rg-pub-1,q,240,135,14,true,bandwidth,23.005,0,41.648,0,,1869771
22.4,2026-10-06T04:06:00.485,rg-pub-1,h,,,,true,bandwidth,23.005,0,41.648,0,,736167
22.4,2026-10-06T04:06:00.485,rg-pub-2,q,240,135,15,true,bandwidth,25.458,0,37.354,0,,1859580
22.4,2026-10-06T04:06:00.485,rg-pub-2,h,,,,true,bandwidth,25.458,0,37.354,0,,478966
22.4,2026-10-06T04:06:00.485,rg-pub-3,h,,,,true,bandwidth,21.168,0,40.189,0,,423202
22.4,2026-10-06T04:06:00.485,rg-pub-3,q,320,180,13,true,bandwidth,21.168,0,40.189,0,,1230599
22.4,2026-10-06T04:06:00.485,rg-pub-4,h,,,,true,bandwidth,14.613,0,41.935,0,,502667
22.4,2026-10-06T04:06:00.485,rg-pub-4,q,240,135,16,true,bandwidth,14.613,0,41.935,0,,1602162
22.4,2026-10-06T04:06:00.485,rg-pub-5,q,320,180,13,true,bandwidth,7.446,0,43.901,0,,600370
22.4,2026-10-06T04:06:00.485,rg-pub-5,h,,,,true,bandwidth,7.446,0,43.901,0,,0
24.9,2026-10-06T04:06:02.963,rg-pub-1,q,240,135,15,true,bandwidth,23.005,0,44.105,0,,1907815
24.9,2026-10-06T04:06:02.963,rg-pub-1,h,,,,true,bandwidth,23.005,0,44.105,0,,736167
24.9,2026-10-06T04:06:02.963,rg-pub-2,q,240,135,14,true,bandwidth,25.458,0,39.88,0,,1902303
24.9,2026-10-06T04:06:02.963,rg-pub-2,h,,,,true,bandwidth,25.458,0,39.88,0,,478966
24.9,2026-10-06T04:06:02.963,rg-pub-3,h,,,,true,bandwidth,21.168,0,42.713,0,,423202
24.9,2026-10-06T04:06:02.963,rg-pub-3,q,320,180,16,true,bandwidth,21.168,0,42.713,0,,1272147
24.9,2026-10-06T04:06:02.963,rg-pub-4,h,,,,true,bandwidth,14.613,0,44.423,0,,502667
24.9,2026-10-06T04:06:02.963,rg-pub-4,q,240,135,14,true,bandwidth,14.613,0,44.423,0,,1641806
24.9,2026-10-06T04:06:02.963,rg-pub-5,q,320,180,15,true,bandwidth,7.446,0,46.392,0,,628788
24.9,2026-10-06T04:06:02.963,rg-pub-5,h,,,,true,bandwidth,7.446,0,46.392,0,,0
27.4,2026-10-06T04:06:05.454,rg-pub-1,q,240,135,14,true,bandwidth,23.005,0,46.592,0,,1949320
27.4,2026-10-06T04:06:05.454,rg-pub-1,h,,,,true,bandwidth,23.005,0,46.592,0,,736167
27.4,2026-10-06T04:06:05.454,rg-pub-2,q,240,135,13,true,bandwidth,25.458,0,42.287,0,,1935810
27.4,2026-10-06T04:06:05.454,rg-pub-2,h,,,,true,bandwidth,25.458,0,42.287,0,,478966
27.4,2026-10-06T04:06:05.454,rg-pub-3,h,,,,true,bandwidth,21.168,0,45.037,0,,423202
27.4,2026-10-06T04:06:05.454,rg-pub-3,q,320,180,13,true,bandwidth,21.168,0,45.037,0,,1310595
27.4,2026-10-06T04:06:05.454,rg-pub-4,h,,,,true,bandwidth,14.613,0,46.683,0,,502667
27.4,2026-10-06T04:06:05.454,rg-pub-4,q,240,135,14,true,bandwidth,14.613,0,46.683,0,,1678313
27.4,2026-10-06T04:06:05.454,rg-pub-5,q,320,180,17,true,bandwidth,7.446,0,48.622,0,,659196
27.4,2026-10-06T04:06:05.454,rg-pub-5,h,,,,true,bandwidth,7.446,0,48.622,0,,0
29.6,2026-10-06T04:06:07.652,rg-pub-1,q,240,135,12,true,bandwidth,23.005,0,48.827,0,,1989478
29.6,2026-10-06T04:06:07.652,rg-pub-1,h,,,,true,bandwidth,23.005,0,48.827,0,,736167
29.6,2026-10-06T04:06:07.652,rg-pub-2,q,240,135,14,true,bandwidth,25.458,0,44.643,0,,1967903
29.6,2026-10-06T04:06:07.652,rg-pub-2,h,,,,true,bandwidth,25.458,0,44.643,0,,478966
29.6,2026-10-06T04:06:07.652,rg-pub-3,h,,,,true,bandwidth,21.168,0,47.656,0,,423202
29.6,2026-10-06T04:06:07.652,rg-pub-3,q,320,180,11,true,bandwidth,21.168,0,47.656,0,,1354348
29.6,2026-10-06T04:06:07.652,rg-pub-4,h,,,,true,bandwidth,14.613,0,49.334,0,,502667
29.6,2026-10-06T04:06:07.652,rg-pub-4,q,240,135,12,true,bandwidth,14.613,0,49.334,0,,1715953
29.6,2026-10-06T04:06:07.652,rg-pub-5,q,320,180,16,true,bandwidth,7.446,0,51.302,0,,687525
29.6,2026-10-06T04:06:07.652,rg-pub-5,h,,,,true,bandwidth,7.446,0,51.302,0,,0
32.3,2026-10-06T04:06:10.370,rg-pub-1,q,240,135,14,true,bandwidth,23.005,0,51.513,0,,2032541
32.3,2026-10-06T04:06:10.370,rg-pub-1,h,,,,true,bandwidth,23.005,0,51.513,0,,736167
32.3,2026-10-06T04:06:10.370,rg-pub-2,q,160,90,11,true,cpu,25.458,0.24,46.978,0,,2002468
32.3,2026-10-06T04:06:10.370,rg-pub-2,h,640,360,1,true,cpu,25.458,0.24,46.978,0,,481735
32.3,2026-10-06T04:06:10.370,rg-pub-3,h,,,,true,bandwidth,21.168,0,49.949,0,,423202
32.3,2026-10-06T04:06:10.370,rg-pub-3,q,320,180,12,true,bandwidth,21.168,0,49.949,0,,1530026
32.3,2026-10-06T04:06:10.370,rg-pub-4,h,,,,true,bandwidth,14.613,0,51.596,0,,502667
32.3,2026-10-06T04:06:10.370,rg-pub-4,q,240,135,14,true,bandwidth,14.613,0,51.596,0,,1753006
32.3,2026-10-06T04:06:10.370,rg-pub-5,q,320,180,18,true,bandwidth,7.446,0,53.552,0,,718816
32.3,2026-10-06T04:06:10.370,rg-pub-5,h,,,,true,bandwidth,7.446,0,53.552,0,,0
34.6,2026-10-06T04:06:12.659,rg-pub-1,q,240,135,15,true,bandwidth,23.005,0,53.842,0,,2072525
34.6,2026-10-06T04:06:12.659,rg-pub-1,h,,,,true,bandwidth,23.005,0,53.842,0,,736167
34.6,2026-10-06T04:06:12.659,rg-pub-2,q,160,90,11,true,bandwidth,25.458,2.182,47.392,0,,2016900
34.6,2026-10-06T04:06:12.659,rg-pub-2,h,640,360,3,true,bandwidth,25.458,2.182,47.392,0,,506867
34.6,2026-10-06T04:06:12.659,rg-pub-3,h,,,,true,bandwidth,21.168,0,52.437,0,,423202
34.6,2026-10-06T04:06:12.659,rg-pub-3,q,320,180,12,true,bandwidth,21.168,0,52.437,0,,1646204
34.6,2026-10-06T04:06:12.659,rg-pub-4,h,,,,true,bandwidth,14.613,0,54.183,0,,502667
34.6,2026-10-06T04:06:12.659,rg-pub-4,q,240,135,11,true,bandwidth,14.613,0,54.183,0,,1790196
34.6,2026-10-06T04:06:12.659,rg-pub-5,q,320,180,15,true,bandwidth,7.446,0,56.25,0,,762167
34.6,2026-10-06T04:06:12.659,rg-pub-5,h,,,,true,bandwidth,7.446,0,56.25,0,,0
37.3,2026-10-06T04:06:15.350,rg-pub-1,q,240,135,12,true,bandwidth,23.005,0,56.504,0,,2108464
37.3,2026-10-06T04:06:15.350,rg-pub-1,h,,,,true,bandwidth,23.005,0,56.504,0,,736167
37.3,2026-10-06T04:06:15.350,rg-pub-2,q,160,90,18,true,bandwidth,25.458,2.182,50.011,0,,2052094
37.3,2026-10-06T04:06:15.350,rg-pub-2,h,640,360,,true,bandwidth,25.458,2.182,50.011,0,,506867
37.3,2026-10-06T04:06:15.350,rg-pub-3,h,,,,true,bandwidth,21.168,0,54.921,0,,423202
37.3,2026-10-06T04:06:15.350,rg-pub-3,q,320,180,11,true,bandwidth,21.168,0,54.921,0,,1683156
37.3,2026-10-06T04:06:15.350,rg-pub-4,h,,,,true,bandwidth,14.613,0,56.596,0,,502667
37.3,2026-10-06T04:06:15.350,rg-pub-4,q,240,135,13,true,bandwidth,14.613,0,56.596,0,,1833713
37.3,2026-10-06T04:06:15.350,rg-pub-5,q,320,180,17,true,bandwidth,7.446,0,58.567,0,,791067
37.3,2026-10-06T04:06:15.350,rg-pub-5,h,,,,true,bandwidth,7.446,0,58.567,0,,0
39.6,2026-10-06T04:06:17.629,rg-pub-1,q,240,135,11,true,bandwidth,23.005,0,58.786,0,,2139088
39.6,2026-10-06T04:06:17.629,rg-pub-1,h,,,,true,bandwidth,23.005,0,58.786,0,,736167
39.6,2026-10-06T04:06:17.629,rg-pub-2,q,160,90,17,true,bandwidth,25.458,2.182,52.293,0,,2090793
39.6,2026-10-06T04:06:17.629,rg-pub-2,h,,,,true,bandwidth,25.458,2.182,52.293,0,,506867
39.6,2026-10-06T04:06:17.629,rg-pub-3,h,,,,true,bandwidth,21.168,0,57.407,0,,423202
39.6,2026-10-06T04:06:17.629,rg-pub-3,q,320,180,10,true,bandwidth,21.168,0,57.407,0,,1717887
39.6,2026-10-06T04:06:17.629,rg-pub-4,h,,,,true,bandwidth,14.613,0,59.222,0,,502667
39.6,2026-10-06T04:06:17.629,rg-pub-4,q,240,135,13,true,bandwidth,14.613,0,59.222,0,,1877319
39.6,2026-10-06T04:06:17.629,rg-pub-5,q,240,135,14,true,bandwidth,7.446,0,61.206,0,,824283
39.6,2026-10-06T04:06:17.629,rg-pub-5,h,,,,true,bandwidth,7.446,0,61.206,0,,0
42.2,2026-10-06T04:06:20.273,rg-pub-1,q,240,135,13,true,bandwidth,23.005,0,61.427,0,,2169270
42.2,2026-10-06T04:06:20.273,rg-pub-1,h,,,,true,bandwidth,23.005,0,61.427,0,,736167
42.2,2026-10-06T04:06:20.273,rg-pub-2,q,160,90,17,true,bandwidth,25.458,2.182,54.966,0,,2119588
42.2,2026-10-06T04:06:20.273,rg-pub-2,h,,,,true,bandwidth,25.458,2.182,54.966,0,,506867
42.2,2026-10-06T04:06:20.273,rg-pub-3,h,,,,true,bandwidth,21.168,0,59.951,0,,423202
42.2,2026-10-06T04:06:20.273,rg-pub-3,q,320,180,8,true,bandwidth,21.168,0,59.951,0,,1736460
42.2,2026-10-06T04:06:20.273,rg-pub-4,h,,,,true,bandwidth,14.613,0,61.657,0,,502667
42.2,2026-10-06T04:06:20.273,rg-pub-4,q,240,135,11,true,bandwidth,14.613,0,61.657,0,,1907860
42.2,2026-10-06T04:06:20.273,rg-pub-5,q,240,135,17,true,bandwidth,7.446,0,63.64,0,,854629
42.2,2026-10-06T04:06:20.273,rg-pub-5,h,,,,true,bandwidth,7.446,0,63.64,0,,0
44.6,2026-10-06T04:06:22.685,rg-pub-1,q,240,135,12,true,bandwidth,23.005,0,63.856,0,,2199772
44.6,2026-10-06T04:06:22.685,rg-pub-1,h,,,,true,bandwidth,23.005,0,63.856,0,,736167
44.6,2026-10-06T04:06:22.685,rg-pub-2,q,160,90,16,true,bandwidth,25.458,2.182,57.414,0,,2140386
44.6,2026-10-06T04:06:22.685,rg-pub-2,h,,,,true,bandwidth,25.458,2.182,57.414,0,,506867
44.6,2026-10-06T04:06:22.685,rg-pub-3,h,,,,true,bandwidth,21.168,0,62.349,0,,423202
44.6,2026-10-06T04:06:22.685,rg-pub-3,q,320,180,9,true,bandwidth,21.168,0,62.349,0,,1754497
44.6,2026-10-06T04:06:22.685,rg-pub-4,h,,,,true,bandwidth,14.613,0,63.994,0,,502667
44.6,2026-10-06T04:06:22.685,rg-pub-4,q,240,135,13,true,bandwidth,14.613,0,63.994,0,,1938574
44.6,2026-10-06T04:06:22.685,rg-pub-5,q,240,135,16,true,bandwidth,7.446,0,65.97,0,,879002
44.6,2026-10-06T04:06:22.685,rg-pub-5,h,,,,true,bandwidth,7.446,0,65.97,0,,0
47,2026-10-06T04:06:25.070,rg-pub-1,q,240,135,14,true,bandwidth,23.005,0,66.21,0,,2230969
47,2026-10-06T04:06:25.070,rg-pub-1,h,,,,true,bandwidth,23.005,0,66.21,0,,736167
47,2026-10-06T04:06:25.070,rg-pub-2,q,160,90,13,true,bandwidth,25.458,2.182,59.716,0,,2159703
47,2026-10-06T04:06:25.070,rg-pub-2,h,,,,true,bandwidth,25.458,2.182,59.716,0,,506867
47,2026-10-06T04:06:25.070,rg-pub-3,h,,,,true,bandwidth,21.168,0,64.669,0,,423202
47,2026-10-06T04:06:25.070,rg-pub-3,q,320,180,6,true,bandwidth,21.168,0,64.669,0,,1773075
47,2026-10-06T04:06:25.070,rg-pub-4,h,,,,true,bandwidth,14.613,0,66.326,0,,502667
47,2026-10-06T04:06:25.070,rg-pub-4,q,240,135,13,true,bandwidth,14.613,0,66.326,0,,1971919
47,2026-10-06T04:06:25.070,rg-pub-5,q,240,135,17,true,bandwidth,7.446,0,68.29,0,,908807
47,2026-10-06T04:06:25.070,rg-pub-5,h,,,,true,bandwidth,7.446,0,68.29,0,,0
49.3,2026-10-06T04:06:27.345,rg-pub-1,q,240,135,13,true,bandwidth,23.005,0,68.483,0,,2260180
49.3,2026-10-06T04:06:27.345,rg-pub-1,h,,,,true,bandwidth,23.005,0,68.483,0,,736167
49.3,2026-10-06T04:06:27.345,rg-pub-2,q,160,90,18,true,bandwidth,25.458,2.182,61.969,0,,2179080
49.3,2026-10-06T04:06:27.345,rg-pub-2,h,,,,true,bandwidth,25.458,2.182,61.969,0,,506867
49.3,2026-10-06T04:06:27.345,rg-pub-3,h,,,,true,bandwidth,21.168,0,66.86,0,,423202
49.3,2026-10-06T04:06:27.345,rg-pub-3,q,320,180,5,true,bandwidth,21.168,0,66.86,0,,1791494
49.3,2026-10-06T04:06:27.345,rg-pub-4,h,,,,true,bandwidth,14.613,0,68.512,0,,502667
49.3,2026-10-06T04:06:27.345,rg-pub-4,q,240,135,13,true,bandwidth,14.613,0,68.512,0,,2001931
49.3,2026-10-06T04:06:27.345,rg-pub-5,q,240,135,18,true,bandwidth,7.446,0,70.474,0,,934237
49.3,2026-10-06T04:06:27.345,rg-pub-5,h,,,,true,bandwidth,7.446,0,70.474,0,,0
51.5,2026-10-06T04:06:29.577,rg-pub-1,q,240,135,15,true,bandwidth,23.005,0,70.739,0,,2293814
51.5,2026-10-06T04:06:29.577,rg-pub-1,h,,,,true,bandwidth,23.005,0,70.739,0,,736167
51.5,2026-10-06T04:06:29.577,rg-pub-2,q,160,90,18,true,bandwidth,25.458,2.182,64.25,0,,2201790
51.5,2026-10-06T04:06:29.577,rg-pub-2,h,,,,true,bandwidth,25.458,2.182,64.25,0,,506867
51.5,2026-10-06T04:06:29.577,rg-pub-3,h,,,,true,bandwidth,21.168,0,69.254,0,,423202
51.5,2026-10-06T04:06:29.577,rg-pub-3,q,320,180,2,true,bandwidth,21.168,0,69.254,0,,1813490
51.5,2026-10-06T04:06:29.577,rg-pub-4,h,,,,true,bandwidth,14.613,0,70.912,0,,502667
51.5,2026-10-06T04:06:29.577,rg-pub-4,q,240,135,12,true,bandwidth,14.613,0,70.912,0,,2037022
51.5,2026-10-06T04:06:29.577,rg-pub-5,q,240,135,17,true,bandwidth,7.446,0,72.832,0,,965925
51.5,2026-10-06T04:06:29.577,rg-pub-5,h,,,,true,bandwidth,7.446,0,72.832,0,,0
53.9,2026-10-06T04:06:31.947,rg-pub-1,q,240,135,15,true,bandwidth,23.005,0,73.084,0,,2327842
53.9,2026-10-06T04:06:31.947,rg-pub-1,h,,,,true,bandwidth,23.005,0,73.084,0,,736167
53.9,2026-10-06T04:06:31.947,rg-pub-2,q,160,90,17,true,bandwidth,25.458,2.182,66.62,0,,2227710
53.9,2026-10-06T04:06:31.947,rg-pub-2,h,,,,true,bandwidth,25.458,2.182,66.62,0,,506867
53.9,2026-10-06T04:06:31.947,rg-pub-3,h,,,,true,bandwidth,21.168,0,71.56,0,,423202
53.9,2026-10-06T04:06:31.947,rg-pub-3,q,320,180,5,true,bandwidth,21.168,0,71.56,0,,1832948
53.9,2026-10-06T04:06:31.947,rg-pub-4,h,,,,true,bandwidth,14.613,0,73.31,0,,502667
53.9,2026-10-06T04:06:31.947,rg-pub-4,q,240,135,14,true,bandwidth,14.613,0,73.31,0,,2069482
53.9,2026-10-06T04:06:31.947,rg-pub-5,q,240,135,14,true,bandwidth,7.446,0,75.255,0,,997742
53.9,2026-10-06T04:06:31.947,rg-pub-5,h,,,,true,bandwidth,7.446,0,75.255,0,,0
56.3,2026-10-06T04:06:34.330,rg-pub-1,q,240,135,13,true,bandwidth,23.005,0,75.495,0,,2359025
56.3,2026-10-06T04:06:34.330,rg-pub-1,h,,,,true,bandwidth,23.005,0,75.495,0,,736167
56.3,2026-10-06T04:06:34.330,rg-pub-2,q,160,90,13,true,bandwidth,25.458,2.182,69.025,0,,2251775
56.3,2026-10-06T04:06:34.330,rg-pub-2,h,,,,true,bandwidth,25.458,2.182,69.025,0,,506867
56.3,2026-10-06T04:06:34.330,rg-pub-3,h,,,,true,bandwidth,21.168,0,74.041,0,,423202
56.3,2026-10-06T04:06:34.330,rg-pub-3,q,320,180,10,true,bandwidth,21.168,0,74.041,0,,1856652
56.3,2026-10-06T04:06:34.330,rg-pub-4,h,,,,true,bandwidth,14.613,0,75.736,0,,502667
56.3,2026-10-06T04:06:34.330,rg-pub-4,q,240,135,15,true,bandwidth,14.613,0,75.736,0,,2100616
56.3,2026-10-06T04:06:34.330,rg-pub-5,q,240,135,12,true,bandwidth,7.446,0,77.682,0,,1034202
56.3,2026-10-06T04:06:34.330,rg-pub-5,h,,,,true,bandwidth,7.446,0,77.682,0,,0
58.7,2026-10-06T04:06:36.786,rg-pub-1,q,240,135,12,true,bandwidth,23.005,0,77.974,0,,2390912
58.7,2026-10-06T04:06:36.786,rg-pub-1,h,,,,true,bandwidth,23.005,0,77.974,0,,736167
58.7,2026-10-06T04:06:36.786,rg-pub-2,q,160,90,15,true,bandwidth,25.458,2.182,71.524,0,,2275006
58.7,2026-10-06T04:06:36.786,rg-pub-2,h,,,,true,bandwidth,25.458,2.182,71.524,0,,506867
58.7,2026-10-06T04:06:36.786,rg-pub-3,h,,,,true,bandwidth,21.168,0,76.462,0,,423202
58.7,2026-10-06T04:06:36.786,rg-pub-3,q,320,180,12,true,bandwidth,21.168,0,76.462,0,,1885148
58.7,2026-10-06T04:06:36.786,rg-pub-4,h,,,,true,bandwidth,14.613,0,78.16,0,,502667
58.7,2026-10-06T04:06:36.786,rg-pub-4,q,240,135,13,true,bandwidth,14.613,0,78.16,0,,2130416
58.7,2026-10-06T04:06:36.786,rg-pub-5,q,240,135,13,true,bandwidth,7.446,0,80.137,0,,1072905
58.7,2026-10-06T04:06:36.786,rg-pub-5,h,,,,true,bandwidth,7.446,0,80.137,0,,0
61.2,2026-10-06T04:06:39.226,rg-pub-1,q,240,135,12,true,bandwidth,23.005,0,80.363,0,,2421667
61.2,2026-10-06T04:06:39.226,rg-pub-1,h,,,,true,bandwidth,23.005,0,80.363,0,,736167
61.2,2026-10-06T04:06:39.226,rg-pub-2,q,160,90,16,true,bandwidth,25.458,2.182,73.85,0,,2301828
61.2,2026-10-06T04:06:39.226,rg-pub-2,h,,,,true,bandwidth,25.458,2.182,73.85,0,,506867
61.2,2026-10-06T04:06:39.226,rg-pub-3,h,,,,true,bandwidth,21.168,0,78.74,0,,423202
61.2,2026-10-06T04:06:39.226,rg-pub-3,q,320,180,12,true,bandwidth,21.168,0,78.74,0,,1913220
61.2,2026-10-06T04:06:39.226,rg-pub-4,h,,,,true,bandwidth,14.613,0,80.383,0,,502667
61.2,2026-10-06T04:06:39.226,rg-pub-4,q,240,135,9,true,bandwidth,14.613,0,80.383,0,,2161922
61.2,2026-10-06T04:06:39.226,rg-pub-5,q,240,135,15,true,bandwidth,7.446,0,82.307,0,,1111399
61.2,2026-10-06T04:06:39.226,rg-pub-5,h,,,,true,bandwidth,7.446,0,82.307,0,,0
63.3,2026-10-06T04:06:41.362,rg-pub-1,q,240,135,14,true,bandwidth,23.005,0,82.503,0,,2446964
63.3,2026-10-06T04:06:41.362,rg-pub-1,h,,,,true,bandwidth,23.005,0,82.503,0,,736167
63.3,2026-10-06T04:06:41.362,rg-pub-2,q,160,90,16,true,bandwidth,25.458,2.182,76.024,0,,2321088
63.3,2026-10-06T04:06:41.362,rg-pub-2,h,,,,true,bandwidth,25.458,2.182,76.024,0,,506867
63.3,2026-10-06T04:06:41.362,rg-pub-3,h,,,,true,bandwidth,21.168,0,80.962,0,,423202
63.3,2026-10-06T04:06:41.362,rg-pub-3,q,320,180,10,true,bandwidth,21.168,0,80.962,0,,1938871
63.3,2026-10-06T04:06:41.362,rg-pub-4,h,,,,true,bandwidth,14.613,0,82.62,0,,502667
63.3,2026-10-06T04:06:41.362,rg-pub-4,q,240,135,13,true,bandwidth,14.613,0,82.62,0,,2189501
63.3,2026-10-06T04:06:41.362,rg-pub-5,q,240,135,13,true,bandwidth,7.446,0,84.563,0,,1148299
63.3,2026-10-06T04:06:41.362,rg-pub-5,h,,,,true,bandwidth,7.446,0,84.563,0,,0
65.6,2026-10-06T04:06:43.641,rg-pub-1,q,240,135,13,true,bandwidth,23.005,0,84.795,0,,2471992
65.6,2026-10-06T04:06:43.641,rg-pub-1,h,,,,true,bandwidth,23.005,0,84.795,0,,736167
65.6,2026-10-06T04:06:43.641,rg-pub-2,q,160,90,16,true,bandwidth,25.458,2.182,78.336,0,,2345911
65.6,2026-10-06T04:06:43.641,rg-pub-2,h,,,,true,bandwidth,25.458,2.182,78.336,0,,506867
65.6,2026-10-06T04:06:43.641,rg-pub-3,h,,,,true,bandwidth,21.168,0,83.313,0,,423202
65.6,2026-10-06T04:06:43.641,rg-pub-3,q,320,180,13,true,bandwidth,21.168,0,83.313,0,,1961056
65.6,2026-10-06T04:06:43.641,rg-pub-4,h,,,,true,bandwidth,14.613,0,84.963,0,,502667
65.6,2026-10-06T04:06:43.641,rg-pub-4,q,240,135,11,true,bandwidth,14.613,0,84.963,0,,2221409
65.6,2026-10-06T04:06:43.641,rg-pub-5,q,240,135,14,true,bandwidth,7.446,0,86.925,0,,1188051
65.6,2026-10-06T04:06:43.641,rg-pub-5,h,,,,true,bandwidth,7.446,0,86.925,0,,0
68.1,2026-10-06T04:06:46.110,rg-pub-1,q,240,135,12,true,bandwidth,23.005,0,87.262,0,,2500357
68.1,2026-10-06T04:06:46.110,rg-pub-1,h,,,,true,bandwidth,23.005,0,87.262,0,,736167
68.1,2026-10-06T04:06:46.110,rg-pub-2,q,160,90,15,true,bandwidth,25.458,2.182,80.828,0,,2368404
68.1,2026-10-06T04:06:46.110,rg-pub-2,h,,,,true,bandwidth,25.458,2.182,80.828,0,,506867
68.1,2026-10-06T04:06:46.110,rg-pub-3,h,,,,true,bandwidth,21.168,0,85.754,0,,423202
68.1,2026-10-06T04:06:46.110,rg-pub-3,q,320,180,6,true,bandwidth,21.168,0,85.754,0,,1991956
68.1,2026-10-06T04:06:46.110,rg-pub-4,h,,,,true,bandwidth,14.613,0,87.404,0,,502667
68.1,2026-10-06T04:06:46.110,rg-pub-4,q,240,135,13,true,bandwidth,14.613,0,87.404,0,,2254419
68.1,2026-10-06T04:06:46.110,rg-pub-5,q,240,135,16,true,bandwidth,7.446,0,89.392,0,,1226626
68.1,2026-10-06T04:06:46.110,rg-pub-5,h,,,,true,bandwidth,7.446,0,89.392,0,,0
70.4,2026-10-06T04:06:48.430,rg-pub-1,q,240,135,10,true,bandwidth,23.005,0,89.601,0,,2529261
70.4,2026-10-06T04:06:48.430,rg-pub-1,h,,,,true,bandwidth,23.005,0,89.601,0,,736167
70.4,2026-10-06T04:06:48.430,rg-pub-2,q,160,90,14,true,bandwidth,25.458,2.182,83.108,0,,2394058
70.4,2026-10-06T04:06:48.430,rg-pub-2,h,,,,true,bandwidth,25.458,2.182,83.108,0,,506867
70.4,2026-10-06T04:06:48.430,rg-pub-3,h,,,,true,bandwidth,21.168,0,88.028,0,,423202
70.4,2026-10-06T04:06:48.430,rg-pub-3,q,320,180,6,true,bandwidth,21.168,0,88.028,0,,2017851
70.4,2026-10-06T04:06:48.430,rg-pub-4,h,,,,true,bandwidth,14.613,0,89.715,0,,502667
70.4,2026-10-06T04:06:48.430,rg-pub-4,q,240,135,12,true,bandwidth,14.613,0,89.715,0,,2288286
70.4,2026-10-06T04:06:48.430,rg-pub-5,q,240,135,11,true,bandwidth,7.446,0,91.681,0,,1265541
70.4,2026-10-06T04:06:48.430,rg-pub-5,h,,,,true,bandwidth,7.446,0,91.681,0,,0
72.7,2026-10-06T04:06:50.708,rg-pub-1,q,240,135,14,true,bandwidth,23.005,0,91.906,0,,2556884
72.7,2026-10-06T04:06:50.708,rg-pub-1,h,,,,true,bandwidth,23.005,0,91.906,0,,736167
72.7,2026-10-06T04:06:50.708,rg-pub-2,q,160,90,14,true,bandwidth,25.458,2.182,85.42,0,,2418733
72.7,2026-10-06T04:06:50.708,rg-pub-2,h,,,,true,bandwidth,25.458,2.182,85.42,0,,506867
72.7,2026-10-06T04:06:50.708,rg-pub-3,h,,,,true,bandwidth,21.168,0,90.394,0,,423202
72.7,2026-10-06T04:06:50.708,rg-pub-3,q,320,180,8,true,bandwidth,21.168,0,90.394,0,,2048441
72.7,2026-10-06T04:06:50.708,rg-pub-4,h,,,,true,bandwidth,14.613,0,92.161,0,,502667
72.7,2026-10-06T04:06:50.708,rg-pub-4,q,240,135,14,true,bandwidth,14.613,0,92.161,0,,2332275
72.7,2026-10-06T04:06:50.708,rg-pub-5,q,240,135,7,true,cpu,7.446,1.492,92.621,0,,1340756
72.7,2026-10-06T04:06:50.708,rg-pub-5,h,960,540,5,true,cpu,7.446,1.492,92.621,0,,27545
75.3,2026-10-06T04:06:53.324,rg-pub-1,q,240,135,14,true,bandwidth,23.005,0,94.524,0,,2599569
75.3,2026-10-06T04:06:53.324,rg-pub-1,h,,,,true,bandwidth,23.005,0,94.524,0,,736167
75.3,2026-10-06T04:06:53.324,rg-pub-2,q,160,90,16,true,bandwidth,25.458,2.182,88.048,0,,2464901
75.3,2026-10-06T04:06:53.324,rg-pub-2,h,,,,true,bandwidth,25.458,2.182,88.048,0,,506867
75.3,2026-10-06T04:06:53.324,rg-pub-3,h,,,,true,bandwidth,21.168,0,93.024,0,,423202
75.3,2026-10-06T04:06:53.324,rg-pub-3,q,320,180,12,true,bandwidth,21.168,0,93.024,0,,2078189
75.3,2026-10-06T04:06:53.324,rg-pub-4,h,,,,true,bandwidth,14.613,0,94.714,0,,502667
75.3,2026-10-06T04:06:53.324,rg-pub-4,q,240,135,12,true,bandwidth,14.613,0,94.714,0,,2371666
75.3,2026-10-06T04:06:53.324,rg-pub-5,q,240,135,2,true,cpu,7.446,4.059,92.621,0,,1373520
75.3,2026-10-06T04:06:53.324,rg-pub-5,h,960,540,1,true,cpu,7.446,4.059,92.621,0,,77225
77.7,2026-10-06T04:06:55.741,rg-pub-1,q,240,135,14,true,bandwidth,23.005,0,96.883,0,,2630438
77.7,2026-10-06T04:06:55.741,rg-pub-1,h,,,,true,bandwidth,23.005,0,96.883,0,,736167
77.7,2026-10-06T04:06:55.741,rg-pub-2,q,160,90,15,true,bandwidth,25.458,2.182,90.372,0,,2515545
77.7,2026-10-06T04:06:55.741,rg-pub-2,h,,,,true,bandwidth,25.458,2.182,90.372,0,,506867
77.7,2026-10-06T04:06:55.741,rg-pub-3,h,,,,true,bandwidth,21.168,0,95.3,0,,423202
77.7,2026-10-06T04:06:55.741,rg-pub-3,q,320,180,14,true,bandwidth,21.168,0,95.3,0,,2107857
77.7,2026-10-06T04:06:55.741,rg-pub-4,h,,,,true,bandwidth,14.613,0,96.939,0,,502667
77.7,2026-10-06T04:06:55.741,rg-pub-4,q,240,135,17,true,bandwidth,14.613,0,96.939,0,,2406255
77.7,2026-10-06T04:06:55.741,rg-pub-5,q,240,135,1,true,bandwidth,7.446,5.393,93.517,0,,1380606
77.7,2026-10-06T04:06:55.741,rg-pub-5,h,960,540,,true,bandwidth,7.446,5.393,93.517,0,,110558
79.9,2026-10-06T04:06:57.931,rg-pub-1,q,240,135,12,true,bandwidth,23.005,0,99.085,0,,2668762
79.9,2026-10-06T04:06:57.931,rg-pub-1,h,,,,true,bandwidth,23.005,0,99.085,0,,736167
79.9,2026-10-06T04:06:57.931,rg-pub-2,q,160,90,16,true,bandwidth,25.458,2.182,92.647,0,,2549158
79.9,2026-10-06T04:06:57.931,rg-pub-2,h,,,,true,bandwidth,25.458,2.182,92.647,0,,506867
79.9,2026-10-06T04:06:57.931,rg-pub-3,h,,,,true,bandwidth,21.168,0,97.591,0,,423202
79.9,2026-10-06T04:06:57.931,rg-pub-3,q,320,180,13,true,bandwidth,21.168,0,97.591,0,,2150465
79.9,2026-10-06T04:06:57.931,rg-pub-4,h,,,,true,bandwidth,14.613,0,99.395,0,,502667
79.9,2026-10-06T04:06:57.931,rg-pub-4,q,240,135,16,true,bandwidth,14.613,0,99.395,0,,2450393
79.9,2026-10-06T04:06:57.931,rg-pub-5,q,240,135,9,true,bandwidth,7.446,5.393,95.96,0,,1409962
79.9,2026-10-06T04:06:57.931,rg-pub-5,h,960,540,,true,bandwidth,7.446,5.393,95.96,0,,110558
82.4,2026-10-06T04:07:00.473,rg-pub-1,q,240,135,12,true,bandwidth,23.005,0,101.646,0,,2705265
82.4,2026-10-06T04:07:00.473,rg-pub-1,h,,,,true,bandwidth,23.005,0,101.646,0,,736167
82.4,2026-10-06T04:07:00.473,rg-pub-2,q,160,90,14,true,bandwidth,25.458,2.182,95.268,0,,2598865
82.4,2026-10-06T04:07:00.473,rg-pub-2,h,,,,true,bandwidth,25.458,2.182,95.268,0,,506867
82.4,2026-10-06T04:07:00.473,rg-pub-3,h,,,,true,bandwidth,21.168,0,100.212,0,,423202
82.4,2026-10-06T04:07:00.473,rg-pub-3,q,320,180,9,true,bandwidth,21.168,0,100.212,0,,2183899
82.4,2026-10-06T04:07:00.473,rg-pub-4,h,,,,true,bandwidth,14.613,0,102.253,0,,502667
82.4,2026-10-06T04:07:00.473,rg-pub-4,q,240,135,12,true,bandwidth,14.613,0,102.253,0,,2497361
82.4,2026-10-06T04:07:00.473,rg-pub-5,q,240,135,9,true,bandwidth,7.446,5.393,98.785,0,,1451673
82.4,2026-10-06T04:07:00.473,rg-pub-5,h,,,,true,bandwidth,7.446,5.393,98.785,0,,110558
85.3,2026-10-06T04:07:03.304,rg-pub-1,q,240,135,13,true,bandwidth,23.005,0,104.473,0,,2741834
85.3,2026-10-06T04:07:03.304,rg-pub-1,h,,,,true,bandwidth,23.005,0,104.473,0,,736167
85.3,2026-10-06T04:07:03.304,rg-pub-2,q,160,90,13,true,bandwidth,25.458,2.182,98.017,0,,2640770
85.3,2026-10-06T04:07:03.304,rg-pub-2,h,,,,true,bandwidth,25.458,2.182,98.017,0,,506867
85.3,2026-10-06T04:07:03.304,rg-pub-3,h,,,,true,bandwidth,21.168,0,102.923,0,,423202
85.3,2026-10-06T04:07:03.304,rg-pub-3,q,320,180,12,true,bandwidth,21.168,0,102.923,0,,2229640
85.3,2026-10-06T04:07:03.304,rg-pub-4,h,,,,true,bandwidth,14.613,0,104.715,0,,502667
85.3,2026-10-06T04:07:03.304,rg-pub-4,q,240,135,13,true,bandwidth,14.613,0,104.715,0,,2532998
85.3,2026-10-06T04:07:03.304,rg-pub-5,q,240,135,10,true,bandwidth,7.446,5.393,101.293,0,,1482427
85.3,2026-10-06T04:07:03.304,rg-pub-5,h,,,,true,bandwidth,7.446,5.393,101.293,0,,110558
87.7,2026-10-06T04:07:05.756,rg-pub-1,q,240,135,13,true,bandwidth,23.005,0,106.91,0,,2777693
87.7,2026-10-06T04:07:05.756,rg-pub-1,h,,,,true,bandwidth,23.005,0,106.91,0,,736167
87.7,2026-10-06T04:07:05.756,rg-pub-2,q,160,90,15,true,bandwidth,25.458,2.182,100.483,0,,2682779
87.7,2026-10-06T04:07:05.756,rg-pub-2,h,,,,true,bandwidth,25.458,2.182,100.483,0,,506867
87.7,2026-10-06T04:07:05.756,rg-pub-3,h,,,,true,bandwidth,21.168,0,105.517,0,,423202
87.7,2026-10-06T04:07:05.756,rg-pub-3,q,320,180,11,true,bandwidth,21.168,0,105.517,0,,2263198
87.7,2026-10-06T04:07:05.756,rg-pub-4,h,,,,true,bandwidth,14.613,0,107.243,0,,502667
87.7,2026-10-06T04:07:05.756,rg-pub-4,q,240,135,14,true,bandwidth,14.613,0,107.243,0,,2574072
87.7,2026-10-06T04:07:05.756,rg-pub-5,q,240,135,12,true,bandwidth,7.446,5.393,103.816,0,,1518241
87.7,2026-10-06T04:07:05.756,rg-pub-5,h,,,,true,bandwidth,7.446,5.393,103.816,0,,110558
90.3,2026-10-06T04:07:08.331,rg-pub-1,q,240,135,13,true,bandwidth,23.005,0,109.493,0,,2819257
90.3,2026-10-06T04:07:08.331,rg-pub-1,h,,,,true,bandwidth,23.005,0,109.493,0,,736167
90.3,2026-10-06T04:07:08.331,rg-pub-2,q,160,90,15,true,bandwidth,25.458,2.182,103.009,0,,2732082
90.3,2026-10-06T04:07:08.331,rg-pub-2,h,,,,true,bandwidth,25.458,2.182,103.009,0,,506867
90.3,2026-10-06T04:07:08.331,rg-pub-3,h,,,,true,bandwidth,21.168,0,108.05,0,,423202
90.3,2026-10-06T04:07:08.331,rg-pub-3,q,320,180,10,true,bandwidth,21.168,0,108.05,0,,2298940
90.3,2026-10-06T04:07:08.331,rg-pub-4,h,,,,true,bandwidth,14.613,0,109.753,0,,502667
90.3,2026-10-06T04:07:08.331,rg-pub-4,q,240,135,13,true,bandwidth,14.613,0,109.753,0,,2605374
90.3,2026-10-06T04:07:08.331,rg-pub-5,q,240,135,14,true,bandwidth,7.446,5.393,106.308,0,,1556789
90.3,2026-10-06T04:07:08.331,rg-pub-5,h,,,,true,bandwidth,7.446,5.393,106.308,0,,110558
92.8,2026-10-06T04:07:10.815,rg-pub-1,q,240,135,13,true,bandwidth,23.005,0,111.971,0,,2864124
92.8,2026-10-06T04:07:10.815,rg-pub-1,h,,,,true,bandwidth,23.005,0,111.971,0,,736167
92.8,2026-10-06T04:07:10.815,rg-pub-2,q,160,90,14,true,bandwidth,25.458,2.182,105.487,0,,2782384
92.8,2026-10-06T04:07:10.815,rg-pub-2,h,,,,true,bandwidth,25.458,2.182,105.487,0,,506867
92.8,2026-10-06T04:07:10.815,rg-pub-3,h,,,,true,bandwidth,21.168,0,110.426,0,,423202
92.8,2026-10-06T04:07:10.815,rg-pub-3,q,320,180,13,true,bandwidth,21.168,0,110.426,0,,2337317
92.8,2026-10-06T04:07:10.815,rg-pub-4,h,,,,true,bandwidth,14.613,0,112.132,0,,502667
92.8,2026-10-06T04:07:10.815,rg-pub-4,q,240,135,13,true,bandwidth,14.613,0,112.132,0,,2635620
92.8,2026-10-06T04:07:10.815,rg-pub-5,q,240,135,15,true,bandwidth,7.446,5.393,108.667,0,,1593242
92.8,2026-10-06T04:07:10.815,rg-pub-5,h,,,,true,bandwidth,7.446,5.393,108.667,0,,110558
95.2,2026-10-06T04:07:13.211,rg-pub-1,q,240,135,10,true,bandwidth,23.005,0,114.388,0,,2903313
95.2,2026-10-06T04:07:13.211,rg-pub-1,h,,,,true,bandwidth,23.005,0,114.388,0,,736167
95.2,2026-10-06T04:07:13.211,rg-pub-2,q,160,90,15,true,bandwidth,25.458,2.182,107.95,0,,2828923
95.2,2026-10-06T04:07:13.211,rg-pub-2,h,,,,true,bandwidth,25.458,2.182,107.95,0,,506867
95.2,2026-10-06T04:07:13.211,rg-pub-3,h,,,,true,bandwidth,21.168,0,112.953,0,,423202
95.2,2026-10-06T04:07:13.211,rg-pub-3,q,320,180,12,true,bandwidth,21.168,0,112.953,0,,2376177
95.2,2026-10-06T04:07:13.211,rg-pub-4,h,,,,true,bandwidth,14.613,0,114.651,0,,502667
95.2,2026-10-06T04:07:13.211,rg-pub-4,q,240,135,15,true,bandwidth,14.613,0,114.651,0,,2666235
95.2,2026-10-06T04:07:13.211,rg-pub-5,q,240,135,9,true,bandwidth,7.446,5.393,111.187,0,,1641687
95.2,2026-10-06T04:07:13.211,rg-pub-5,h,,,,true,bandwidth,7.446,5.393,111.187,0,,110558
97.6,2026-10-06T04:07:15.663,rg-pub-1,q,240,135,13,true,bandwidth,23.005,0,116.84,0,,2935745
97.6,2026-10-06T04:07:15.663,rg-pub-1,h,,,,true,bandwidth,23.005,0,116.84,0,,736167
97.6,2026-10-06T04:07:15.663,rg-pub-2,q,160,90,15,true,bandwidth,25.458,2.182,110.413,0,,2876084
97.6,2026-10-06T04:07:15.663,rg-pub-2,h,,,,true,bandwidth,25.458,2.182,110.413,0,,506867
97.6,2026-10-06T04:07:15.663,rg-pub-3,h,,,,true,bandwidth,21.168,0,115.346,0,,423202
97.6,2026-10-06T04:07:15.663,rg-pub-3,q,320,180,12,true,bandwidth,21.168,0,115.346,0,,2414935
97.6,2026-10-06T04:07:15.663,rg-pub-4,h,,,,true,bandwidth,14.613,0,117.031,0,,502667
97.6,2026-10-06T04:07:15.663,rg-pub-4,q,240,135,13,true,bandwidth,14.613,0,117.031,0,,2691650
97.6,2026-10-06T04:07:15.663,rg-pub-5,q,240,135,12,true,bandwidth,7.446,5.393,113.596,0,,1668701
97.6,2026-10-06T04:07:15.663,rg-pub-5,h,,,,true,bandwidth,7.446,5.393,113.596,0,,110558
100,2026-10-06T04:07:18.075,rg-pub-1,q,240,135,14,true,bandwidth,23.005,0,119.187,0,,2980482
100,2026-10-06T04:07:18.075,rg-pub-1,h,,,,true,bandwidth,23.005,0,119.187,0,,736167
100,2026-10-06T04:07:18.075,rg-pub-2,q,160,90,8,true,cpu,25.458,3.53,111.395,0,,2911193
100,2026-10-06T04:07:18.075,rg-pub-2,h,640,360,3,true,cpu,25.458,3.53,111.395,0,,524277
100,2026-10-06T04:07:18.075,rg-pub-3,h,,,,true,bandwidth,21.168,0,117.645,0,,423202
100,2026-10-06T04:07:18.075,rg-pub-3,q,320,180,13,true,bandwidth,21.168,0,117.645,0,,2454298
100,2026-10-06T04:07:18.075,rg-pub-4,h,,,,true,bandwidth,14.613,0,119.322,0,,502667
100,2026-10-06T04:07:18.075,rg-pub-4,q,240,135,9,true,bandwidth,14.613,0,119.322,0,,2715407
100,2026-10-06T04:07:18.075,rg-pub-5,q,240,135,16,true,bandwidth,7.446,5.393,115.905,0,,1702234
100,2026-10-06T04:07:18.075,rg-pub-5,h,,,,true,bandwidth,7.446,5.393,115.905,0,,110558
102.3,2026-10-06T04:07:20.328,rg-pub-1,q,240,135,12,true,bandwidth,23.005,0,121.486,0,,3019910
102.3,2026-10-06T04:07:20.328,rg-pub-1,h,,,,true,bandwidth,23.005,0,121.486,0,,736167
102.3,2026-10-06T04:07:20.328,rg-pub-2,q,160,90,5,true,cpu,25.458,5.771,111.395,0,,2931960
102.3,2026-10-06T04:07:20.328,rg-pub-2,h,640,360,2,true,cpu,25.458,5.771,111.395,0,,560734
102.3,2026-10-06T04:07:20.328,rg-pub-3,h,,,,true,bandwidth,21.168,0,119.901,0,,423202
102.3,2026-10-06T04:07:20.328,rg-pub-3,q,320,180,10,true,bandwidth,21.168,0,119.901,0,,2494492
102.3,2026-10-06T04:07:20.328,rg-pub-4,h,,,,true,bandwidth,14.613,0,121.603,0,,502667
102.3,2026-10-06T04:07:20.328,rg-pub-4,q,240,135,13,true,bandwidth,14.613,0,121.603,0,,2748107
102.3,2026-10-06T04:07:20.328,rg-pub-5,q,240,135,12,true,bandwidth,7.446,5.393,118.154,0,,1739802
102.3,2026-10-06T04:07:20.328,rg-pub-5,h,,,,true,bandwidth,7.446,5.393,118.154,0,,110558
104.6,2026-10-06T04:07:22.609,rg-pub-1,q,240,135,13,true,bandwidth,23.005,0,123.744,0,,3051933
104.6,2026-10-06T04:07:22.609,rg-pub-1,h,,,,true,bandwidth,23.005,0,123.744,0,,736167
104.6,2026-10-06T04:07:22.609,rg-pub-2,q,160,90,8,true,cpu,25.458,8.041,111.395,0,,2948292
104.6,2026-10-06T04:07:22.609,rg-pub-2,h,640,360,1,true,cpu,25.458,8.041,111.395,0,,588310
104.6,2026-10-06T04:07:22.609,rg-pub-3,h,,,,true,bandwidth,21.168,0,122.216,0,,423202
104.6,2026-10-06T04:07:22.609,rg-pub-3,q,320,180,14,true,bandwidth,21.168,0,122.216,0,,2530145
104.6,2026-10-06T04:07:22.609,rg-pub-4,h,,,,true,bandwidth,14.613,0,123.883,0,,502667
104.6,2026-10-06T04:07:22.609,rg-pub-4,q,240,135,10,true,bandwidth,14.613,0,123.883,0,,2776670
104.6,2026-10-06T04:07:22.609,rg-pub-5,q,240,135,14,true,bandwidth,7.446,5.393,120.466,0,,1780529
104.6,2026-10-06T04:07:22.609,rg-pub-5,h,,,,true,bandwidth,7.446,5.393,120.466,0,,110558
106.9,2026-10-06T04:07:24.959,rg-pub-1,q,240,135,10,true,bandwidth,23.005,0,126.143,0,,3093716
106.9,2026-10-06T04:07:24.959,rg-pub-1,h,,,,true,bandwidth,23.005,0,126.143,0,,736167
106.9,2026-10-06T04:07:24.959,rg-pub-2,q,160,90,8,true,cpu,25.458,10.465,111.395,0,,2969938
106.9,2026-10-06T04:07:24.959,rg-pub-2,h,640,360,1,true,cpu,25.458,10.465,111.395,0,,628938
106.9,2026-10-06T04:07:24.959,rg-pub-3,h,,,,true,bandwidth,21.168,0,124.633,0,,423202
106.9,2026-10-06T04:07:24.959,rg-pub-3,q,320,180,12,true,bandwidth,21.168,0,124.633,0,,2569963
106.9,2026-10-06T04:07:24.959,rg-pub-4,h,,,,true,bandwidth,14.613,0,126.312,0,,502667
106.9,2026-10-06T04:07:24.959,rg-pub-4,q,240,135,9,true,bandwidth,14.613,0,126.312,0,,2806817
106.9,2026-10-06T04:07:24.959,rg-pub-5,q,240,135,12,true,bandwidth,7.446,5.393,122.87,0,,1816622
106.9,2026-10-06T04:07:24.959,rg-pub-5,h,,,,true,bandwidth,7.446,5.393,122.87,0,,110558
109.4,2026-10-06T04:07:27.405,rg-pub-1,q,240,135,13,true,bandwidth,23.005,0,128.542,0,,3143871
109.4,2026-10-06T04:07:27.405,rg-pub-1,h,,,,true,bandwidth,23.005,0,128.542,0,,736167
109.4,2026-10-06T04:07:27.405,rg-pub-2,q,160,90,8,true,cpu,25.458,12.92,111.395,0,,2992968
109.4,2026-10-06T04:07:27.405,rg-pub-2,h,640,360,1,true,cpu,25.458,12.92,111.395,0,,686149
109.4,2026-10-06T04:07:27.405,rg-pub-3,h,,,,true,bandwidth,21.168,0,127.132,0,,423202
109.4,2026-10-06T04:07:27.405,rg-pub-3,q,320,180,14,true,bandwidth,21.168,0,127.132,0,,2612992
109.4,2026-10-06T04:07:27.405,rg-pub-4,h,,,,true,bandwidth,14.613,0,128.802,0,,502667
109.4,2026-10-06T04:07:27.405,rg-pub-4,q,240,135,9,true,bandwidth,14.613,0,128.802,0,,2836601
109.4,2026-10-06T04:07:27.405,rg-pub-5,q,240,135,13,true,bandwidth,7.446,5.393,125.363,0,,1858331
109.4,2026-10-06T04:07:27.405,rg-pub-5,h,,,,true,bandwidth,7.446,5.393,125.363,0,,110558
111.8,2026-10-06T04:07:29.801,rg-pub-1,q,240,135,11,true,bandwidth,23.005,0,130.943,0,,3186739
111.8,2026-10-06T04:07:29.801,rg-pub-1,h,,,,true,bandwidth,23.005,0,130.943,0,,736167
111.8,2026-10-06T04:07:29.801,rg-pub-2,q,160,90,8,true,cpu,25.458,15.215,111.395,0,,3013390
111.8,2026-10-06T04:07:29.801,rg-pub-2,h,640,360,1,true,cpu,25.458,15.215,111.395,0,,757635
111.8,2026-10-06T04:07:29.801,rg-pub-3,h,,,,true,bandwidth,21.168,0,129.332,0,,423202
111.8,2026-10-06T04:07:29.801,rg-pub-3,q,320,180,13,true,bandwidth,21.168,0,129.332,0,,2648203
111.8,2026-10-06T04:07:29.801,rg-pub-4,h,,,,true,bandwidth,14.613,0,130.994,0,,502667
111.8,2026-10-06T04:07:29.801,rg-pub-4,q,240,135,15,true,bandwidth,14.613,0,130.994,0,,2865796
111.8,2026-10-06T04:07:29.801,rg-pub-5,q,240,135,13,true,bandwidth,7.446,5.393,127.575,0,,1899853
111.8,2026-10-06T04:07:29.801,rg-pub-5,h,,,,true,bandwidth,7.446,5.393,127.575,0,,110558
114.1,2026-10-06T04:07:32.185,rg-pub-1,q,240,135,15,true,bandwidth,23.005,0,133.371,0,,3226746
114.1,2026-10-06T04:07:32.185,rg-pub-1,h,,,,true,bandwidth,23.005,0,133.371,0,,736167
114.1,2026-10-06T04:07:32.185,rg-pub-2,q,160,90,8,true,cpu,25.458,17.545,111.545,0,,3037869
114.1,2026-10-06T04:07:32.185,rg-pub-2,h,640,360,2,true,cpu,25.458,17.545,111.545,0,,829836
114.1,2026-10-06T04:07:32.185,rg-pub-3,h,,,,true,bandwidth,21.168,0,131.952,0,,423202
114.1,2026-10-06T04:07:32.185,rg-pub-3,q,320,180,6,true,bandwidth,21.168,0,131.952,0,,2679629
114.1,2026-10-06T04:07:32.185,rg-pub-4,h,,,,true,bandwidth,14.613,0,133.681,0,,502667
114.1,2026-10-06T04:07:32.185,rg-pub-4,q,240,135,12,true,bandwidth,14.613,0,133.681,0,,2896517
114.1,2026-10-06T04:07:32.185,rg-pub-5,q,240,135,12,true,bandwidth,7.446,5.393,130.222,0,,1925379
114.1,2026-10-06T04:07:32.185,rg-pub-5,h,,,,true,bandwidth,7.446,5.393,130.222,0,,110558
116.6,2026-10-06T04:07:34.672,rg-pub-1,q,240,135,13,true,bandwidth,23.005,0,135.834,0,,3263689
116.6,2026-10-06T04:07:34.672,rg-pub-1,h,,,,true,bandwidth,23.005,0,135.834,0,,736167
116.6,2026-10-06T04:07:34.672,rg-pub-2,q,160,90,8,true,cpu,25.458,20.084,111.545,0,,3058454
116.6,2026-10-06T04:07:34.672,rg-pub-2,h,640,360,1,true,cpu,25.458,20.084,111.545,0,,903237
116.6,2026-10-06T04:07:34.672,rg-pub-3,h,,,,true,bandwidth,21.168,0,134.443,0,,423202
116.6,2026-10-06T04:07:34.672,rg-pub-3,q,320,180,5,true,bandwidth,21.168,0,134.443,0,,2701212
116.6,2026-10-06T04:07:34.672,rg-pub-4,h,,,,true,bandwidth,14.613,0,136.145,0,,502667
116.6,2026-10-06T04:07:34.672,rg-pub-4,q,240,135,11,true,bandwidth,14.613,0,136.145,0,,2924759
116.6,2026-10-06T04:07:34.672,rg-pub-5,q,240,135,12,true,bandwidth,7.446,5.393,132.779,0,,1951493
116.6,2026-10-06T04:07:34.672,rg-pub-5,h,,,,true,bandwidth,7.446,5.393,132.779,0,,110558
119.3,2026-10-06T04:07:37.301,rg-pub-1,q,240,135,14,true,bandwidth,23.005,0,138.491,0,,3311275
119.3,2026-10-06T04:07:37.301,rg-pub-1,h,,,,true,bandwidth,23.005,0,138.491,0,,736167
119.3,2026-10-06T04:07:37.301,rg-pub-2,q,160,90,8,true,cpu,25.458,22.654,111.545,0,,3078070
119.3,2026-10-06T04:07:37.301,rg-pub-2,h,640,360,2,true,cpu,25.458,22.654,111.545,0,,997079
119.3,2026-10-06T04:07:37.301,rg-pub-3,h,,,,true,bandwidth,21.168,0,136.982,0,,423202
119.3,2026-10-06T04:07:37.301,rg-pub-3,q,320,180,13,true,bandwidth,21.168,0,136.982,0,,2724760
119.3,2026-10-06T04:07:37.301,rg-pub-4,h,,,,true,bandwidth,14.613,0,138.664,0,,502667
119.3,2026-10-06T04:07:37.301,rg-pub-4,q,240,135,12,true,bandwidth,14.613,0,138.664,0,,2955477
119.3,2026-10-06T04:07:37.301,rg-pub-5,q,240,135,13,true,bandwidth,7.446,5.393,135.231,0,,1981662
119.3,2026-10-06T04:07:37.301,rg-pub-5,h,,,,true,bandwidth,7.446,5.393,135.231,0,,110558
121.7,2026-10-06T04:07:39.761,rg-pub-1,q,240,135,13,true,bandwidth,23.005,0,140.902,0,,3352649
121.7,2026-10-06T04:07:39.761,rg-pub-1,h,,,,true,bandwidth,23.005,0,140.902,0,,736167
121.7,2026-10-06T04:07:39.761,rg-pub-2,q,160,90,8,true,cpu,25.458,25.025,111.545,0,,3100513
121.7,2026-10-06T04:07:39.761,rg-pub-2,h,640,360,1,true,cpu,25.458,25.025,111.545,0,,1036643
121.7,2026-10-06T04:07:39.761,rg-pub-3,h,,,,true,bandwidth,21.168,0,139.323,0,,423202
121.7,2026-10-06T04:07:39.761,rg-pub-3,q,320,180,12,true,bandwidth,21.168,0,139.323,0,,2749004
121.7,2026-10-06T04:07:39.761,rg-pub-4,h,,,,true,bandwidth,14.613,0,140.999,0,,502667
121.7,2026-10-06T04:07:39.761,rg-pub-4,q,240,135,13,true,bandwidth,14.613,0,140.999,0,,2982854
121.7,2026-10-06T04:07:39.761,rg-pub-5,q,240,135,13,true,bandwidth,7.446,5.393,137.565,0,,2014977
121.7,2026-10-06T04:07:39.761,rg-pub-5,h,,,,true,bandwidth,7.446,5.393,137.565,0,,110558
