t_rel_s,at_paris,track_from,w,h,fps,framesDecoded,framesDropped,totalDecodeTime,keyFramesDecoded,freezeCount,totalFreezesDuration,decoderImplementation,powerEfficientDecoder,bytesReceived,packetsLost
2,2026-10-06T04:05:40.055,rg-pub-1,240,135,16,312,0,0.304322,38,2,0.464,libvpx,false,360827,0
2,2026-10-06T04:05:40.055,rg-pub-3,320,180,16,205,0,0.285649,35,3,1.704,libvpx,false,350190,0
2,2026-10-06T04:05:40.055,rg-pub-4,240,135,9,307,0,0.33915,39,3,1.614,libvpx,false,351061,0
2,2026-10-06T04:05:40.055,rg-pub-5,320,180,15,277,0,0.247642,39,0,0,libvpx,false,296089,0
2,2026-10-06T04:05:40.055,rg-pub-2,320,180,15,245,2,0.339408,32,1,0.24,libvpx,false,357886,0
4.6,2026-10-06T04:05:42.610,rg-pub-1,240,135,17,352,0,0.332088,42,2,0.464,libvpx,false,398242,0
4.6,2026-10-06T04:05:42.610,rg-pub-3,320,180,9,232,0,0.308855,40,4,1.946,libvpx,false,381957,0
4.6,2026-10-06T04:05:42.610,rg-pub-4,240,135,17,344,0,0.366531,44,3,1.614,libvpx,false,379038,0
4.6,2026-10-06T04:05:42.610,rg-pub-5,320,180,12,309,0,0.275462,43,0,0,libvpx,false,324541,0
4.6,2026-10-06T04:05:42.610,rg-pub-2,320,180,13,275,2,0.368606,36,1,0.24,libvpx,false,385394,0
7,2026-10-06T04:05:45.005,rg-pub-1,240,135,14,390,0,0.352688,46,2,0.464,libvpx,false,436401,0
7,2026-10-06T04:05:45.005,rg-pub-3,320,180,12,266,0,0.337298,44,4,1.946,libvpx,false,421517,0
7,2026-10-06T04:05:45.005,rg-pub-4,240,135,15,382,0,0.38989199999999996,48,3,1.614,libvpx,false,417968,0
7,2026-10-06T04:05:45.005,rg-pub-5,320,180,10,337,0,0.29908399999999996,47,0,0,libvpx,false,348513,0
7,2026-10-06T04:05:45.005,rg-pub-2,320,180,12,309,2,0.40235299999999996,40,1,0.24,libvpx,false,426186,0
9.7,2026-10-06T04:05:47.723,rg-pub-1,240,135,18,434,0,0.37659699999999996,51,2,0.464,libvpx,false,481104,0
9.7,2026-10-06T04:05:47.723,rg-pub-3,320,180,13,299,0,0.37222299999999997,48,4,1.946,libvpx,false,464020,0
9.7,2026-10-06T04:05:47.723,rg-pub-4,240,135,15,424,0,0.41387999999999997,52,3,1.614,libvpx,false,464632,0
9.7,2026-10-06T04:05:47.723,rg-pub-5,320,180,8,358,0,0.313614,51,2,0.812,libvpx,false,377580,0
9.7,2026-10-06T04:05:47.723,rg-pub-2,240,135,18,348,2,0.427926,45,1,0.24,libvpx,false,463133,0
12.1,2026-10-06T04:05:50.150,rg-pub-1,240,135,16,475,0,0.409475,55,2,0.464,libvpx,false,520969,0
12.1,2026-10-06T04:05:50.150,rg-pub-3,320,180,7,321,0,0.38888799999999996,52,6,2.521,libvpx,false,505898,0
12.1,2026-10-06T04:05:50.150,rg-pub-4,240,135,15,466,0,0.43876299999999996,56,3,1.614,libvpx,false,505539,0
12.1,2026-10-06T04:05:50.150,rg-pub-5,320,180,16,382,0,0.340503,56,4,1.784,libvpx,false,398088,0
12.1,2026-10-06T04:05:50.150,rg-pub-2,240,135,17,391,2,0.45686099999999996,50,1,0.24,libvpx,false,499643,0
14.7,2026-10-06T04:05:52.770,rg-pub-1,240,135,16,513,0,0.433675,59,2,0.464,libvpx,false,563331,0
14.7,2026-10-06T04:05:52.770,rg-pub-3,320,180,11,348,0,0.415832,57,6,2.521,libvpx,false,541627,0
14.7,2026-10-06T04:05:52.770,rg-pub-4,240,135,16,506,0,0.46896699999999997,61,3,1.614,libvpx,false,549065,0
14.7,2026-10-06T04:05:52.770,rg-pub-5,320,180,11,417,0,0.366374,60,5,2.008,libvpx,false,426210,0
14.7,2026-10-06T04:05:52.770,rg-pub-2,240,135,18,434,2,0.48039299999999996,54,1,0.24,libvpx,false,545795,0
17.2,2026-10-06T04:05:55.275,rg-pub-1,240,135,14,553,0,0.452069,64,2,0.464,libvpx,false,607715,0
17.2,2026-10-06T04:05:55.275,rg-pub-3,320,180,16,382,0,0.446706,61,6,2.521,libvpx,false,575080,0
17.2,2026-10-06T04:05:55.275,rg-pub-4,240,135,10,536,0,0.486927,65,3,1.614,libvpx,false,587719,0
17.2,2026-10-06T04:05:55.275,rg-pub-5,320,180,4,430,0,0.378945,64,9,3.528,libvpx,false,460142,0
17.2,2026-10-06T04:05:55.275,rg-pub-2,240,135,15,473,2,0.5014609999999999,58,1,0.24,libvpx,false,587895,0
20.1,2026-10-06T04:05:58.105,rg-pub-1,240,135,13,586,0,0.473074,68,2,0.464,libvpx,false,646108,0
20.1,2026-10-06T04:05:58.105,rg-pub-3,320,180,15,418,0,0.48319199999999995,66,6,2.521,libvpx,false,602602,0
20.1,2026-10-06T04:05:58.105,rg-pub-4,240,135,13,569,0,0.517349,69,3,1.614,libvpx,false,630640,0
20.1,2026-10-06T04:05:58.105,rg-pub-5,320,180,10,451,0,0.39675,69,9,3.528,libvpx,false,493966,0
20.1,2026-10-06T04:05:58.105,rg-pub-2,240,135,15,513,2,0.518957,62,1,0.24,libvpx,false,630772,0
22.4,2026-10-06T04:06:00.485,rg-pub-1,240,135,13,619,0,0.49365,72,2,0.464,libvpx,false,686475,0
22.4,2026-10-06T04:06:00.485,rg-pub-3,320,180,15,455,0,0.512784,70,6,2.521,libvpx,false,639443,0
22.4,2026-10-06T04:06:00.485,rg-pub-4,240,135,16,607,0,0.543997,73,3,1.614,libvpx,false,669039,0
22.4,2026-10-06T04:06:00.485,rg-pub-5,320,180,13,480,0,0.416599,73,9,3.528,libvpx,false,515782,0
22.4,2026-10-06T04:06:00.485,rg-pub-2,240,135,14,550,2,0.534689,67,1,0.24,libvpx,false,669019,0
24.9,2026-10-06T04:06:02.963,rg-pub-1,240,135,14,652,0,0.515409,76,2,0.464,libvpx,false,729886,0
24.9,2026-10-06T04:06:02.963,rg-pub-3,320,180,18,491,0,0.540437,74,6,2.521,libvpx,false,682084,0
24.9,2026-10-06T04:06:02.963,rg-pub-4,240,135,16,647,0,0.56323,78,3,1.614,libvpx,false,709011,0
24.9,2026-10-06T04:06:02.963,rg-pub-5,320,180,15,517,0,0.44733,77,9,3.528,libvpx,false,544286,0
24.9,2026-10-06T04:06:02.963,rg-pub-2,240,135,15,591,2,0.557066,71,1,0.24,libvpx,false,708178,0
27.4,2026-10-06T04:06:05.454,rg-pub-1,240,135,13,682,0,0.5399189999999999,80,2,0.464,libvpx,false,764340,0
27.4,2026-10-06T04:06:05.454,rg-pub-3,320,180,12,521,0,0.5688869999999999,78,6,2.521,libvpx,false,719029,0
27.4,2026-10-06T04:06:05.454,rg-pub-4,240,135,14,678,0,0.575666,81,3,1.614,libvpx,false,745307,0
27.4,2026-10-06T04:06:05.454,rg-pub-5,320,180,16,548,0,0.473846,81,10,3.762,libvpx,false,574694,0
27.4,2026-10-06T04:06:05.454,rg-pub-2,240,135,14,620,2,0.572996,75,1,0.24,libvpx,false,739776,0
29.6,2026-10-06T04:06:07.652,rg-pub-1,240,135,11,716,0,0.567259,84,2,0.464,libvpx,false,813017,0
29.6,2026-10-06T04:06:07.652,rg-pub-3,320,180,13,556,0,0.595318,82,6,2.521,libvpx,false,763807,0
29.6,2026-10-06T04:06:07.652,rg-pub-4,240,135,13,713,0,0.5935309999999999,86,3,1.614,libvpx,false,782830,0
29.6,2026-10-06T04:06:07.652,rg-pub-5,320,180,14,589,0,0.508356,85,10,3.762,libvpx,false,603023,0
29.6,2026-10-06T04:06:07.652,rg-pub-2,240,135,15,661,2,0.5963999999999999,79,1,0.24,libvpx,false,774938,0
32.3,2026-10-06T04:06:10.370,rg-pub-1,240,135,14,746,0,0.585332,88,2,0.464,libvpx,false,849392,0
32.3,2026-10-06T04:06:10.370,rg-pub-3,320,180,12,584,0,0.62703,86,6,2.521,libvpx,false,802547,0
32.3,2026-10-06T04:06:10.370,rg-pub-4,240,135,12,741,0,0.608146,89,3,1.614,libvpx,false,819883,0
32.3,2026-10-06T04:06:10.370,rg-pub-5,320,180,17,628,0,0.53732,89,10,3.762,libvpx,false,633568,0
32.3,2026-10-06T04:06:10.370,rg-pub-2,160,90,12,689,2,0.612931,83,1,0.24,libvpx,false,805956,0
34.6,2026-10-06T04:06:12.659,rg-pub-1,240,135,14,786,0,0.6097929999999999,92,3,0.754,libvpx,false,894071,0
34.6,2026-10-06T04:06:12.659,rg-pub-3,320,180,11,614,0,0.6551969999999999,90,7,2.797,libvpx,false,842917,0
34.6,2026-10-06T04:06:12.659,rg-pub-4,240,135,11,772,0,0.6247889999999999,94,3,1.614,libvpx,false,859973,0
34.6,2026-10-06T04:06:12.659,rg-pub-5,320,180,14,671,0,0.576288,93,11,4.065,libvpx,false,677864,0
34.6,2026-10-06T04:06:12.659,rg-pub-2,160,90,13,712,2,0.623918,87,3,0.816,libvpx,false,826464,0
37.3,2026-10-06T04:06:15.350,rg-pub-1,240,135,11,815,0,0.624954,96,3,0.754,libvpx,false,924391,0
37.3,2026-10-06T04:06:15.350,rg-pub-3,320,180,13,642,0,0.68045,94,7,2.797,libvpx,false,878190,0
37.3,2026-10-06T04:06:15.350,rg-pub-4,240,135,13,802,0,0.6424489999999999,97,3,1.614,libvpx,false,900590,0
37.3,2026-10-06T04:06:15.350,rg-pub-5,320,180,17,706,0,0.6050479999999999,96,11,4.065,libvpx,false,706565,0
37.3,2026-10-06T04:06:15.350,rg-pub-2,160,90,19,752,2,0.637114,90,3,0.816,libvpx,false,861279,0
39.6,2026-10-06T04:06:17.629,rg-pub-1,240,135,11,852,0,0.653257,100,3,0.754,libvpx,false,957659,0
39.6,2026-10-06T04:06:17.629,rg-pub-3,320,180,6,666,0,0.7033429999999999,97,7,2.797,libvpx,false,901252,0
39.6,2026-10-06T04:06:17.629,rg-pub-4,240,135,13,836,0,0.668199,101,3,1.614,libvpx,false,939141,0
39.6,2026-10-06T04:06:17.629,rg-pub-5,320,180,17,749,0,0.633778,101,11,4.065,libvpx,false,736518,0
39.6,2026-10-06T04:06:17.629,rg-pub-2,160,90,12,791,2,0.6495989999999999,94,3,0.816,libvpx,false,895181,0
42.2,2026-10-06T04:06:20.273,rg-pub-1,240,135,12,884,0,0.670384,103,3,0.754,libvpx,false,989315,0
42.2,2026-10-06T04:06:20.273,rg-pub-3,320,180,8,693,0,0.7306969999999999,101,8,3.242,libvpx,false,932330,0
42.2,2026-10-06T04:06:20.273,rg-pub-4,240,135,12,864,0,0.684672,105,3,1.614,libvpx,false,976975,0
42.2,2026-10-06T04:06:20.273,rg-pub-5,240,135,17,791,0,0.659218,105,11,4.065,libvpx,false,771118,0
42.2,2026-10-06T04:06:20.273,rg-pub-2,160,90,15,833,2,0.663692,99,4,1.152,libvpx,false,923487,0
44.6,2026-10-06T04:06:22.685,rg-pub-1,240,135,11,912,0,0.687344,107,3,0.754,libvpx,false,1019512,0
44.6,2026-10-06T04:06:22.685,rg-pub-3,320,180,9,707,0,0.746223,106,11,4.616,libvpx,false,949109,0
44.6,2026-10-06T04:06:22.685,rg-pub-4,240,135,13,895,0,0.7019839999999999,109,3,1.614,libvpx,false,1006598,0
44.6,2026-10-06T04:06:22.685,rg-pub-5,240,135,16,830,0,0.679453,109,11,4.065,libvpx,false,794500,0
44.6,2026-10-06T04:06:22.685,rg-pub-2,160,90,16,873,2,0.680217,103,4,1.152,libvpx,false,943684,0
47,2026-10-06T04:06:25.070,rg-pub-1,240,135,14,934,0,0.703923,111,5,1.629,libvpx,false,1048806,0
47,2026-10-06T04:06:25.070,rg-pub-3,320,180,7,723,0,0.7583099999999999,109,11,4.616,libvpx,false,967793,0
47,2026-10-06T04:06:25.070,rg-pub-4,240,135,14,926,0,0.7209669999999999,113,3,1.614,libvpx,false,1039847,0
47,2026-10-06T04:06:25.070,rg-pub-5,240,135,17,869,0,0.697508,113,11,4.065,libvpx,false,823406,0
47,2026-10-06T04:06:25.070,rg-pub-2,160,90,14,903,2,0.6884,107,5,1.433,libvpx,false,963250,0
49.3,2026-10-06T04:06:27.345,rg-pub-1,240,135,13,962,0,0.7201839999999999,115,5,1.629,libvpx,false,1076255,0
49.3,2026-10-06T04:06:27.345,rg-pub-3,320,180,6,736,0,0.770652,113,13,5.685,libvpx,false,986011,0
49.3,2026-10-06T04:06:27.345,rg-pub-4,240,135,13,954,0,0.737211,117,3,1.614,libvpx,false,1069506,0
49.3,2026-10-06T04:06:27.345,rg-pub-5,240,135,17,906,0,0.7231679999999999,117,11,4.065,libvpx,false,850353,0
49.3,2026-10-06T04:06:27.345,rg-pub-2,160,90,17,940,2,0.698728,110,5,1.433,libvpx,false,983933,0
51.5,2026-10-06T04:06:29.577,rg-pub-1,240,135,14,993,0,0.7482019999999999,119,5,1.629,libvpx,false,1110397,0
51.5,2026-10-06T04:06:29.577,rg-pub-3,320,180,3,746,0,0.7789539999999999,117,13,5.685,libvpx,false,1008550,0
51.5,2026-10-06T04:06:29.577,rg-pub-4,240,135,14,985,0,0.756703,121,3,1.614,libvpx,false,1105004,0
51.5,2026-10-06T04:06:29.577,rg-pub-5,240,135,18,945,0,0.742327,120,11,4.065,libvpx,false,881786,0
51.5,2026-10-06T04:06:29.577,rg-pub-2,160,90,18,980,2,0.714554,114,5,1.433,libvpx,false,1006133,0
53.9,2026-10-06T04:06:31.947,rg-pub-1,240,135,14,1022,0,0.7647959999999999,123,6,1.956,libvpx,false,1145632,0
53.9,2026-10-06T04:06:31.947,rg-pub-3,320,180,7,761,0,0.7898729999999999,121,14,6.427,libvpx,false,1029605,0
53.9,2026-10-06T04:06:31.947,rg-pub-4,240,135,12,1015,0,0.775859,125,3,1.614,libvpx,false,1136546,0
53.9,2026-10-06T04:06:31.947,rg-pub-5,240,135,15,979,0,0.759686,124,11,4.065,libvpx,false,913240,0
53.9,2026-10-06T04:06:31.947,rg-pub-2,160,90,16,1020,2,0.7246119999999999,118,5,1.433,libvpx,false,1032426,0
56.3,2026-10-06T04:06:34.330,rg-pub-1,240,135,13,1050,0,0.780212,127,7,2.344,libvpx,false,1178397,0
56.3,2026-10-06T04:06:34.330,rg-pub-3,320,180,12,786,0,0.8103549999999999,125,14,6.427,libvpx,false,1052707,0
56.3,2026-10-06T04:06:34.330,rg-pub-4,240,135,15,1047,0,0.793501,129,3,1.614,libvpx,false,1167493,0
56.3,2026-10-06T04:06:34.330,rg-pub-5,240,135,13,1012,0,0.77889,129,11,4.065,libvpx,false,950896,0
56.3,2026-10-06T04:06:34.330,rg-pub-2,160,90,13,1059,2,0.7400829999999999,122,5,1.433,libvpx,false,1057153,0
58.7,2026-10-06T04:06:36.786,rg-pub-1,240,135,12,1081,0,0.794557,131,7,2.344,libvpx,false,1207507,0
58.7,2026-10-06T04:06:36.786,rg-pub-3,320,180,12,812,0,0.83148,129,14,6.427,libvpx,false,1083147,0
58.7,2026-10-06T04:06:36.786,rg-pub-4,240,135,14,1081,0,0.8199679999999999,133,3,1.614,libvpx,false,1197399,0
58.7,2026-10-06T04:06:36.786,rg-pub-5,240,135,15,1045,0,0.7966449999999999,133,11,4.065,libvpx,false,989058,0
58.7,2026-10-06T04:06:36.786,rg-pub-2,160,90,15,1094,2,0.7546809999999999,126,5,1.433,libvpx,false,1081417,0
61.2,2026-10-06T04:06:39.226,rg-pub-1,240,135,11,1105,0,0.811507,134,7,2.344,libvpx,false,1238516,0
61.2,2026-10-06T04:06:39.226,rg-pub-3,320,180,12,836,0,0.856727,132,14,6.427,libvpx,false,1107328,0
61.2,2026-10-06T04:06:39.226,rg-pub-4,240,135,9,1104,0,0.8334699999999999,136,4,1.901,libvpx,false,1229661,0
61.2,2026-10-06T04:06:39.226,rg-pub-5,240,135,13,1073,0,0.813824,136,11,4.065,libvpx,false,1026897,0
61.2,2026-10-06T04:06:39.226,rg-pub-2,160,90,13,1120,2,0.761641,129,5,1.433,libvpx,false,1105037,0
63.3,2026-10-06T04:06:41.362,rg-pub-1,240,135,13,1137,0,0.830344,138,7,2.344,libvpx,false,1264891,0
63.3,2026-10-06T04:06:41.362,rg-pub-3,320,180,10,864,0,0.8838499999999999,136,14,6.427,libvpx,false,1135281,0
63.3,2026-10-06T04:06:41.362,rg-pub-4,240,135,13,1135,0,0.855525,140,4,1.901,libvpx,false,1258433,0
63.3,2026-10-06T04:06:41.362,rg-pub-5,240,135,13,1106,0,0.8332379999999999,140,11,4.065,libvpx,false,1066003,0
63.3,2026-10-06T04:06:41.362,rg-pub-2,160,90,16,1157,2,0.772513,134,5,1.433,libvpx,false,1125827,0
65.6,2026-10-06T04:06:43.641,rg-pub-1,240,135,13,1168,0,0.85222,142,7,2.344,libvpx,false,1287575,0
65.6,2026-10-06T04:06:43.641,rg-pub-3,320,180,12,891,0,0.909229,140,14,6.427,libvpx,false,1157262,0
65.6,2026-10-06T04:06:43.641,rg-pub-4,240,135,12,1164,0,0.870389,144,4,1.901,libvpx,false,1289700,0
65.6,2026-10-06T04:06:43.641,rg-pub-5,240,135,16,1140,0,0.8607899999999999,144,11,4.065,libvpx,false,1103549,0
65.6,2026-10-06T04:06:43.641,rg-pub-2,160,90,17,1199,2,0.7851389999999999,137,5,1.433,libvpx,false,1152852,0
68.1,2026-10-06T04:06:46.110,rg-pub-1,240,135,14,1199,0,0.8719779999999999,146,7,2.344,libvpx,false,1317013,0
68.1,2026-10-06T04:06:46.110,rg-pub-3,320,180,8,913,0,0.932214,144,15,6.727,libvpx,false,1186915,0
68.1,2026-10-06T04:06:46.110,rg-pub-4,240,135,12,1193,0,0.8936679999999999,148,4,1.901,libvpx,false,1321296,0
68.1,2026-10-06T04:06:46.110,rg-pub-5,240,135,17,1179,0,0.894736,148,11,4.065,libvpx,false,1142124,0
68.1,2026-10-06T04:06:46.110,rg-pub-2,160,90,16,1237,2,0.798918,141,5,1.433,libvpx,false,1174418,0
70.4,2026-10-06T04:06:48.430,rg-pub-1,240,135,9,1223,0,0.885285,150,7,2.344,libvpx,false,1344486,0
70.4,2026-10-06T04:06:48.430,rg-pub-3,320,180,9,927,0,0.943311,148,18,8.118,libvpx,false,1213201,0
70.4,2026-10-06T04:06:48.430,rg-pub-4,240,135,10,1219,0,0.913577,151,4,1.901,libvpx,false,1355163,0
70.4,2026-10-06T04:06:48.430,rg-pub-5,240,135,11,1209,0,0.9115559999999999,151,11,4.065,libvpx,false,1180987,0
70.4,2026-10-06T04:06:48.430,rg-pub-2,160,90,15,1269,2,0.8146669999999999,145,5,1.433,libvpx,false,1199304,0
72.7,2026-10-06T04:06:50.708,rg-pub-1,240,135,14,1258,0,0.902968,154,7,2.344,libvpx,false,1376385,0
72.7,2026-10-06T04:06:50.708,rg-pub-3,320,180,8,944,0,0.9601729999999999,152,18,8.118,libvpx,false,1244814,0
72.7,2026-10-06T04:06:50.708,rg-pub-4,240,135,14,1254,0,0.935784,156,4,1.901,libvpx,false,1400626,0
72.7,2026-10-06T04:06:50.708,rg-pub-5,240,135,8,1240,0,0.928893,156,11,4.065,libvpx,false,1208824,0
72.7,2026-10-06T04:06:50.708,rg-pub-2,160,90,14,1303,2,0.824522,149,5,1.433,libvpx,false,1227989,0
75.3,2026-10-06T04:06:53.324,rg-pub-1,240,135,13,1292,0,0.9244359999999999,158,7,2.344,libvpx,false,1418564,0
75.3,2026-10-06T04:06:53.324,rg-pub-3,320,180,13,975,0,0.9838359999999999,156,18,8.118,libvpx,false,1275381,0
75.3,2026-10-06T04:06:53.324,rg-pub-4,240,135,13,1286,0,0.962823,160,4,1.901,libvpx,false,1438543,0
75.3,2026-10-06T04:06:53.324,rg-pub-5,240,135,1,1250,0,0.942773,160,12,4.613,libvpx,false,1238474,0
75.3,2026-10-06T04:06:53.324,rg-pub-2,160,90,15,1338,2,0.838834,154,5,1.433,libvpx,false,1268463,0
77.7,2026-10-06T04:06:55.741,rg-pub-1,240,135,14,1322,0,0.9412649999999999,162,7,2.344,libvpx,false,1445843,0
77.7,2026-10-06T04:06:55.741,rg-pub-3,320,180,13,1001,0,1.003719,160,18,8.118,libvpx,false,1303085,0
77.7,2026-10-06T04:06:55.741,rg-pub-4,240,135,16,1318,0,0.984771,164,4,1.901,libvpx,false,1474397,0
77.7,2026-10-06T04:06:55.741,rg-pub-5,240,135,2,1254,0,0.9450999999999999,164,15,6.548,libvpx,false,1245560,0
77.7,2026-10-06T04:06:55.741,rg-pub-2,160,90,15,1370,2,0.849993,157,5,1.433,libvpx,false,1318941,0
79.9,2026-10-06T04:06:57.931,rg-pub-1,240,135,13,1353,0,0.9690289999999999,166,7,2.344,libvpx,false,1488879,0
79.9,2026-10-06T04:06:57.931,rg-pub-3,320,180,12,1033,0,1.03843,164,18,8.118,libvpx,false,1344652,0
79.9,2026-10-06T04:06:57.931,rg-pub-4,240,135,17,1358,0,1.0061419999999999,168,4,1.901,libvpx,false,1517270,0
79.9,2026-10-06T04:06:57.931,rg-pub-5,240,135,10,1270,0,0.9525859999999999,168,15,6.548,libvpx,false,1274701,0
79.9,2026-10-06T04:06:57.931,rg-pub-2,160,90,16,1408,2,0.860046,161,5,1.433,libvpx,false,1358576,0
82.4,2026-10-06T04:07:00.473,rg-pub-1,240,135,11,1387,0,0.988668,170,7,2.344,libvpx,false,1525238,0
82.4,2026-10-06T04:07:00.473,rg-pub-3,320,180,9,1062,0,1.064136,168,18,8.118,libvpx,false,1378922,0
82.4,2026-10-06T04:07:00.473,rg-pub-4,240,135,14,1398,0,1.034975,172,4,1.901,libvpx,false,1555290,0
82.4,2026-10-06T04:07:00.473,rg-pub-5,240,135,7,1295,0,0.9659829999999999,172,15,6.548,libvpx,false,1308301,0
82.4,2026-10-06T04:07:00.473,rg-pub-2,160,90,11,1443,2,0.8716579999999999,166,5,1.433,libvpx,false,1408534,0
85.3,2026-10-06T04:07:03.304,rg-pub-1,240,135,13,1418,0,1.009156,175,7,2.344,libvpx,false,1559750,0
85.3,2026-10-06T04:07:03.304,rg-pub-3,320,180,13,1092,0,1.098013,173,18,8.118,libvpx,false,1424246,0
85.3,2026-10-06T04:07:03.304,rg-pub-4,240,135,13,1430,0,1.056625,177,4,1.901,libvpx,false,1599875,0
85.3,2026-10-06T04:07:03.304,rg-pub-5,240,135,10,1320,0,0.984742,177,15,6.548,libvpx,false,1347221,0
85.3,2026-10-06T04:07:03.304,rg-pub-2,160,90,13,1473,2,0.8820969999999999,170,6,1.713,libvpx,false,1448430,0
87.7,2026-10-06T04:07:05.756,rg-pub-1,240,135,13,1451,0,1.033348,179,7,2.344,libvpx,false,1595925,0
87.7,2026-10-06T04:07:05.756,rg-pub-3,320,180,12,1122,0,1.126537,177,18,8.118,libvpx,false,1460654,0
87.7,2026-10-06T04:07:05.756,rg-pub-4,240,135,16,1464,0,1.078551,181,4,1.901,libvpx,false,1641400,0
87.7,2026-10-06T04:07:05.756,rg-pub-5,240,135,14,1353,0,1.00492,181,15,6.548,libvpx,false,1383195,0
87.7,2026-10-06T04:07:05.756,rg-pub-2,160,90,15,1510,2,0.8930619999999999,174,6,1.713,libvpx,false,1494461,0
90.3,2026-10-06T04:07:08.331,rg-pub-1,240,135,13,1484,0,1.0536029999999998,183,7,2.344,libvpx,false,1641208,0
90.3,2026-10-06T04:07:08.331,rg-pub-3,320,180,13,1154,0,1.151775,181,18,8.118,libvpx,false,1497246,0
90.3,2026-10-06T04:07:08.331,rg-pub-4,240,135,14,1493,0,1.095321,185,5,2.198,libvpx,false,1675551,0
90.3,2026-10-06T04:07:08.331,rg-pub-5,240,135,12,1384,0,1.025117,185,15,6.548,libvpx,false,1421743,0
90.3,2026-10-06T04:07:08.331,rg-pub-2,160,90,16,1549,2,0.909902,179,6,1.713,libvpx,false,1543623,0
92.8,2026-10-06T04:07:10.815,rg-pub-1,240,135,13,1511,0,1.074581,187,7,2.344,libvpx,false,1681011,0
92.8,2026-10-06T04:07:10.815,rg-pub-3,320,180,14,1181,0,1.1815099999999998,185,18,8.118,libvpx,false,1531425,0
92.8,2026-10-06T04:07:10.815,rg-pub-4,240,135,13,1521,0,1.116446,189,5,2.198,libvpx,false,1702497,0
92.8,2026-10-06T04:07:10.815,rg-pub-5,240,135,17,1421,0,1.045702,189,15,6.548,libvpx,false,1457122,0
92.8,2026-10-06T04:07:10.815,rg-pub-2,160,90,15,1581,2,0.919816,182,7,1.999,libvpx,false,1587010,0
95.2,2026-10-06T04:07:13.211,rg-pub-1,240,135,10,1532,0,1.0907069999999999,191,9,3.211,libvpx,false,1723552,0
95.2,2026-10-06T04:07:13.211,rg-pub-3,320,180,12,1210,0,1.206945,189,18,8.118,libvpx,false,1570696,0
95.2,2026-10-06T04:07:13.211,rg-pub-4,240,135,15,1556,0,1.139729,193,5,2.198,libvpx,false,1734149,0
95.2,2026-10-06T04:07:13.211,rg-pub-5,240,135,8,1446,0,1.068575,193,15,6.548,libvpx,false,1506641,0
95.2,2026-10-06T04:07:13.211,rg-pub-2,160,90,15,1618,2,0.930437,186,7,1.999,libvpx,false,1634543,0
97.6,2026-10-06T04:07:15.663,rg-pub-1,240,135,12,1564,0,1.109152,195,9,3.211,libvpx,false,1756159,0
97.6,2026-10-06T04:07:15.663,rg-pub-3,320,180,14,1238,0,1.2374479999999999,193,18,8.118,libvpx,false,1609456,0
97.6,2026-10-06T04:07:15.663,rg-pub-4,240,135,13,1590,0,1.158402,197,5,2.198,libvpx,false,1758828,0
97.6,2026-10-06T04:07:15.663,rg-pub-5,240,135,10,1469,0,1.0827149999999999,197,15,6.548,libvpx,false,1533655,0
97.6,2026-10-06T04:07:15.663,rg-pub-2,160,90,15,1653,2,0.942874,190,7,1.999,libvpx,false,1681032,0
100,2026-10-06T04:07:18.075,rg-pub-1,240,135,13,1594,0,1.133211,199,9,3.211,libvpx,false,1797991,0
100,2026-10-06T04:07:18.075,rg-pub-3,320,180,14,1267,0,1.261679,196,18,8.118,libvpx,false,1648754,0
100,2026-10-06T04:07:18.075,rg-pub-4,240,135,7,1612,0,1.173761,201,6,2.652,libvpx,false,1783392,0
100,2026-10-06T04:07:18.075,rg-pub-5,240,135,16,1500,0,1.10167,201,15,6.548,libvpx,false,1565122,0
100,2026-10-06T04:07:18.075,rg-pub-2,160,90,8,1678,2,0.9527129999999999,195,7,1.999,libvpx,false,1715207,0
102.3,2026-10-06T04:07:20.328,rg-pub-1,240,135,12,1624,0,1.153676,203,9,3.211,libvpx,false,1838186,0
102.3,2026-10-06T04:07:20.328,rg-pub-3,320,180,11,1295,0,1.288452,200,18,8.118,libvpx,false,1688877,0
102.3,2026-10-06T04:07:20.328,rg-pub-4,240,135,13,1640,0,1.187177,205,6,2.652,libvpx,false,1815508,0
102.3,2026-10-06T04:07:20.328,rg-pub-5,240,135,12,1530,0,1.118677,205,15,6.548,libvpx,false,1605025,0
102.3,2026-10-06T04:07:20.328,rg-pub-2,160,90,5,1692,2,0.959368,199,7,1.999,libvpx,false,1735487,0
104.6,2026-10-06T04:07:22.609,rg-pub-1,240,135,14,1654,0,1.169335,207,9,3.211,libvpx,false,1868916,0
104.6,2026-10-06T04:07:22.609,rg-pub-3,320,180,13,1324,0,1.313011,204,18,8.118,libvpx,false,1726430,0
104.6,2026-10-06T04:07:22.609,rg-pub-4,240,135,9,1664,0,1.2050509999999999,208,7,2.993,libvpx,false,1843648,0
104.6,2026-10-06T04:07:22.609,rg-pub-5,240,135,13,1562,0,1.138283,209,15,6.548,libvpx,false,1645483,0
104.6,2026-10-06T04:07:22.609,rg-pub-2,160,90,8,1712,3,0.9661719999999999,203,7,1.999,libvpx,false,1755442,0
106.9,2026-10-06T04:07:24.959,rg-pub-1,240,135,11,1684,0,1.1969809999999999,211,9,3.211,libvpx,false,1913873,0
106.9,2026-10-06T04:07:24.959,rg-pub-3,320,180,12,1355,0,1.3410229999999999,208,18,8.118,libvpx,false,1766331,0
106.9,2026-10-06T04:07:24.959,rg-pub-4,240,135,8,1689,0,1.221662,212,8,3.354,libvpx,false,1873887,0
106.9,2026-10-06T04:07:24.959,rg-pub-5,240,135,11,1590,0,1.1565079999999999,212,15,6.548,libvpx,false,1681576,0
106.9,2026-10-06T04:07:24.959,rg-pub-2,160,90,7,1730,3,0.9716889999999999,206,7,1.999,libvpx,false,1779638,0
109.4,2026-10-06T04:07:27.405,rg-pub-1,240,135,13,1717,0,1.21655,215,9,3.211,libvpx,false,1960253,0
109.4,2026-10-06T04:07:27.405,rg-pub-3,320,180,14,1387,0,1.365171,212,18,8.118,libvpx,false,1809216,0
109.4,2026-10-06T04:07:27.405,rg-pub-4,240,135,10,1709,0,1.2345519999999999,217,10,4.229,libvpx,false,1903531,0
109.4,2026-10-06T04:07:27.405,rg-pub-5,240,135,14,1624,0,1.177323,217,15,6.548,libvpx,false,1723285,0
109.4,2026-10-06T04:07:27.405,rg-pub-2,160,90,8,1749,3,0.980035,211,7,1.999,libvpx,false,1800088,0
111.8,2026-10-06T04:07:29.801,rg-pub-1,240,135,12,1744,0,1.236429,219,9,3.211,libvpx,false,2002623,0
111.8,2026-10-06T04:07:29.801,rg-pub-3,320,180,13,1415,0,1.38741,216,18,8.118,libvpx,false,1843122,0
111.8,2026-10-06T04:07:29.801,rg-pub-4,240,135,16,1740,0,1.2527329999999999,221,10,4.229,libvpx,false,1933242,0
111.8,2026-10-06T04:07:29.801,rg-pub-5,240,135,9,1649,0,1.1931,220,15,6.548,libvpx,false,1765870,0
111.8,2026-10-06T04:07:29.801,rg-pub-2,160,90,9,1767,3,0.9878129999999999,215,7,1.999,libvpx,false,1819934,0
114.1,2026-10-06T04:07:32.185,rg-pub-1,240,135,14,1767,0,1.254737,223,11,4.108,libvpx,false,2042753,0
114.1,2026-10-06T04:07:32.185,rg-pub-3,320,180,5,1435,0,1.406423,220,20,8.878,libvpx,false,1875310,0
114.1,2026-10-06T04:07:32.185,rg-pub-4,240,135,13,1770,0,1.269437,224,10,4.229,libvpx,false,1963394,0
114.1,2026-10-06T04:07:32.185,rg-pub-5,240,135,11,1675,0,1.2136369999999999,225,16,6.973,libvpx,false,1790506,0
114.1,2026-10-06T04:07:32.185,rg-pub-2,160,90,8,1785,3,0.9995299999999999,220,8,2.552,libvpx,false,1841955,0
116.6,2026-10-06T04:07:34.672,rg-pub-1,240,135,12,1803,0,1.27471,227,11,4.108,libvpx,false,2088236,0
116.6,2026-10-06T04:07:34.672,rg-pub-3,320,180,4,1443,0,1.414668,225,23,10.422,libvpx,false,1897270,0
116.6,2026-10-06T04:07:34.672,rg-pub-4,240,135,12,1795,0,1.2839559999999999,229,12,4.961,libvpx,false,1993053,0
116.6,2026-10-06T04:07:34.672,rg-pub-5,240,135,13,1705,0,1.2321659999999999,229,17,7.393,libvpx,false,1816447,0
116.6,2026-10-06T04:07:34.672,rg-pub-2,160,90,6,1805,3,1.006039,224,8,2.552,libvpx,false,1862147,0
119.3,2026-10-06T04:07:37.301,rg-pub-1,240,135,14,1836,0,1.2911629999999998,231,11,4.108,libvpx,false,2130967,0
119.3,2026-10-06T04:07:37.301,rg-pub-3,320,180,15,1463,0,1.429467,229,24,11.063,libvpx,false,1919231,0
119.3,2026-10-06T04:07:37.301,rg-pub-4,240,135,13,1826,0,1.3016189999999999,233,12,4.961,libvpx,false,2024306,0
119.3,2026-10-06T04:07:37.301,rg-pub-5,240,135,13,1737,0,1.250713,233,17,7.393,libvpx,false,1846616,0
119.3,2026-10-06T04:07:37.301,rg-pub-2,640,360,5,1822,3,1.028494,229,8,2.552,libvpx,false,1906443,0
121.7,2026-10-06T04:07:39.761,rg-pub-1,240,135,14,1868,0,1.313493,235,11,4.108,libvpx,false,2171724,0
121.7,2026-10-06T04:07:39.761,rg-pub-3,320,180,13,1484,0,1.4439899999999999,233,24,11.063,libvpx,false,1943279,0
121.7,2026-10-06T04:07:39.761,rg-pub-4,240,135,12,1854,0,1.318138,237,12,4.961,libvpx,false,2050658,0
121.7,2026-10-06T04:07:39.761,rg-pub-5,240,135,13,1765,0,1.272483,237,17,7.393,libvpx,false,1879931,0
121.7,2026-10-06T04:07:39.761,rg-pub-2,160,90,9,1833,3,1.032088,231,9,3.785,libvpx,false,1924663,0
