cond,t_rel_s,at_paris,source_id,trackIdentifier,src_fps,src_frames,src_w,src_h,src_fps_frames,ts
ab-cam-3L-on,2.5,2026-10-06T11:54:43.519,pc1:SV2,70232436-a9e1-44b4-a875-995f3d39eaf7,30,858,1280,720,,1791280483525.45
ab-cam-3L-on,4.6,2026-10-06T11:54:45.562,pc1:SV2,70232436-a9e1-44b4-a875-995f3d39eaf7,30,919,1280,720,29.8,1791280485569.64
ab-cam-3L-on,6.6,2026-10-06T11:54:47.606,pc1:SV2,70232436-a9e1-44b4-a875-995f3d39eaf7,30,981,1280,720,30.3,1791280487614.678
ab-cam-3L-on,8.6,2026-10-06T11:54:49.654,pc1:SV2,70232436-a9e1-44b4-a875-995f3d39eaf7,30,1042,1280,720,29.9,1791280489658.142
ab-cam-3L-on,10.7,2026-10-06T11:54:51.684,pc1:SV2,70232436-a9e1-44b4-a875-995f3d39eaf7,30,1103,1280,720,30,1791280491688.294
ab-cam-3L-on,12.7,2026-10-06T11:54:53.715,pc1:SV2,70232436-a9e1-44b4-a875-995f3d39eaf7,29,1164,1280,720,30,1791280493719.156
ab-cam-3L-on,14.7,2026-10-06T11:54:55.746,pc1:SV2,70232436-a9e1-44b4-a875-995f3d39eaf7,30,1225,1280,720,30,1791280495751.118
ab-cam-3L-on,16.8,2026-10-06T11:54:57.780,pc1:SV2,70232436-a9e1-44b4-a875-995f3d39eaf7,30,1286,1280,720,30,1791280497783.934
ab-cam-3L-on,18.8,2026-10-06T11:54:59.813,pc1:SV2,70232436-a9e1-44b4-a875-995f3d39eaf7,30,1347,1280,720,30,1791280499817.609
ab-cam-3L-on,20.8,2026-10-06T11:55:01.844,pc1:SV2,70232436-a9e1-44b4-a875-995f3d39eaf7,30,1408,1280,720,30,1791280501847.965
ab-cam-3L-on,22.9,2026-10-06T11:55:03.879,pc1:SV2,70232436-a9e1-44b4-a875-995f3d39eaf7,30,1469,1280,720,29.9,1791280503891.5
ab-cam-3L-on,24.9,2026-10-06T11:55:05.925,pc1:SV2,70232436-a9e1-44b4-a875-995f3d39eaf7,31,1531,1280,720,30.4,1791280505932.649
ab-cam-3L-on,26.9,2026-10-06T11:55:07.957,pc1:SV2,70232436-a9e1-44b4-a875-995f3d39eaf7,31,1592,1280,720,30.1,1791280507962.575
ab-cam-3L-on,29,2026-10-06T11:55:09.978,pc1:SV2,70232436-a9e1-44b4-a875-995f3d39eaf7,30,1652,1280,720,29.7,1791280509982.878
ab-cam-3L-on,31,2026-10-06T11:55:12.017,pc1:SV2,70232436-a9e1-44b4-a875-995f3d39eaf7,29,1713,1280,720,29.9,1791280512022.603
ab-cam-3L-on,33,2026-10-06T11:55:14.057,pc1:SV2,70232436-a9e1-44b4-a875-995f3d39eaf7,30,1774,1280,720,29.9,1791280514060.634
ab-cam-3L-on,35.1,2026-10-06T11:55:16.085,pc1:SV2,70232436-a9e1-44b4-a875-995f3d39eaf7,30,1835,1280,720,30.1,1791280516088.971
ab-cam-3L-on,37.1,2026-10-06T11:55:18.123,pc1:SV2,70232436-a9e1-44b4-a875-995f3d39eaf7,29,1896,1280,720,29.9,1791280518128.928
ab-cam-3L-on,39.1,2026-10-06T11:55:20.156,pc1:SV2,70232436-a9e1-44b4-a875-995f3d39eaf7,29,1957,1280,720,30,1791280520159.871
ab-cam-3L-on,41.2,2026-10-06T11:55:22.191,pc1:SV2,70232436-a9e1-44b4-a875-995f3d39eaf7,30,2018,1280,720,29.9,1791280522200.95
ab-cam-3L-on,43.2,2026-10-06T11:55:24.251,pc1:SV2,70232436-a9e1-44b4-a875-995f3d39eaf7,30,2080,1280,720,30.2,1791280524256.552
ab-cam-3L-on,45.3,2026-10-06T11:55:26.288,pc1:SV2,70232436-a9e1-44b4-a875-995f3d39eaf7,30,2141,1280,720,30,1791280526292.718
ab-cam-3L-on,47.3,2026-10-06T11:55:28.318,pc1:SV2,70232436-a9e1-44b4-a875-995f3d39eaf7,30,2202,1280,720,30,1791280528325.28
ab-cam-3L-on,49.3,2026-10-06T11:55:30.348,pc1:SV2,70232436-a9e1-44b4-a875-995f3d39eaf7,30,2263,1280,720,30.1,1791280530351.709
ab-cam-3L-on,51.4,2026-10-06T11:55:32.387,pc1:SV2,70232436-a9e1-44b4-a875-995f3d39eaf7,31,2325,1280,720,30.4,1791280532393.596
ab-cam-3L-on,53.4,2026-10-06T11:55:34.414,pc1:SV2,70232436-a9e1-44b4-a875-995f3d39eaf7,30,2385,1280,720,29.6,1791280534418.431
ab-cam-3L-on,55.4,2026-10-06T11:55:36.444,pc1:SV2,70232436-a9e1-44b4-a875-995f3d39eaf7,29,2446,1280,720,30.1,1791280536447.54
ab-cam-3L-on,57.5,2026-10-06T11:55:38.467,pc1:SV2,70232436-a9e1-44b4-a875-995f3d39eaf7,30,2507,1280,720,30.1,1791280538473.282
ab-cam-3L-on,59.5,2026-10-06T11:55:40.505,pc1:SV2,70232436-a9e1-44b4-a875-995f3d39eaf7,30,2568,1280,720,29.9,1791280540511.01
ab-cam-3L-on,61.5,2026-10-06T11:55:42.537,pc1:SV2,70232436-a9e1-44b4-a875-995f3d39eaf7,30,2629,1280,720,30,1791280542542.642
ab-cam-3L-on,63.6,2026-10-06T11:55:44.567,pc1:SV2,70232436-a9e1-44b4-a875-995f3d39eaf7,30,2690,1280,720,30.1,1791280544572.363
ab-cam-3L-on,65.6,2026-10-06T11:55:46.595,pc1:SV2,70232436-a9e1-44b4-a875-995f3d39eaf7,30,2750,1280,720,30,1791280546572.815
ab-cam-3L-on,67.6,2026-10-06T11:55:48.640,pc1:SV2,70232436-a9e1-44b4-a875-995f3d39eaf7,30,2812,1280,720,29.9,1791280548643.898
ab-cam-3L-on,69.7,2026-10-06T11:55:50.671,pc1:SV2,70232436-a9e1-44b4-a875-995f3d39eaf7,30,2873,1280,720,30,1791280550676.015
ab-cam-3L-on,71.7,2026-10-06T11:55:52.698,pc1:SV2,70232436-a9e1-44b4-a875-995f3d39eaf7,31,2934,1280,720,30.1,1791280552702.326
ab-cam-3L-on,73.7,2026-10-06T11:55:54.720,pc1:SV2,70232436-a9e1-44b4-a875-995f3d39eaf7,30,2994,1280,720,29.6,1791280554726.831
ab-cam-3L-on,75.7,2026-10-06T11:55:56.758,pc1:SV2,70232436-a9e1-44b4-a875-995f3d39eaf7,31,3056,1280,720,30.2,1791280556776.806
ab-cam-3L-on,77.8,2026-10-06T11:55:58.809,pc1:SV2,70232436-a9e1-44b4-a875-995f3d39eaf7,30,3117,1280,720,29.9,1791280558814.833
ab-cam-3L-on,79.8,2026-10-06T11:56:00.845,pc1:SV2,70232436-a9e1-44b4-a875-995f3d39eaf7,30,3178,1280,720,30,1791280560849.971
ab-cam-3L-on,81.9,2026-10-06T11:56:02.883,pc1:SV2,70232436-a9e1-44b4-a875-995f3d39eaf7,30,3239,1280,720,30,1791280562886.437
ab-cam-3L-on,83.9,2026-10-06T11:56:04.905,pc1:SV2,70232436-a9e1-44b4-a875-995f3d39eaf7,30,3300,1280,720,30.1,1791280564909.788
ab-cam-3L-on,86,2026-10-06T11:56:06.983,pc1:SV2,70232436-a9e1-44b4-a875-995f3d39eaf7,29,3362,1280,720,29.7,1791280567000.733
ab-cam-3L-on,88.1,2026-10-06T11:56:09.066,pc1:SV2,70232436-a9e1-44b4-a875-995f3d39eaf7,30,3425,1280,720,30.4,1791280569071.944
ab-cam-3L-on,90.1,2026-10-06T11:56:11.110,pc1:SV2,70232436-a9e1-44b4-a875-995f3d39eaf7,30,3486,1280,720,29.9,1791280571115.431
ab-cam-3L-on,92.1,2026-10-06T11:56:13.146,pc1:SV2,70232436-a9e1-44b4-a875-995f3d39eaf7,30,3547,1280,720,30,1791280573150.359
ab-cam-3L-on,94.2,2026-10-06T11:56:15.181,pc1:SV2,70232436-a9e1-44b4-a875-995f3d39eaf7,30,3608,1280,720,29.9,1791280575191.1
ab-cam-3L-on,96.2,2026-10-06T11:56:17.212,pc1:SV2,70232436-a9e1-44b4-a875-995f3d39eaf7,30,3669,1280,720,30.1,1791280577216.184
ab-cam-3L-on,98.2,2026-10-06T11:56:19.249,pc1:SV2,70232436-a9e1-44b4-a875-995f3d39eaf7,31,3731,1280,720,30.3,1791280579259.296
ab-cam-3L-on,100.3,2026-10-06T11:56:21.296,pc1:SV2,70232436-a9e1-44b4-a875-995f3d39eaf7,30,3792,1280,720,29.9,1791280581301.789
ab-cam-3L-on,102.3,2026-10-06T11:56:23.329,pc1:SV2,70232436-a9e1-44b4-a875-995f3d39eaf7,29,3852,1280,720,29.5,1791280583334.787
ab-cam-3L-on,104.4,2026-10-06T11:56:25.374,pc1:SV2,70232436-a9e1-44b4-a875-995f3d39eaf7,29,3914,1280,720,30.3,1791280585381.955
ab-cam-3L-on,106.4,2026-10-06T11:56:27.407,pc1:SV2,70232436-a9e1-44b4-a875-995f3d39eaf7,30,3975,1280,720,30,1791280587413.724
ab-cam-3L-on,108.4,2026-10-06T11:56:29.451,pc1:SV2,70232436-a9e1-44b4-a875-995f3d39eaf7,30,4035,1280,720,29.3,1791280589462.699
ab-cam-3L-on,110.5,2026-10-06T11:56:31.519,pc1:SV2,70232436-a9e1-44b4-a875-995f3d39eaf7,28,4096,1280,720,29.6,1791280591526.386
ab-cam-3L-on,112.5,2026-10-06T11:56:33.552,pc1:SV2,70232436-a9e1-44b4-a875-995f3d39eaf7,29,4157,1280,720,30,1791280593558.764
ab-cam-3L-on,114.6,2026-10-06T11:56:35.600,pc1:SV2,70232436-a9e1-44b4-a875-995f3d39eaf7,30,4219,1280,720,30.3,1791280595606.818
ab-cam-3L-on,116.6,2026-10-06T11:56:37.655,pc1:SV2,70232436-a9e1-44b4-a875-995f3d39eaf7,30,4280,1280,720,29.7,1791280597662.375
ab-cam-3L-on,118.7,2026-10-06T11:56:39.694,pc1:SV2,70232436-a9e1-44b4-a875-995f3d39eaf7,31,4339,1280,720,28.9,1791280599700.381
ab-cam-3L-on,120.7,2026-10-06T11:56:41.726,pc1:SV2,70232436-a9e1-44b4-a875-995f3d39eaf7,30,4400,1280,720,30,1791280601734.24
