cond,t_rel_s,at_paris,rid,ssrc,w,h,fps,bytesSent,framesSent,active,qlr,qlrDur_none,qlrDur_cpu,qlrDur_bandwidth,qlrDur_other,qlrResChanges,encoderImplementation,powerEfficientEncoder,scalabilityMode,targetBitrate,codec,src_fps,src_frames,src_w,src_h,framesEncoded,totalEncodeTime,keyFramesEncoded
ab-cam-3L-on,2.5,2026-10-06T11:54:43.519,q,1685436845,320,180,20,547473,560,true,none,25.519,0,3.394,0,2,"SimulcastEncoderAdapter (libvpx, libvpx, libvpx)",false,L1T3,149625,video/VP8,30,858,1280,720,560,0.961,7
ab-cam-3L-on,2.5,2026-10-06T11:54:43.519,f,2849482807,1280,720,30,4686065,757,true,none,25.519,0,3.394,0,2,"SimulcastEncoderAdapter (libvpx, libvpx, libvpx)",false,L1T3,1700000,video/VP8,30,858,1280,720,757,7.716,4
ab-cam-3L-on,2.5,2026-10-06T11:54:43.519,h,3881136758,640,360,19,1684872,568,true,none,25.519,0,3.394,0,2,"SimulcastEncoderAdapter (libvpx, libvpx, libvpx)",false,L1T3,450000,video/VP8,30,858,1280,720,568,3.038,6
ab-cam-3L-on,4.6,2026-10-06T11:54:45.562,q,1685436845,320,180,20,586596,601,true,none,27.563,0,3.394,0,2,"SimulcastEncoderAdapter (libvpx, libvpx, libvpx)",false,L1T3,150000,video/VP8,30,919,1280,720,601,1.035,7
ab-cam-3L-on,4.6,2026-10-06T11:54:45.562,f,2849482807,1280,720,30,5128177,818,true,none,27.563,0,3.394,0,2,"SimulcastEncoderAdapter (libvpx, libvpx, libvpx)",false,L1T3,1699360,video/VP8,30,919,1280,720,818,8.506,4
ab-cam-3L-on,4.6,2026-10-06T11:54:45.562,h,3881136758,640,360,20,1801146,609,true,none,27.563,0,3.394,0,2,"SimulcastEncoderAdapter (libvpx, libvpx, libvpx)",false,L1T3,450000,video/VP8,30,919,1280,720,609,3.242,6
ab-cam-3L-on,6.6,2026-10-06T11:54:47.606,q,1685436845,320,180,20,624370,642,true,none,29.608,0,3.394,0,2,"SimulcastEncoderAdapter (libvpx, libvpx, libvpx)",false,L1T3,148870,video/VP8,30,981,1280,720,642,1.106,7
ab-cam-3L-on,6.6,2026-10-06T11:54:47.606,f,2849482807,1280,720,29,5555995,879,true,none,29.608,0,3.394,0,2,"SimulcastEncoderAdapter (libvpx, libvpx, libvpx)",false,L1T3,1697635,video/VP8,30,981,1280,720,879,9.356,4
ab-cam-3L-on,6.6,2026-10-06T11:54:47.606,h,3881136758,640,360,20,1915388,650,true,none,29.608,0,3.394,0,2,"SimulcastEncoderAdapter (libvpx, libvpx, libvpx)",false,L1T3,444528,video/VP8,30,981,1280,720,650,3.457,6
ab-cam-3L-on,8.6,2026-10-06T11:54:49.654,q,1685436845,320,180,20,662460,683,true,none,31.651,0,3.394,0,2,"SimulcastEncoderAdapter (libvpx, libvpx, libvpx)",false,L1T3,149288,video/VP8,30,1042,1280,720,683,1.185,7
ab-cam-3L-on,8.6,2026-10-06T11:54:49.654,f,2849482807,1280,720,30,5991639,941,true,none,31.651,0,3.394,0,2,"SimulcastEncoderAdapter (libvpx, libvpx, libvpx)",false,L1T3,1700000,video/VP8,30,1042,1280,720,941,9.99,4
ab-cam-3L-on,8.6,2026-10-06T11:54:49.654,h,3881136758,640,360,20,2028850,691,true,none,31.651,0,3.394,0,2,"SimulcastEncoderAdapter (libvpx, libvpx, libvpx)",false,L1T3,450000,video/VP8,30,1042,1280,720,691,3.672,6
ab-cam-3L-on,10.7,2026-10-06T11:54:51.684,q,1685436845,320,180,21,700519,724,true,none,33.681,0,3.394,0,2,"SimulcastEncoderAdapter (libvpx, libvpx, libvpx)",false,L1T3,150000,video/VP8,30,1103,1280,720,724,1.25,7
ab-cam-3L-on,10.7,2026-10-06T11:54:51.684,f,2849482807,1280,720,30,6425067,1002,true,none,33.681,0,3.394,0,2,"SimulcastEncoderAdapter (libvpx, libvpx, libvpx)",false,L1T3,1700000,video/VP8,30,1103,1280,720,1002,10.583,4
ab-cam-3L-on,10.7,2026-10-06T11:54:51.684,h,3881136758,640,360,20,2144356,732,true,none,33.681,0,3.394,0,2,"SimulcastEncoderAdapter (libvpx, libvpx, libvpx)",false,L1T3,448335,video/VP8,30,1103,1280,720,732,3.871,6
ab-cam-3L-on,12.7,2026-10-06T11:54:53.715,q,1685436845,320,180,20,738400,764,true,none,35.712,0,3.394,0,2,"SimulcastEncoderAdapter (libvpx, libvpx, libvpx)",false,L1T3,148447,video/VP8,29,1164,1280,720,764,1.315,7
ab-cam-3L-on,12.7,2026-10-06T11:54:53.715,f,2849482807,1280,720,30,6855776,1063,true,none,35.712,0,3.394,0,2,"SimulcastEncoderAdapter (libvpx, libvpx, libvpx)",false,L1T3,1700000,video/VP8,29,1164,1280,720,1063,11.205,4
ab-cam-3L-on,12.7,2026-10-06T11:54:53.715,h,3881136758,640,360,20,2256677,772,true,none,35.712,0,3.394,0,2,"SimulcastEncoderAdapter (libvpx, libvpx, libvpx)",false,L1T3,448797,video/VP8,29,1164,1280,720,772,4.065,6
ab-cam-3L-on,14.7,2026-10-06T11:54:55.746,q,1685436845,320,180,20,776792,805,true,none,37.744,0,3.394,0,2,"SimulcastEncoderAdapter (libvpx, libvpx, libvpx)",false,L1T3,150000,video/VP8,30,1225,1280,720,805,1.395,7
ab-cam-3L-on,14.7,2026-10-06T11:54:55.746,f,2849482807,1280,720,31,7282596,1123,true,none,37.744,0,3.394,0,2,"SimulcastEncoderAdapter (libvpx, libvpx, libvpx)",false,L1T3,1700000,video/VP8,30,1225,1280,720,1123,11.891,4
ab-cam-3L-on,14.7,2026-10-06T11:54:55.746,h,3881136758,640,360,20,2372380,813,true,none,37.744,0,3.394,0,2,"SimulcastEncoderAdapter (libvpx, libvpx, libvpx)",false,L1T3,450000,video/VP8,30,1225,1280,720,813,4.276,6
ab-cam-3L-on,16.8,2026-10-06T11:54:57.780,q,1685436845,320,180,21,815585,846,true,none,39.777,0,3.394,0,2,"SimulcastEncoderAdapter (libvpx, libvpx, libvpx)",false,L1T3,150000,video/VP8,30,1286,1280,720,846,1.463,7
ab-cam-3L-on,16.8,2026-10-06T11:54:57.780,f,2849482807,1280,720,30,7713579,1184,true,none,39.777,0,3.394,0,2,"SimulcastEncoderAdapter (libvpx, libvpx, libvpx)",false,L1T3,1700000,video/VP8,30,1286,1280,720,1184,12.489,4
ab-cam-3L-on,16.8,2026-10-06T11:54:57.780,h,3881136758,640,360,20,2489029,854,true,none,39.777,0,3.394,0,2,"SimulcastEncoderAdapter (libvpx, libvpx, libvpx)",false,L1T3,449705,video/VP8,30,1286,1280,720,854,4.474,6
ab-cam-3L-on,18.8,2026-10-06T11:54:59.813,q,1685436845,320,180,20,853212,886,true,none,41.811,0,3.394,0,2,"SimulcastEncoderAdapter (libvpx, libvpx, libvpx)",false,L1T3,147600,video/VP8,30,1347,1280,720,886,1.535,7
ab-cam-3L-on,18.8,2026-10-06T11:54:59.813,f,2849482807,1280,720,30,8144331,1245,true,none,41.811,0,3.394,0,2,"SimulcastEncoderAdapter (libvpx, libvpx, libvpx)",false,L1T3,1699115,video/VP8,30,1347,1280,720,1245,13.134,4
ab-cam-3L-on,18.8,2026-10-06T11:54:59.813,h,3881136758,640,360,20,2599948,894,true,none,41.811,0,3.394,0,2,"SimulcastEncoderAdapter (libvpx, libvpx, libvpx)",false,L1T3,445358,video/VP8,30,1347,1280,720,894,4.678,6
ab-cam-3L-on,20.8,2026-10-06T11:55:01.844,q,1685436845,320,180,20,890872,927,true,none,43.841,0,3.394,0,2,"SimulcastEncoderAdapter (libvpx, libvpx, libvpx)",false,L1T3,149997,video/VP8,30,1408,1280,720,927,1.603,7
ab-cam-3L-on,20.8,2026-10-06T11:55:01.844,f,2849482807,1280,720,31,8580774,1306,true,none,43.841,0,3.394,0,2,"SimulcastEncoderAdapter (libvpx, libvpx, libvpx)",false,L1T3,1676850,video/VP8,30,1408,1280,720,1306,13.737,4
ab-cam-3L-on,20.8,2026-10-06T11:55:01.844,h,3881136758,640,360,20,2715151,935,true,none,43.841,0,3.394,0,2,"SimulcastEncoderAdapter (libvpx, libvpx, libvpx)",false,L1T3,448998,video/VP8,30,1408,1280,720,935,4.879,6
ab-cam-3L-on,22.9,2026-10-06T11:55:03.879,q,1685436845,320,180,20,928697,967,true,none,45.885,0,3.394,0,2,"SimulcastEncoderAdapter (libvpx, libvpx, libvpx)",false,L1T3,150000,video/VP8,30,1469,1280,720,967,1.675,7
ab-cam-3L-on,22.9,2026-10-06T11:55:03.879,f,2849482807,1280,720,31,9007784,1367,true,none,45.885,0,3.394,0,2,"SimulcastEncoderAdapter (libvpx, libvpx, libvpx)",false,L1T3,1698630,video/VP8,30,1469,1280,720,1367,14.384,4
ab-cam-3L-on,22.9,2026-10-06T11:55:03.879,h,3881136758,640,360,19,2827307,975,true,none,45.885,0,3.394,0,2,"SimulcastEncoderAdapter (libvpx, libvpx, libvpx)",false,L1T3,449598,video/VP8,30,1469,1280,720,975,5.077,6
ab-cam-3L-on,24.9,2026-10-06T11:55:05.925,q,1685436845,320,180,21,968166,1009,true,none,47.926,0,3.394,0,2,"SimulcastEncoderAdapter (libvpx, libvpx, libvpx)",false,L1T3,150000,video/VP8,31,1531,1280,720,1009,1.746,7
ab-cam-3L-on,24.9,2026-10-06T11:55:05.925,f,2849482807,1280,720,29,9429795,1427,true,none,47.926,0,3.394,0,2,"SimulcastEncoderAdapter (libvpx, libvpx, libvpx)",false,L1T3,1700000,video/VP8,31,1531,1280,720,1427,15.278,4
ab-cam-3L-on,24.9,2026-10-06T11:55:05.925,h,3881136758,640,360,20,2941928,1016,true,none,47.926,0,3.394,0,2,"SimulcastEncoderAdapter (libvpx, libvpx, libvpx)",false,L1T3,450000,video/VP8,31,1531,1280,720,1016,5.294,6
ab-cam-3L-on,26.9,2026-10-06T11:55:07.957,q,1685436845,320,180,20,1005847,1049,true,none,49.956,0,3.394,0,2,"SimulcastEncoderAdapter (libvpx, libvpx, libvpx)",false,L1T3,150000,video/VP8,31,1592,1280,720,1049,1.807,7
ab-cam-3L-on,26.9,2026-10-06T11:55:07.957,f,2849482807,1280,720,30,9865116,1488,true,none,49.956,0,3.394,0,2,"SimulcastEncoderAdapter (libvpx, libvpx, libvpx)",false,L1T3,1700000,video/VP8,31,1592,1280,720,1488,15.855,4
ab-cam-3L-on,26.9,2026-10-06T11:55:07.957,h,3881136758,640,360,20,3059423,1057,true,none,49.956,0,3.394,0,2,"SimulcastEncoderAdapter (libvpx, libvpx, libvpx)",false,L1T3,450000,video/VP8,31,1592,1280,720,1057,5.488,6
ab-cam-3L-on,29,2026-10-06T11:55:09.978,q,1685436845,320,180,20,1043126,1089,true,none,51.976,0,3.394,0,2,"SimulcastEncoderAdapter (libvpx, libvpx, libvpx)",false,L1T3,149893,video/VP8,30,1652,1280,720,1089,1.867,7
ab-cam-3L-on,29,2026-10-06T11:55:09.978,f,2849482807,1280,720,30,10297239,1549,true,none,51.976,0,3.394,0,2,"SimulcastEncoderAdapter (libvpx, libvpx, libvpx)",false,L1T3,1699225,video/VP8,30,1652,1280,720,1549,16.427,4
ab-cam-3L-on,29,2026-10-06T11:55:09.978,h,3881136758,640,360,19,3170729,1097,true,none,51.976,0,3.394,0,2,"SimulcastEncoderAdapter (libvpx, libvpx, libvpx)",false,L1T3,447783,video/VP8,30,1652,1280,720,1097,5.674,6
ab-cam-3L-on,31,2026-10-06T11:55:12.017,q,1685436845,320,180,20,1081259,1130,true,none,54.016,0,3.394,0,2,"SimulcastEncoderAdapter (libvpx, libvpx, libvpx)",false,L1T3,150000,video/VP8,29,1713,1280,720,1130,1.93,7
ab-cam-3L-on,31,2026-10-06T11:55:12.017,f,2849482807,1280,720,29,10717907,1609,true,none,54.016,0,3.394,0,2,"SimulcastEncoderAdapter (libvpx, libvpx, libvpx)",false,L1T3,1700000,video/VP8,29,1713,1280,720,1609,17.044,4
ab-cam-3L-on,31,2026-10-06T11:55:12.017,h,3881136758,640,360,20,3284345,1138,true,none,54.016,0,3.394,0,2,"SimulcastEncoderAdapter (libvpx, libvpx, libvpx)",false,L1T3,450000,video/VP8,29,1713,1280,720,1138,5.867,6
ab-cam-3L-on,33,2026-10-06T11:55:14.057,q,1685436845,320,180,20,1119726,1171,true,none,56.054,0,3.394,0,2,"SimulcastEncoderAdapter (libvpx, libvpx, libvpx)",false,L1T3,150000,video/VP8,30,1774,1280,720,1171,2.002,7
ab-cam-3L-on,33,2026-10-06T11:55:14.057,f,2849482807,1280,720,30,11146832,1669,true,none,56.054,0,3.394,0,2,"SimulcastEncoderAdapter (libvpx, libvpx, libvpx)",false,L1T3,1700000,video/VP8,30,1774,1280,720,1669,17.882,4
ab-cam-3L-on,33,2026-10-06T11:55:14.057,h,3881136758,640,360,20,3399796,1179,true,none,56.054,0,3.394,0,2,"SimulcastEncoderAdapter (libvpx, libvpx, libvpx)",false,L1T3,450000,video/VP8,30,1774,1280,720,1179,6.075,6
ab-cam-3L-on,35.1,2026-10-06T11:55:16.085,q,1685436845,320,180,21,1160849,1212,true,none,58.082,0,3.394,0,2,"SimulcastEncoderAdapter (libvpx, libvpx, libvpx)",false,L1T3,136732,video/VP8,30,1835,1280,720,1212,2.077,7
ab-cam-3L-on,35.1,2026-10-06T11:55:16.085,f,2849482807,1280,720,31,11611997,1730,true,none,58.082,0,3.394,0,2,"SimulcastEncoderAdapter (libvpx, libvpx, libvpx)",false,L1T3,1609995,video/VP8,30,1835,1280,720,1730,18.827,4
ab-cam-3L-on,35.1,2026-10-06T11:55:16.085,h,3881136758,640,360,20,3523005,1220,true,none,58.082,0,3.394,0,2,"SimulcastEncoderAdapter (libvpx, libvpx, libvpx)",false,L1T3,397935,video/VP8,30,1835,1280,720,1220,6.291,6
ab-cam-3L-on,37.1,2026-10-06T11:55:18.123,q,1685436845,320,180,19,1197785,1252,true,none,60.122,0,3.394,0,2,"SimulcastEncoderAdapter (libvpx, libvpx, libvpx)",false,L1T3,150000,video/VP8,29,1896,1280,720,1252,2.145,7
ab-cam-3L-on,37.1,2026-10-06T11:55:18.123,f,2849482807,1280,720,30,12035938,1791,true,none,60.122,0,3.394,0,2,"SimulcastEncoderAdapter (libvpx, libvpx, libvpx)",false,L1T3,1683755,video/VP8,29,1896,1280,720,1791,19.414,4
ab-cam-3L-on,37.1,2026-10-06T11:55:18.123,h,3881136758,640,360,19,3632779,1260,true,none,60.122,0,3.394,0,2,"SimulcastEncoderAdapter (libvpx, libvpx, libvpx)",false,L1T3,450000,video/VP8,29,1896,1280,720,1260,6.483,6
ab-cam-3L-on,39.1,2026-10-06T11:55:20.156,q,1685436845,320,180,20,1236388,1293,true,none,62.153,0,3.394,0,2,"SimulcastEncoderAdapter (libvpx, libvpx, libvpx)",false,L1T3,150000,video/VP8,29,1957,1280,720,1293,2.211,7
ab-cam-3L-on,39.1,2026-10-06T11:55:20.156,f,2849482807,1280,720,30,12460990,1852,true,none,62.153,0,3.394,0,2,"SimulcastEncoderAdapter (libvpx, libvpx, libvpx)",false,L1T3,1700000,video/VP8,29,1957,1280,720,1852,20.035,4
ab-cam-3L-on,39.1,2026-10-06T11:55:20.156,h,3881136758,640,360,20,3749394,1301,true,none,62.153,0,3.394,0,2,"SimulcastEncoderAdapter (libvpx, libvpx, libvpx)",false,L1T3,450000,video/VP8,29,1957,1280,720,1301,6.685,6
ab-cam-3L-on,41.2,2026-10-06T11:55:22.191,q,1685436845,320,180,20,1274643,1334,true,none,64.194,0,3.394,0,2,"SimulcastEncoderAdapter (libvpx, libvpx, libvpx)",false,L1T3,148830,video/VP8,30,2018,1280,720,1334,2.283,7
ab-cam-3L-on,41.2,2026-10-06T11:55:22.191,f,2849482807,1280,720,30,12891607,1913,true,none,64.194,0,3.394,0,2,"SimulcastEncoderAdapter (libvpx, libvpx, libvpx)",false,L1T3,1700000,video/VP8,30,2018,1280,720,1913,20.685,4
ab-cam-3L-on,41.2,2026-10-06T11:55:22.191,h,3881136758,640,360,20,3863270,1342,true,none,64.194,0,3.394,0,2,"SimulcastEncoderAdapter (libvpx, libvpx, libvpx)",false,L1T3,444192,video/VP8,30,2018,1280,720,1342,6.893,6
ab-cam-3L-on,43.2,2026-10-06T11:55:24.251,q,1685436845,320,180,20,1312570,1375,true,none,66.25,0,3.394,0,2,"SimulcastEncoderAdapter (libvpx, libvpx, libvpx)",false,L1T3,150000,video/VP8,30,2080,1280,720,1375,2.347,7
ab-cam-3L-on,43.2,2026-10-06T11:55:24.251,f,2849482807,1280,720,30,13330203,1975,true,none,66.25,0,3.394,0,2,"SimulcastEncoderAdapter (libvpx, libvpx, libvpx)",false,L1T3,1700000,video/VP8,30,2080,1280,720,1975,21.347,4
ab-cam-3L-on,43.2,2026-10-06T11:55:24.251,h,3881136758,640,360,20,3977665,1383,true,none,66.25,0,3.394,0,2,"SimulcastEncoderAdapter (libvpx, libvpx, libvpx)",false,L1T3,444658,video/VP8,30,2080,1280,720,1383,7.099,6
ab-cam-3L-on,45.3,2026-10-06T11:55:26.288,q,1685436845,320,180,20,1352155,1416,true,none,68.286,0,3.394,0,2,"SimulcastEncoderAdapter (libvpx, libvpx, libvpx)",false,L1T3,148007,video/VP8,30,2141,1280,720,1416,2.417,7
ab-cam-3L-on,45.3,2026-10-06T11:55:26.288,f,2849482807,1280,720,30,13763737,2036,true,none,68.286,0,3.394,0,2,"SimulcastEncoderAdapter (libvpx, libvpx, libvpx)",false,L1T3,1700000,video/VP8,30,2141,1280,720,2036,22.008,4
ab-cam-3L-on,45.3,2026-10-06T11:55:26.288,h,3881136758,640,360,20,4092761,1424,true,none,68.286,0,3.394,0,2,"SimulcastEncoderAdapter (libvpx, libvpx, libvpx)",false,L1T3,448472,video/VP8,30,2141,1280,720,1424,7.31,6
ab-cam-3L-on,47.3,2026-10-06T11:55:28.318,q,1685436845,320,180,20,1387201,1456,true,none,70.319,0,3.394,0,2,"SimulcastEncoderAdapter (libvpx, libvpx, libvpx)",false,L1T3,150000,video/VP8,30,2202,1280,720,1456,2.49,7
ab-cam-3L-on,47.3,2026-10-06T11:55:28.318,f,2849482807,1280,720,30,14191102,2097,true,none,70.319,0,3.394,0,2,"SimulcastEncoderAdapter (libvpx, libvpx, libvpx)",false,L1T3,1692652,video/VP8,30,2202,1280,720,2097,22.688,4
ab-cam-3L-on,47.3,2026-10-06T11:55:28.318,h,3881136758,640,360,19,4201713,1464,true,none,70.319,0,3.394,0,2,"SimulcastEncoderAdapter (libvpx, libvpx, libvpx)",false,L1T3,450000,video/VP8,30,2202,1280,720,1464,7.527,6
ab-cam-3L-on,49.3,2026-10-06T11:55:30.348,q,1685436845,320,180,20,1426128,1497,true,none,72.345,0,3.394,0,2,"SimulcastEncoderAdapter (libvpx, libvpx, libvpx)",false,L1T3,150000,video/VP8,30,2263,1280,720,1497,2.567,7
ab-cam-3L-on,49.3,2026-10-06T11:55:30.348,f,2849482807,1280,720,30,14626148,2158,true,none,72.345,0,3.394,0,2,"SimulcastEncoderAdapter (libvpx, libvpx, libvpx)",false,L1T3,1700000,video/VP8,30,2263,1280,720,2158,23.429,4
ab-cam-3L-on,49.3,2026-10-06T11:55:30.348,h,3881136758,640,360,20,4318687,1505,true,none,72.345,0,3.394,0,2,"SimulcastEncoderAdapter (libvpx, libvpx, libvpx)",false,L1T3,450000,video/VP8,30,2263,1280,720,1505,7.751,6
ab-cam-3L-on,51.4,2026-10-06T11:55:32.387,q,1685436845,320,180,19,1464922,1538,true,none,74.387,0,3.394,0,2,"SimulcastEncoderAdapter (libvpx, libvpx, libvpx)",false,L1T3,149637,video/VP8,31,2325,1280,720,1538,2.639,7
ab-cam-3L-on,51.4,2026-10-06T11:55:32.387,f,2849482807,1280,720,30,15059015,2219,true,none,74.387,0,3.394,0,2,"SimulcastEncoderAdapter (libvpx, libvpx, libvpx)",false,L1T3,1687605,video/VP8,31,2325,1280,720,2219,24.047,4
ab-cam-3L-on,51.4,2026-10-06T11:55:32.387,h,3881136758,640,360,19,4432940,1545,true,none,74.387,0,3.394,0,2,"SimulcastEncoderAdapter (libvpx, libvpx, libvpx)",false,L1T3,450000,video/VP8,31,2325,1280,720,1545,7.949,6
ab-cam-3L-on,53.4,2026-10-06T11:55:34.414,q,1685436845,320,180,19,1501897,1578,true,none,76.412,0,3.394,0,2,"SimulcastEncoderAdapter (libvpx, libvpx, libvpx)",false,L1T3,149095,video/VP8,30,2385,1280,720,1578,2.707,7
ab-cam-3L-on,53.4,2026-10-06T11:55:34.414,f,2849482807,1280,720,31,15489428,2280,true,none,76.412,0,3.394,0,2,"SimulcastEncoderAdapter (libvpx, libvpx, libvpx)",false,L1T3,1700000,video/VP8,30,2385,1280,720,2280,24.702,4
ab-cam-3L-on,53.4,2026-10-06T11:55:34.414,h,3881136758,640,360,20,4546231,1586,true,none,76.412,0,3.394,0,2,"SimulcastEncoderAdapter (libvpx, libvpx, libvpx)",false,L1T3,445245,video/VP8,30,2385,1280,720,1586,8.15,6
ab-cam-3L-on,55.4,2026-10-06T11:55:36.444,q,1685436845,320,180,20,1541639,1619,true,none,78.441,0,3.394,0,2,"SimulcastEncoderAdapter (libvpx, libvpx, libvpx)",false,L1T3,150000,video/VP8,29,2446,1280,720,1619,2.776,7
ab-cam-3L-on,55.4,2026-10-06T11:55:36.444,f,2849482807,1280,720,30,15921517,2341,true,none,78.441,0,3.394,0,2,"SimulcastEncoderAdapter (libvpx, libvpx, libvpx)",false,L1T3,1700000,video/VP8,29,2446,1280,720,2341,25.377,4
ab-cam-3L-on,55.4,2026-10-06T11:55:36.444,h,3881136758,640,360,20,4663293,1627,true,none,78.441,0,3.394,0,2,"SimulcastEncoderAdapter (libvpx, libvpx, libvpx)",false,L1T3,450000,video/VP8,29,2446,1280,720,1627,8.371,6
ab-cam-3L-on,57.5,2026-10-06T11:55:38.467,q,1685436845,320,180,20,1577539,1660,true,none,80.467,0,3.394,0,2,"SimulcastEncoderAdapter (libvpx, libvpx, libvpx)",false,L1T3,149873,video/VP8,30,2507,1280,720,1660,2.849,7
ab-cam-3L-on,57.5,2026-10-06T11:55:38.467,f,2849482807,1280,720,29,16344893,2401,true,none,80.467,0,3.394,0,2,"SimulcastEncoderAdapter (libvpx, libvpx, libvpx)",false,L1T3,1700000,video/VP8,30,2507,1280,720,2401,26.014,4
ab-cam-3L-on,57.5,2026-10-06T11:55:38.467,h,3881136758,640,360,20,4773637,1667,true,none,80.467,0,3.394,0,2,"SimulcastEncoderAdapter (libvpx, libvpx, libvpx)",false,L1T3,447517,video/VP8,30,2507,1280,720,1667,8.572,6
ab-cam-3L-on,59.5,2026-10-06T11:55:40.505,q,1685436845,320,180,20,1615819,1700,true,none,82.504,0,3.394,0,2,"SimulcastEncoderAdapter (libvpx, libvpx, libvpx)",false,L1T3,150000,video/VP8,30,2568,1280,720,1700,2.915,7
ab-cam-3L-on,59.5,2026-10-06T11:55:40.505,f,2849482807,1280,720,30,16788037,2463,true,none,82.504,0,3.394,0,2,"SimulcastEncoderAdapter (libvpx, libvpx, libvpx)",false,L1T3,1700000,video/VP8,30,2568,1280,720,2463,26.669,4
ab-cam-3L-on,59.5,2026-10-06T11:55:40.505,h,3881136758,640,360,20,4889569,1708,true,none,82.504,0,3.394,0,2,"SimulcastEncoderAdapter (libvpx, libvpx, libvpx)",false,L1T3,449450,video/VP8,30,2568,1280,720,1708,8.782,6
ab-cam-3L-on,61.5,2026-10-06T11:55:42.537,q,1685436845,320,180,20,1654110,1741,true,none,84.536,0,3.394,0,2,"SimulcastEncoderAdapter (libvpx, libvpx, libvpx)",false,L1T3,150000,video/VP8,30,2629,1280,720,1741,2.975,7
ab-cam-3L-on,61.5,2026-10-06T11:55:42.537,f,2849482807,1280,720,29,17213796,2523,true,none,84.536,0,3.394,0,2,"SimulcastEncoderAdapter (libvpx, libvpx, libvpx)",false,L1T3,1700000,video/VP8,30,2629,1280,720,2523,27.255,4
ab-cam-3L-on,61.5,2026-10-06T11:55:42.537,h,3881136758,640,360,20,5004577,1749,true,none,84.536,0,3.394,0,2,"SimulcastEncoderAdapter (libvpx, libvpx, libvpx)",false,L1T3,450000,video/VP8,30,2629,1280,720,1749,8.98,6
ab-cam-3L-on,63.6,2026-10-06T11:55:44.567,q,1685436845,320,180,21,1692800,1782,true,none,86.565,0,3.394,0,2,"SimulcastEncoderAdapter (libvpx, libvpx, libvpx)",false,L1T3,150000,video/VP8,30,2690,1280,720,1782,3.042,7
ab-cam-3L-on,63.6,2026-10-06T11:55:44.567,f,2849482807,1280,720,29,17641845,2584,true,none,86.565,0,3.394,0,2,"SimulcastEncoderAdapter (libvpx, libvpx, libvpx)",false,L1T3,1700000,video/VP8,30,2690,1280,720,2584,27.851,4
ab-cam-3L-on,63.6,2026-10-06T11:55:44.567,h,3881136758,640,360,20,5117975,1789,true,none,86.565,0,3.394,0,2,"SimulcastEncoderAdapter (libvpx, libvpx, libvpx)",false,L1T3,450000,video/VP8,30,2690,1280,720,1789,9.179,6
ab-cam-3L-on,65.6,2026-10-06T11:55:46.595,q,1685436845,320,180,21,1730393,1822,true,none,88.566,0,3.394,0,2,"SimulcastEncoderAdapter (libvpx, libvpx, libvpx)",false,L1T3,148922,video/VP8,30,2750,1280,720,1822,3.12,7
ab-cam-3L-on,65.6,2026-10-06T11:55:46.595,f,2849482807,1280,720,29,18066874,2644,true,none,88.566,0,3.394,0,2,"SimulcastEncoderAdapter (libvpx, libvpx, libvpx)",false,L1T3,1700000,video/VP8,30,2750,1280,720,2644,28.611,4
ab-cam-3L-on,65.6,2026-10-06T11:55:46.595,h,3881136758,640,360,21,5231698,1830,true,none,88.566,0,3.394,0,2,"SimulcastEncoderAdapter (libvpx, libvpx, libvpx)",false,L1T3,448778,video/VP8,30,2750,1280,720,1830,9.395,6
ab-cam-3L-on,67.6,2026-10-06T11:55:48.640,q,1685436845,320,180,20,1768677,1863,true,none,90.637,0,3.394,0,2,"SimulcastEncoderAdapter (libvpx, libvpx, libvpx)",false,L1T3,149695,video/VP8,30,2812,1280,720,1863,3.191,7
ab-cam-3L-on,67.6,2026-10-06T11:55:48.640,f,2849482807,1280,720,31,18516525,2707,true,none,90.637,0,3.394,0,2,"SimulcastEncoderAdapter (libvpx, libvpx, libvpx)",false,L1T3,1700000,video/VP8,30,2812,1280,720,2707,29.273,4
ab-cam-3L-on,67.6,2026-10-06T11:55:48.640,h,3881136758,640,360,20,5347652,1871,true,none,90.637,0,3.394,0,2,"SimulcastEncoderAdapter (libvpx, libvpx, libvpx)",false,L1T3,448478,video/VP8,30,2812,1280,720,1871,9.599,6
ab-cam-3L-on,69.7,2026-10-06T11:55:50.671,q,1685436845,320,180,21,1806791,1904,true,none,92.669,0,3.394,0,2,"SimulcastEncoderAdapter (libvpx, libvpx, libvpx)",false,L1T3,148780,video/VP8,30,2873,1280,720,1904,3.261,7
ab-cam-3L-on,69.7,2026-10-06T11:55:50.671,f,2849482807,1280,720,30,18943795,2768,true,none,92.669,0,3.394,0,2,"SimulcastEncoderAdapter (libvpx, libvpx, libvpx)",false,L1T3,1693863,video/VP8,30,2873,1280,720,2768,29.965,4
ab-cam-3L-on,69.7,2026-10-06T11:55:50.671,h,3881136758,640,360,20,5460966,1912,true,none,92.669,0,3.394,0,2,"SimulcastEncoderAdapter (libvpx, libvpx, libvpx)",false,L1T3,448275,video/VP8,30,2873,1280,720,1912,9.808,6
ab-cam-3L-on,71.7,2026-10-06T11:55:52.698,q,1685436845,320,180,20,1844357,1944,true,none,94.695,0,3.394,0,2,"SimulcastEncoderAdapter (libvpx, libvpx, libvpx)",false,L1T3,150000,video/VP8,31,2934,1280,720,1944,3.325,7
ab-cam-3L-on,71.7,2026-10-06T11:55:52.698,f,2849482807,1280,720,29,19368385,2828,true,none,94.695,0,3.394,0,2,"SimulcastEncoderAdapter (libvpx, libvpx, libvpx)",false,L1T3,1691437,video/VP8,31,2934,1280,720,2828,30.568,4
ab-cam-3L-on,71.7,2026-10-06T11:55:52.698,h,3881136758,640,360,20,5574418,1952,true,none,94.695,0,3.394,0,2,"SimulcastEncoderAdapter (libvpx, libvpx, libvpx)",false,L1T3,450000,video/VP8,31,2934,1280,720,1952,10.004,6
ab-cam-3L-on,73.7,2026-10-06T11:55:54.720,q,1685436845,320,180,20,1881677,1984,true,none,96.72,0,3.394,0,2,"SimulcastEncoderAdapter (libvpx, libvpx, libvpx)",false,L1T3,150000,video/VP8,30,2994,1280,720,1984,3.393,7
ab-cam-3L-on,73.7,2026-10-06T11:55:54.720,f,2849482807,1280,720,30,19801842,2889,true,none,96.72,0,3.394,0,2,"SimulcastEncoderAdapter (libvpx, libvpx, libvpx)",false,L1T3,1693357,video/VP8,30,2994,1280,720,2889,31.226,4
ab-cam-3L-on,73.7,2026-10-06T11:55:54.720,h,3881136758,640,360,19,5685843,1992,true,none,96.72,0,3.394,0,2,"SimulcastEncoderAdapter (libvpx, libvpx, libvpx)",false,L1T3,450000,video/VP8,30,2994,1280,720,1992,10.208,6
ab-cam-3L-on,75.7,2026-10-06T11:55:56.758,q,1685436845,320,180,21,1921625,2026,true,none,98.77,0,3.394,0,2,"SimulcastEncoderAdapter (libvpx, libvpx, libvpx)",false,L1T3,150000,video/VP8,31,3056,1280,720,2026,3.461,7
ab-cam-3L-on,75.7,2026-10-06T11:55:56.758,f,2849482807,1280,720,30,20233393,2950,true,none,98.77,0,3.394,0,2,"SimulcastEncoderAdapter (libvpx, libvpx, libvpx)",false,L1T3,1691848,video/VP8,31,3056,1280,720,2950,31.943,4
ab-cam-3L-on,75.7,2026-10-06T11:55:56.758,h,3881136758,640,360,20,5806208,2034,true,none,98.77,0,3.394,0,2,"SimulcastEncoderAdapter (libvpx, libvpx, libvpx)",false,L1T3,450000,video/VP8,31,3056,1280,720,2034,10.419,6
ab-cam-3L-on,77.8,2026-10-06T11:55:58.809,q,1685436845,320,180,20,1958720,2066,true,none,100.808,0,3.394,0,2,"SimulcastEncoderAdapter (libvpx, libvpx, libvpx)",false,L1T3,149765,video/VP8,30,3117,1280,720,2066,3.533,7
ab-cam-3L-on,77.8,2026-10-06T11:55:58.809,f,2849482807,1280,720,30,20670799,3012,true,none,100.808,0,3.394,0,2,"SimulcastEncoderAdapter (libvpx, libvpx, libvpx)",false,L1T3,1700000,video/VP8,30,3117,1280,720,3012,32.696,4
ab-cam-3L-on,77.8,2026-10-06T11:55:58.809,h,3881136758,640,360,20,5916522,2074,true,none,100.808,0,3.394,0,2,"SimulcastEncoderAdapter (libvpx, libvpx, libvpx)",false,L1T3,450000,video/VP8,30,3117,1280,720,2074,10.629,6
ab-cam-3L-on,79.8,2026-10-06T11:56:00.845,q,1685436845,320,180,20,1996460,2107,true,none,102.843,0,3.394,0,2,"SimulcastEncoderAdapter (libvpx, libvpx, libvpx)",false,L1T3,150000,video/VP8,30,3178,1280,720,2107,3.605,7
ab-cam-3L-on,79.8,2026-10-06T11:56:00.845,f,2849482807,1280,720,30,21103558,3073,true,none,102.843,0,3.394,0,2,"SimulcastEncoderAdapter (libvpx, libvpx, libvpx)",false,L1T3,1700000,video/VP8,30,3178,1280,720,3073,33.309,4
ab-cam-3L-on,79.8,2026-10-06T11:56:00.845,h,3881136758,640,360,20,6030535,2115,true,none,102.843,0,3.394,0,2,"SimulcastEncoderAdapter (libvpx, libvpx, libvpx)",false,L1T3,450000,video/VP8,30,3178,1280,720,2115,10.839,6
ab-cam-3L-on,81.9,2026-10-06T11:56:02.883,q,1685436845,320,180,20,2034668,2148,true,none,104.879,0,3.394,0,2,"SimulcastEncoderAdapter (libvpx, libvpx, libvpx)",false,L1T3,150000,video/VP8,30,3239,1280,720,2148,3.681,7
ab-cam-3L-on,81.9,2026-10-06T11:56:02.883,f,2849482807,1280,720,30,21529807,3134,true,none,104.879,0,3.394,0,2,"SimulcastEncoderAdapter (libvpx, libvpx, libvpx)",false,L1T3,1700000,video/VP8,30,3239,1280,720,3134,34.03,5
ab-cam-3L-on,81.9,2026-10-06T11:56:02.883,h,3881136758,640,360,20,6145112,2156,true,none,104.879,0,3.394,0,2,"SimulcastEncoderAdapter (libvpx, libvpx, libvpx)",false,L1T3,450000,video/VP8,30,3239,1280,720,2156,11.073,6
ab-cam-3L-on,83.9,2026-10-06T11:56:04.905,q,1685436845,320,180,21,2073559,2189,true,none,106.903,0,3.394,0,2,"SimulcastEncoderAdapter (libvpx, libvpx, libvpx)",false,L1T3,150000,video/VP8,30,3300,1280,720,2189,3.756,7
ab-cam-3L-on,83.9,2026-10-06T11:56:04.905,f,2849482807,1280,720,30,21953153,3194,true,none,106.903,0,3.394,0,2,"SimulcastEncoderAdapter (libvpx, libvpx, libvpx)",false,L1T3,1700000,video/VP8,30,3300,1280,720,3194,34.806,5
ab-cam-3L-on,83.9,2026-10-06T11:56:04.905,h,3881136758,640,360,21,6263341,2197,true,none,106.903,0,3.394,0,2,"SimulcastEncoderAdapter (libvpx, libvpx, libvpx)",false,L1T3,450000,video/VP8,30,3300,1280,720,2197,11.295,6
ab-cam-3L-on,86,2026-10-06T11:56:06.983,q,1685436845,320,180,19,2111897,2230,true,none,108.994,0,3.394,0,2,"SimulcastEncoderAdapter (libvpx, libvpx, libvpx)",false,L1T3,148072,video/VP8,29,3362,1280,720,2230,3.826,7
ab-cam-3L-on,86,2026-10-06T11:56:06.983,f,2849482807,1280,720,28,22392260,3256,true,none,108.994,0,3.394,0,2,"SimulcastEncoderAdapter (libvpx, libvpx, libvpx)",false,L1T3,1698810,video/VP8,29,3362,1280,720,3256,35.615,5
ab-cam-3L-on,86,2026-10-06T11:56:06.983,h,3881136758,640,360,20,6376421,2238,true,none,108.994,0,3.394,0,2,"SimulcastEncoderAdapter (libvpx, libvpx, libvpx)",false,L1T3,447215,video/VP8,29,3362,1280,720,2238,11.508,6
ab-cam-3L-on,88.1,2026-10-06T11:56:09.066,q,1685436845,320,180,20,2150252,2272,true,none,111.065,0,3.394,0,2,"SimulcastEncoderAdapter (libvpx, libvpx, libvpx)",false,L1T3,150000,video/VP8,30,3425,1280,720,2272,3.906,7
ab-cam-3L-on,88.1,2026-10-06T11:56:09.066,f,2849482807,1280,720,29,22810258,3317,true,none,111.065,0,3.394,0,2,"SimulcastEncoderAdapter (libvpx, libvpx, libvpx)",false,L1T3,1700000,video/VP8,30,3425,1280,720,3317,36.803,5
ab-cam-3L-on,88.1,2026-10-06T11:56:09.066,h,3881136758,640,360,21,6493381,2280,true,none,111.065,0,3.394,0,2,"SimulcastEncoderAdapter (libvpx, libvpx, libvpx)",false,L1T3,450000,video/VP8,30,3425,1280,720,2280,11.749,6
ab-cam-3L-on,90.1,2026-10-06T11:56:11.110,q,1685436845,320,180,21,2188734,2313,true,none,113.109,0,3.394,0,2,"SimulcastEncoderAdapter (libvpx, libvpx, libvpx)",false,L1T3,149338,video/VP8,30,3486,1280,720,2313,3.987,7
ab-cam-3L-on,90.1,2026-10-06T11:56:11.110,f,2849482807,1280,720,30,23238442,3379,true,none,113.109,0,3.394,0,2,"SimulcastEncoderAdapter (libvpx, libvpx, libvpx)",false,L1T3,1700000,video/VP8,30,3486,1280,720,3379,37.612,5
ab-cam-3L-on,90.1,2026-10-06T11:56:11.110,h,3881136758,640,360,21,6607969,2321,true,none,113.109,0,3.394,0,2,"SimulcastEncoderAdapter (libvpx, libvpx, libvpx)",false,L1T3,446035,video/VP8,30,3486,1280,720,2321,11.981,6
ab-cam-3L-on,92.1,2026-10-06T11:56:13.146,q,1685436845,320,180,20,2226775,2353,true,none,115.144,0,3.394,0,2,"SimulcastEncoderAdapter (libvpx, libvpx, libvpx)",false,L1T3,149947,video/VP8,30,3547,1280,720,2353,4.065,7
ab-cam-3L-on,92.1,2026-10-06T11:56:13.146,f,2849482807,1280,720,31,23667356,3440,true,none,115.144,0,3.394,0,2,"SimulcastEncoderAdapter (libvpx, libvpx, libvpx)",false,L1T3,1700000,video/VP8,30,3547,1280,720,3440,38.614,5
ab-cam-3L-on,92.1,2026-10-06T11:56:13.146,h,3881136758,640,360,20,6721484,2361,true,none,115.144,0,3.394,0,2,"SimulcastEncoderAdapter (libvpx, libvpx, libvpx)",false,L1T3,449325,video/VP8,30,3547,1280,720,2361,12.228,6
ab-cam-3L-on,94.2,2026-10-06T11:56:15.181,q,1685436845,320,180,20,2265059,2394,true,none,117.184,0,3.394,0,2,"SimulcastEncoderAdapter (libvpx, libvpx, libvpx)",false,L1T3,148250,video/VP8,30,3608,1280,720,2394,4.157,7
ab-cam-3L-on,94.2,2026-10-06T11:56:15.181,f,2849482807,1280,720,31,24094690,3501,true,none,117.184,0,3.394,0,2,"SimulcastEncoderAdapter (libvpx, libvpx, libvpx)",false,L1T3,1695855,video/VP8,30,3608,1280,720,3501,39.549,5
ab-cam-3L-on,94.2,2026-10-06T11:56:15.181,h,3881136758,640,360,20,6836940,2402,true,none,117.184,0,3.394,0,2,"SimulcastEncoderAdapter (libvpx, libvpx, libvpx)",false,L1T3,446680,video/VP8,30,3608,1280,720,2402,12.474,6
ab-cam-3L-on,96.2,2026-10-06T11:56:17.212,q,1685436845,320,180,20,2302065,2434,true,none,119.209,0,3.394,0,2,"SimulcastEncoderAdapter (libvpx, libvpx, libvpx)",false,L1T3,150000,video/VP8,30,3669,1280,720,2434,4.243,7
ab-cam-3L-on,96.2,2026-10-06T11:56:17.212,f,2849482807,1280,720,31,24531587,3562,true,none,119.209,0,3.394,0,2,"SimulcastEncoderAdapter (libvpx, libvpx, libvpx)",false,L1T3,1700000,video/VP8,30,3669,1280,720,3562,40.403,5
ab-cam-3L-on,96.2,2026-10-06T11:56:17.212,h,3881136758,640,360,20,6948465,2442,true,none,119.209,0,3.394,0,2,"SimulcastEncoderAdapter (libvpx, libvpx, libvpx)",false,L1T3,447817,video/VP8,30,3669,1280,720,2442,12.714,6
ab-cam-3L-on,98.2,2026-10-06T11:56:19.249,q,1685436845,320,180,21,2340125,2476,true,none,121.253,0,3.394,0,2,"SimulcastEncoderAdapter (libvpx, libvpx, libvpx)",false,L1T3,149478,video/VP8,31,3731,1280,720,2476,4.328,7
ab-cam-3L-on,98.2,2026-10-06T11:56:19.249,f,2849482807,1280,720,31,24945448,3621,true,none,121.253,0,3.394,0,2,"SimulcastEncoderAdapter (libvpx, libvpx, libvpx)",false,L1T3,1700000,video/VP8,31,3731,1280,720,3621,41.664,5
ab-cam-3L-on,98.2,2026-10-06T11:56:19.249,h,3881136758,640,360,20,7062835,2483,true,none,121.253,0,3.394,0,2,"SimulcastEncoderAdapter (libvpx, libvpx, libvpx)",false,L1T3,446245,video/VP8,31,3731,1280,720,2483,12.953,6
ab-cam-3L-on,100.3,2026-10-06T11:56:21.296,q,1685436845,320,180,19,2378298,2516,true,none,123.295,0,3.394,0,2,"SimulcastEncoderAdapter (libvpx, libvpx, libvpx)",false,L1T3,150000,video/VP8,30,3792,1280,720,2516,4.402,7
ab-cam-3L-on,100.3,2026-10-06T11:56:21.296,f,2849482807,1280,720,30,25385621,3683,true,none,123.295,0,3.394,0,2,"SimulcastEncoderAdapter (libvpx, libvpx, libvpx)",false,L1T3,1693915,video/VP8,30,3792,1280,720,3683,42.509,5
ab-cam-3L-on,100.3,2026-10-06T11:56:21.296,h,3881136758,640,360,20,7177494,2524,true,none,123.295,0,3.394,0,2,"SimulcastEncoderAdapter (libvpx, libvpx, libvpx)",false,L1T3,450000,video/VP8,30,3792,1280,720,2524,13.178,6
ab-cam-3L-on,102.3,2026-10-06T11:56:23.329,q,1685436845,320,180,19,2415704,2556,true,none,125.328,0,3.394,0,2,"SimulcastEncoderAdapter (libvpx, libvpx, libvpx)",false,L1T3,149845,video/VP8,29,3852,1280,720,2556,4.471,7
ab-cam-3L-on,102.3,2026-10-06T11:56:23.329,f,2849482807,1280,720,29,25813744,3743,true,none,125.328,0,3.394,0,2,"SimulcastEncoderAdapter (libvpx, libvpx, libvpx)",false,L1T3,1700000,video/VP8,29,3852,1280,720,3743,43.193,5
ab-cam-3L-on,102.3,2026-10-06T11:56:23.329,h,3881136758,640,360,19,7289771,2564,true,none,125.328,0,3.394,0,2,"SimulcastEncoderAdapter (libvpx, libvpx, libvpx)",false,L1T3,450000,video/VP8,29,3852,1280,720,2564,13.392,6
ab-cam-3L-on,104.4,2026-10-06T11:56:25.374,q,1685436845,320,180,20,2455405,2598,true,none,127.375,0,3.394,0,2,"SimulcastEncoderAdapter (libvpx, libvpx, libvpx)",false,L1T3,149387,video/VP8,29,3914,1280,720,2598,4.551,7
ab-cam-3L-on,104.4,2026-10-06T11:56:25.374,f,2849482807,1280,720,30,26251176,3805,true,none,127.375,0,3.394,0,2,"SimulcastEncoderAdapter (libvpx, libvpx, libvpx)",false,L1T3,1700000,video/VP8,29,3914,1280,720,3805,44.064,5
ab-cam-3L-on,104.4,2026-10-06T11:56:25.374,h,3881136758,640,360,20,7407675,2606,true,none,127.375,0,3.394,0,2,"SimulcastEncoderAdapter (libvpx, libvpx, libvpx)",false,L1T3,450000,video/VP8,29,3914,1280,720,2606,13.63,6
ab-cam-3L-on,106.4,2026-10-06T11:56:27.407,q,1685436845,320,180,20,2493080,2639,true,none,129.407,0,3.394,0,2,"SimulcastEncoderAdapter (libvpx, libvpx, libvpx)",false,L1T3,150000,video/VP8,30,3975,1280,720,2639,4.629,7
ab-cam-3L-on,106.4,2026-10-06T11:56:27.407,f,2849482807,1280,720,31,26684684,3866,true,none,129.407,0,3.394,0,2,"SimulcastEncoderAdapter (libvpx, libvpx, libvpx)",false,L1T3,1700000,video/VP8,30,3975,1280,720,3866,44.872,5
ab-cam-3L-on,106.4,2026-10-06T11:56:27.407,h,3881136758,640,360,21,7522827,2647,true,none,129.407,0,3.394,0,2,"SimulcastEncoderAdapter (libvpx, libvpx, libvpx)",false,L1T3,447380,video/VP8,30,3975,1280,720,2647,13.857,6
ab-cam-3L-on,108.4,2026-10-06T11:56:29.451,q,1685436845,320,180,20,2527769,2677,true,none,131.456,0,3.394,0,2,"SimulcastEncoderAdapter (libvpx, libvpx, libvpx)",false,L1T3,142933,video/VP8,30,4035,1280,720,2677,4.704,7
ab-cam-3L-on,108.4,2026-10-06T11:56:29.451,f,2849482807,1280,720,31,27040514,3922,true,none,131.456,0,3.394,0,2,"SimulcastEncoderAdapter (libvpx, libvpx, libvpx)",false,L1T3,1500075,video/VP8,30,4035,1280,720,3922,46.109,5
ab-cam-3L-on,108.4,2026-10-06T11:56:29.451,h,3881136758,640,360,21,7626925,2685,true,none,131.456,0,3.394,0,2,"SimulcastEncoderAdapter (libvpx, libvpx, libvpx)",false,L1T3,422955,video/VP8,30,4035,1280,720,2685,14.07,6
ab-cam-3L-on,110.5,2026-10-06T11:56:31.519,q,1685436845,320,180,20,2565933,2718,true,none,133.52,0,3.394,0,2,"SimulcastEncoderAdapter (libvpx, libvpx, libvpx)",false,L1T3,150000,video/VP8,28,4096,1280,720,2718,4.786,7
ab-cam-3L-on,110.5,2026-10-06T11:56:31.519,f,2849482807,1280,720,29,27418268,3983,true,none,133.52,0,3.394,0,2,"SimulcastEncoderAdapter (libvpx, libvpx, libvpx)",false,L1T3,1700000,video/VP8,28,4096,1280,720,3983,47.118,5
ab-cam-3L-on,110.5,2026-10-06T11:56:31.519,h,3881136758,640,360,20,7738248,2726,true,none,133.52,0,3.394,0,2,"SimulcastEncoderAdapter (libvpx, libvpx, libvpx)",false,L1T3,450000,video/VP8,28,4096,1280,720,2726,14.303,6
ab-cam-3L-on,112.5,2026-10-06T11:56:33.552,q,1685436845,320,180,20,2603979,2759,true,none,135.552,0,3.394,0,2,"SimulcastEncoderAdapter (libvpx, libvpx, libvpx)",false,L1T3,150000,video/VP8,29,4157,1280,720,2759,4.86,7
ab-cam-3L-on,112.5,2026-10-06T11:56:33.552,f,2849482807,1280,720,30,27838033,4044,true,none,135.552,0,3.394,0,2,"SimulcastEncoderAdapter (libvpx, libvpx, libvpx)",false,L1T3,1700000,video/VP8,29,4157,1280,720,4044,47.991,5
ab-cam-3L-on,112.5,2026-10-06T11:56:33.552,h,3881136758,640,360,21,7852070,2767,true,none,135.552,0,3.394,0,2,"SimulcastEncoderAdapter (libvpx, libvpx, libvpx)",false,L1T3,450000,video/VP8,29,4157,1280,720,2767,14.524,6
ab-cam-3L-on,114.6,2026-10-06T11:56:35.600,q,1685436845,320,180,21,2642268,2800,true,none,137.6,0,3.394,0,2,"SimulcastEncoderAdapter (libvpx, libvpx, libvpx)",false,L1T3,148638,video/VP8,30,4219,1280,720,2800,4.945,7
ab-cam-3L-on,114.6,2026-10-06T11:56:35.600,f,2849482807,1280,720,29,28266111,4105,true,none,137.6,0,3.394,0,2,"SimulcastEncoderAdapter (libvpx, libvpx, libvpx)",false,L1T3,1700000,video/VP8,30,4219,1280,720,4105,48.977,5
ab-cam-3L-on,114.6,2026-10-06T11:56:35.600,h,3881136758,640,360,20,7967965,2808,true,none,137.6,0,3.394,0,2,"SimulcastEncoderAdapter (libvpx, libvpx, libvpx)",false,L1T3,447360,video/VP8,30,4219,1280,720,2808,14.761,6
ab-cam-3L-on,116.6,2026-10-06T11:56:37.655,q,1685436845,320,180,20,2681034,2841,true,none,139.655,0,3.394,0,2,"SimulcastEncoderAdapter (libvpx, libvpx, libvpx)",false,L1T3,150000,video/VP8,30,4280,1280,720,2841,5.033,7
ab-cam-3L-on,116.6,2026-10-06T11:56:37.655,f,2849482807,1280,720,29,28710083,4166,true,none,139.655,0,3.394,0,2,"SimulcastEncoderAdapter (libvpx, libvpx, libvpx)",false,L1T3,1700000,video/VP8,30,4280,1280,720,4166,49.878,5
ab-cam-3L-on,116.6,2026-10-06T11:56:37.655,h,3881136758,640,360,20,8083503,2849,true,none,139.655,0,3.394,0,2,"SimulcastEncoderAdapter (libvpx, libvpx, libvpx)",false,L1T3,450000,video/VP8,30,4280,1280,720,2849,15.003,6
ab-cam-3L-on,118.7,2026-10-06T11:56:39.694,q,1685436845,320,180,19,2715134,2878,true,none,141.694,0,3.394,0,2,"SimulcastEncoderAdapter (libvpx, libvpx, libvpx)",false,L1T3,150000,video/VP8,31,4339,1280,720,2878,5.103,7
ab-cam-3L-on,118.7,2026-10-06T11:56:39.694,f,2849482807,1280,720,27,29085480,4220,true,none,141.694,0,3.394,0,2,"SimulcastEncoderAdapter (libvpx, libvpx, libvpx)",false,L1T3,1700000,video/VP8,31,4339,1280,720,4220,51.336,5
ab-cam-3L-on,118.7,2026-10-06T11:56:39.694,h,3881136758,640,360,19,8187483,2886,true,none,141.694,0,3.394,0,2,"SimulcastEncoderAdapter (libvpx, libvpx, libvpx)",false,L1T3,450000,video/VP8,31,4339,1280,720,2886,15.211,6
ab-cam-3L-on,120.7,2026-10-06T11:56:41.726,q,1685436845,320,180,21,2753764,2919,true,none,143.727,0,3.394,0,2,"SimulcastEncoderAdapter (libvpx, libvpx, libvpx)",false,L1T3,149350,video/VP8,30,4400,1280,720,2919,5.181,7
ab-cam-3L-on,120.7,2026-10-06T11:56:41.726,f,2849482807,1280,720,30,29535489,4281,true,none,143.727,0,3.394,0,2,"SimulcastEncoderAdapter (libvpx, libvpx, libvpx)",false,L1T3,1688183,video/VP8,30,4400,1280,720,4281,52.258,5
ab-cam-3L-on,120.7,2026-10-06T11:56:41.726,h,3881136758,640,360,20,8302794,2927,true,none,143.727,0,3.394,0,2,"SimulcastEncoderAdapter (libvpx, libvpx, libvpx)",false,L1T3,450000,video/VP8,30,4400,1280,720,2927,15.45,6
