at_paris,rid,w,h,fps,framesSent,framesEncoded,totalEncodeTime,keyFramesEncoded,bytesSent,active,qlr,qlrDur_none,qlrDur_cpu,qlrDur_bandwidth,qlrDur_other,qlrResChanges,encoderImplementation,powerEfficientEncoder,scalabilityMode,targetBitrate,codec,ts
2026-10-06T11:30:46.883,h,1280,720,30,22,22,0.22,1,63350,True,none,0.79,0,0.339,0,1,"SimulcastEncoderAdapter (libvpx, libvpx)",False,L1T3,618072,video/VP8,1791279046882.193
2026-10-06T11:30:46.883,q,320,180,22,23,23,0.158,2,23746,True,none,0.79,0,0.339,0,1,"SimulcastEncoderAdapter (libvpx, libvpx)",False,L1T3,117038,video/VP8,1791279046882.193
2026-10-06T11:30:48.883,h,1280,720,20,73,73,0.829,1,255809,True,none,2.79,0,0.339,0,1,"SimulcastEncoderAdapter (libvpx, libvpx)",False,L1T3,678188,video/VP8,1791279048882.312
2026-10-06T11:30:48.883,q,320,180,21,63,63,0.44,2,56126,True,none,2.79,0,0.339,0,1,"SimulcastEncoderAdapter (libvpx, libvpx)",False,L1T3,114222,video/VP8,1791279048882.312
2026-10-06T11:30:50.882,h,1280,720,29,133,133,1.542,1,459782,True,none,4.79,0,0.339,0,1,"SimulcastEncoderAdapter (libvpx, libvpx)",False,L1T3,900016,video/VP8,1791279050881.867
2026-10-06T11:30:50.882,q,320,180,21,103,103,0.71,2,84655,True,none,4.79,0,0.339,0,1,"SimulcastEncoderAdapter (libvpx, libvpx)",False,L1T3,135347,video/VP8,1791279050881.867
2026-10-06T11:30:52.883,h,1280,720,30,193,193,2.303,1,713465,True,none,6.79,0,0.339,0,1,"SimulcastEncoderAdapter (libvpx, libvpx)",False,L1T3,1156640,video/VP8,1791279052882.586
2026-10-06T11:30:52.883,q,320,180,21,143,143,1.005,2,119940,True,none,6.79,0,0.339,0,1,"SimulcastEncoderAdapter (libvpx, libvpx)",False,L1T3,130670,video/VP8,1791279052882.586
2026-10-06T11:30:54.882,h,1280,720,30,253,253,3.125,1,1015725,True,none,8.79,0,0.339,0,1,"SimulcastEncoderAdapter (libvpx, libvpx)",False,L1T3,1415940,video/VP8,1791279054881.866
2026-10-06T11:30:54.882,q,320,180,21,183,183,1.339,2,153584,True,none,8.79,0,0.339,0,1,"SimulcastEncoderAdapter (libvpx, libvpx)",False,L1T3,121793,video/VP8,1791279054881.866
2026-10-06T11:30:56.888,h,1280,720,,283,283,3.502,1,1202726,False,none,10.796,0,0.339,0,1,"SimulcastEncoderAdapter (libvpx, libvpx)",False,L1T3,1538800,video/VP8,1791279056887.924
2026-10-06T11:30:56.888,q,320,180,,202,202,1.479,2,170975,False,none,10.796,0,0.339,0,1,"SimulcastEncoderAdapter (libvpx, libvpx)",False,L1T3,121105,video/VP8,1791279056887.924
2026-10-06T11:30:58.882,h,1280,720,,283,283,3.502,1,1202726,False,none,12.79,0,0.339,0,1,"SimulcastEncoderAdapter (libvpx, libvpx)",False,L1T3,1538800,video/VP8,1791279058882.11
2026-10-06T11:30:58.882,q,320,180,,202,202,1.479,2,170975,False,none,12.79,0,0.339,0,1,"SimulcastEncoderAdapter (libvpx, libvpx)",False,L1T3,121105,video/VP8,1791279058882.11
2026-10-06T11:31:00.883,h,,,,283,283,3.502,1,1202726,False,none,14.791,0,0.339,0,1,"SimulcastEncoderAdapter (libvpx, libvpx)",False,L1T3,1538800,video/VP8,1791279060883.3
2026-10-06T11:31:00.883,q,,,,202,202,1.479,2,170975,False,none,14.791,0,0.339,0,1,"SimulcastEncoderAdapter (libvpx, libvpx)",False,L1T3,121105,video/VP8,1791279060883.3
2026-10-06T11:31:02.884,h,,,,283,283,3.502,1,1202726,False,none,16.792,0,0.339,0,1,"SimulcastEncoderAdapter (libvpx, libvpx)",False,L1T3,1538800,video/VP8,1791279062883.86
2026-10-06T11:31:02.884,q,,,,202,202,1.479,2,170975,False,none,16.792,0,0.339,0,1,"SimulcastEncoderAdapter (libvpx, libvpx)",False,L1T3,121105,video/VP8,1791279062883.86
2026-10-06T11:31:04.884,h,,,,283,283,3.502,1,1202726,False,none,18.791,0,0.339,0,1,"SimulcastEncoderAdapter (libvpx, libvpx)",False,L1T3,1538800,video/VP8,1791279064883.32
2026-10-06T11:31:04.884,q,,,,202,202,1.479,2,170975,False,none,18.791,0,0.339,0,1,"SimulcastEncoderAdapter (libvpx, libvpx)",False,L1T3,121105,video/VP8,1791279064883.32
2026-10-06T11:31:06.885,h,,,,283,283,3.502,1,1202726,False,none,20.792,0,0.339,0,1,"SimulcastEncoderAdapter (libvpx, libvpx)",False,L1T3,1538800,video/VP8,1791279066884.642
2026-10-06T11:31:06.885,q,,,,202,202,1.479,2,170975,False,none,20.792,0,0.339,0,1,"SimulcastEncoderAdapter (libvpx, libvpx)",False,L1T3,121105,video/VP8,1791279066884.642
2026-10-06T11:31:08.883,h,,,,283,283,3.502,1,1202726,False,none,22.79,0,0.339,0,1,"SimulcastEncoderAdapter (libvpx, libvpx)",False,L1T3,1538800,video/VP8,1791279068882.067
2026-10-06T11:31:08.883,q,,,,202,202,1.479,2,170975,False,none,22.79,0,0.339,0,1,"SimulcastEncoderAdapter (libvpx, libvpx)",False,L1T3,121105,video/VP8,1791279068882.067
2026-10-06T11:31:10.885,h,,,,283,283,3.502,1,1202726,False,none,24.791,0,0.339,0,1,"SimulcastEncoderAdapter (libvpx, libvpx)",False,L1T3,1538800,video/VP8,1791279070883.674
2026-10-06T11:31:10.885,q,,,,202,202,1.479,2,170975,False,none,24.791,0,0.339,0,1,"SimulcastEncoderAdapter (libvpx, libvpx)",False,L1T3,121105,video/VP8,1791279070883.674
2026-10-06T11:31:12.883,h,,,,283,283,3.502,1,1202726,False,none,26.79,0,0.339,0,1,"SimulcastEncoderAdapter (libvpx, libvpx)",False,L1T3,1538800,video/VP8,1791279072882.361
2026-10-06T11:31:12.883,q,,,,202,202,1.479,2,170975,False,none,26.79,0,0.339,0,1,"SimulcastEncoderAdapter (libvpx, libvpx)",False,L1T3,121105,video/VP8,1791279072882.361
2026-10-06T11:31:14.887,h,,,,283,283,3.502,1,1202726,False,none,28.79,0,0.339,0,1,"SimulcastEncoderAdapter (libvpx, libvpx)",False,L1T3,1538800,video/VP8,1791279074882.65
2026-10-06T11:31:14.887,q,,,,202,202,1.479,2,170975,False,none,28.79,0,0.339,0,1,"SimulcastEncoderAdapter (libvpx, libvpx)",False,L1T3,121105,video/VP8,1791279074882.65
2026-10-06T11:31:16.884,h,,,,283,283,3.502,1,1202726,False,none,30.791,0,0.339,0,1,"SimulcastEncoderAdapter (libvpx, libvpx)",False,L1T3,1538800,video/VP8,1791279076883.618
2026-10-06T11:31:16.884,q,,,,202,202,1.479,2,170975,False,none,30.791,0,0.339,0,1,"SimulcastEncoderAdapter (libvpx, libvpx)",False,L1T3,121105,video/VP8,1791279076883.618
2026-10-06T11:31:18.882,h,,,,283,283,3.502,1,1202726,False,none,32.79,0,0.339,0,1,"SimulcastEncoderAdapter (libvpx, libvpx)",False,L1T3,1538800,video/VP8,1791279078881.941
2026-10-06T11:31:18.882,q,,,,202,202,1.479,2,170975,False,none,32.79,0,0.339,0,1,"SimulcastEncoderAdapter (libvpx, libvpx)",False,L1T3,121105,video/VP8,1791279078881.941
2026-10-06T11:31:20.883,h,,,,283,283,3.502,1,1202726,False,none,34.79,0,0.339,0,1,"SimulcastEncoderAdapter (libvpx, libvpx)",False,L1T3,1538800,video/VP8,1791279080882.35
2026-10-06T11:31:20.883,q,,,,202,202,1.479,2,170975,False,none,34.79,0,0.339,0,1,"SimulcastEncoderAdapter (libvpx, libvpx)",False,L1T3,121105,video/VP8,1791279080882.35
2026-10-06T11:31:22.883,h,,,,283,283,3.502,1,1202726,False,none,36.791,0,0.339,0,1,"SimulcastEncoderAdapter (libvpx, libvpx)",False,L1T3,1538800,video/VP8,1791279082883.265
2026-10-06T11:31:22.883,q,,,,202,202,1.479,2,170975,False,none,36.791,0,0.339,0,1,"SimulcastEncoderAdapter (libvpx, libvpx)",False,L1T3,121105,video/VP8,1791279082883.265
2026-10-06T11:31:24.884,h,,,,283,283,3.502,1,1202726,False,none,38.791,0,0.339,0,1,"SimulcastEncoderAdapter (libvpx, libvpx)",False,L1T3,1538800,video/VP8,1791279084883.444
2026-10-06T11:31:24.884,q,,,,202,202,1.479,2,170975,False,none,38.791,0,0.339,0,1,"SimulcastEncoderAdapter (libvpx, libvpx)",False,L1T3,121105,video/VP8,1791279084883.444
2026-10-06T11:31:26.883,h,,,,283,283,3.502,1,1202726,False,none,40.791,0,0.339,0,1,"SimulcastEncoderAdapter (libvpx, libvpx)",False,L1T3,1538800,video/VP8,1791279086882.908
2026-10-06T11:31:26.883,q,,,,202,202,1.479,2,170975,False,none,40.791,0,0.339,0,1,"SimulcastEncoderAdapter (libvpx, libvpx)",False,L1T3,121105,video/VP8,1791279086882.908
2026-10-06T11:31:28.883,h,,,,283,283,3.502,1,1202726,False,none,42.79,0,0.339,0,1,"SimulcastEncoderAdapter (libvpx, libvpx)",False,L1T3,1538800,video/VP8,1791279088882.328
2026-10-06T11:31:28.883,q,,,,202,202,1.479,2,170975,False,none,42.79,0,0.339,0,1,"SimulcastEncoderAdapter (libvpx, libvpx)",False,L1T3,121105,video/VP8,1791279088882.328
2026-10-06T11:31:30.892,h,,,,283,283,3.502,1,1202726,False,none,44.799,0,0.339,0,1,"SimulcastEncoderAdapter (libvpx, libvpx)",False,L1T3,1538800,video/VP8,1791279090891.668
2026-10-06T11:31:30.892,q,,,,202,202,1.479,2,170975,False,none,44.799,0,0.339,0,1,"SimulcastEncoderAdapter (libvpx, libvpx)",False,L1T3,121105,video/VP8,1791279090891.668
2026-10-06T11:31:32.883,h,,,,283,283,3.502,1,1202726,False,none,46.791,0,0.339,0,1,"SimulcastEncoderAdapter (libvpx, libvpx)",False,L1T3,1538800,video/VP8,1791279092883.396
2026-10-06T11:31:32.883,q,,,,202,202,1.479,2,170975,False,none,46.791,0,0.339,0,1,"SimulcastEncoderAdapter (libvpx, libvpx)",False,L1T3,121105,video/VP8,1791279092883.396
2026-10-06T11:31:34.882,h,,,,283,283,3.502,1,1202726,False,none,48.79,0,0.339,0,1,"SimulcastEncoderAdapter (libvpx, libvpx)",False,L1T3,1538800,video/VP8,1791279094882.241
2026-10-06T11:31:34.882,q,,,,202,202,1.479,2,170975,False,none,48.79,0,0.339,0,1,"SimulcastEncoderAdapter (libvpx, libvpx)",False,L1T3,121105,video/VP8,1791279094882.241
2026-10-06T11:31:36.883,h,,,,283,283,3.502,1,1202726,False,none,50.79,0,0.339,0,1,"SimulcastEncoderAdapter (libvpx, libvpx)",False,L1T3,1538800,video/VP8,1791279096882.576
2026-10-06T11:31:36.883,q,,,,202,202,1.479,2,170975,False,none,50.79,0,0.339,0,1,"SimulcastEncoderAdapter (libvpx, libvpx)",False,L1T3,121105,video/VP8,1791279096882.576
2026-10-06T11:31:38.883,h,,,,283,283,3.502,1,1202726,False,none,52.79,0,0.339,0,1,"SimulcastEncoderAdapter (libvpx, libvpx)",False,L1T3,1538800,video/VP8,1791279098882.355
2026-10-06T11:31:38.883,q,,,,202,202,1.479,2,170975,False,none,52.79,0,0.339,0,1,"SimulcastEncoderAdapter (libvpx, libvpx)",False,L1T3,121105,video/VP8,1791279098882.355
2026-10-06T11:31:40.883,h,,,,283,283,3.502,1,1202726,False,none,54.79,0,0.339,0,1,"SimulcastEncoderAdapter (libvpx, libvpx)",False,L1T3,1538800,video/VP8,1791279100882.445
2026-10-06T11:31:40.883,q,,,,202,202,1.479,2,170975,False,none,54.79,0,0.339,0,1,"SimulcastEncoderAdapter (libvpx, libvpx)",False,L1T3,121105,video/VP8,1791279100882.445
2026-10-06T11:31:42.884,h,,,,283,283,3.502,1,1202726,False,none,56.791,0,0.339,0,1,"SimulcastEncoderAdapter (libvpx, libvpx)",False,L1T3,1538800,video/VP8,1791279102883.398
2026-10-06T11:31:42.884,q,,,,202,202,1.479,2,170975,False,none,56.791,0,0.339,0,1,"SimulcastEncoderAdapter (libvpx, libvpx)",False,L1T3,121105,video/VP8,1791279102883.398
2026-10-06T11:31:44.883,h,,,,283,283,3.502,1,1202726,False,none,58.791,0,0.339,0,1,"SimulcastEncoderAdapter (libvpx, libvpx)",False,L1T3,1538800,video/VP8,1791279104883.023
2026-10-06T11:31:44.883,q,,,,202,202,1.479,2,170975,False,none,58.791,0,0.339,0,1,"SimulcastEncoderAdapter (libvpx, libvpx)",False,L1T3,121105,video/VP8,1791279104883.023
2026-10-06T11:31:46.883,h,,,,283,283,3.502,1,1202726,False,none,60.79,0,0.339,0,1,"SimulcastEncoderAdapter (libvpx, libvpx)",False,L1T3,1538800,video/VP8,1791279106882.714
2026-10-06T11:31:46.883,q,,,,202,202,1.479,2,170975,False,none,60.79,0,0.339,0,1,"SimulcastEncoderAdapter (libvpx, libvpx)",False,L1T3,121105,video/VP8,1791279106882.714
2026-10-06T11:31:48.883,h,,,,283,283,3.502,1,1202726,False,none,62.79,0,0.339,0,1,"SimulcastEncoderAdapter (libvpx, libvpx)",False,L1T3,1538800,video/VP8,1791279108882.773
2026-10-06T11:31:48.883,q,,,,202,202,1.479,2,170975,False,none,62.79,0,0.339,0,1,"SimulcastEncoderAdapter (libvpx, libvpx)",False,L1T3,121105,video/VP8,1791279108882.773
2026-10-06T11:31:50.884,h,,,,283,283,3.502,1,1202726,False,none,64.791,0,0.339,0,1,"SimulcastEncoderAdapter (libvpx, libvpx)",False,L1T3,1538800,video/VP8,1791279110883.562
2026-10-06T11:31:50.884,q,,,,202,202,1.479,2,170975,False,none,64.791,0,0.339,0,1,"SimulcastEncoderAdapter (libvpx, libvpx)",False,L1T3,121105,video/VP8,1791279110883.562
2026-10-06T11:31:52.883,h,1280,720,5,288,288,3.599,2,1229191,True,none,66.79,0,0.339,0,1,"SimulcastEncoderAdapter (libvpx, libvpx)",False,L1T3,1416667,video/VP8,1791279112882.223
2026-10-06T11:31:52.883,q,320,180,4,206,206,1.523,3,174705,True,none,66.79,0,0.339,0,1,"SimulcastEncoderAdapter (libvpx, libvpx)",False,L1T3,125000,video/VP8,1791279112882.223
2026-10-06T11:31:54.884,h,1280,720,30,348,348,4.641,2,1558281,True,none,68.791,0,0.339,0,1,"SimulcastEncoderAdapter (libvpx, libvpx)",False,L1T3,1700000,video/VP8,1791279114883.17
2026-10-06T11:31:54.884,q,320,180,20,246,246,1.913,3,201836,True,none,68.791,0,0.339,0,1,"SimulcastEncoderAdapter (libvpx, libvpx)",False,L1T3,150000,video/VP8,1791279114883.17
2026-10-06T11:31:56.882,h,1280,720,30,408,408,5.594,2,2012132,True,none,70.79,0,0.339,0,1,"SimulcastEncoderAdapter (libvpx, libvpx)",False,L1T3,1635147,video/VP8,1791279116882.354
2026-10-06T11:31:56.882,q,320,180,21,286,286,2.288,3,240585,True,none,70.79,0,0.339,0,1,"SimulcastEncoderAdapter (libvpx, libvpx)",False,L1T3,150000,video/VP8,1791279116882.354
2026-10-06T11:31:58.883,h,1280,720,30,468,468,6.511,2,2449381,True,none,72.791,0,0.339,0,1,"SimulcastEncoderAdapter (libvpx, libvpx)",False,L1T3,1679270,video/VP8,1791279118883.215
2026-10-06T11:31:58.883,q,320,180,20,326,326,2.684,3,282129,True,none,72.791,0,0.339,0,1,"SimulcastEncoderAdapter (libvpx, libvpx)",False,L1T3,141113,video/VP8,1791279118883.215
2026-10-06T11:32:00.883,h,1280,720,30,528,528,7.445,2,2864724,True,none,74.79,0,0.339,0,1,"SimulcastEncoderAdapter (libvpx, libvpx)",False,L1T3,1697427,video/VP8,1791279120882.709
2026-10-06T11:32:00.883,q,320,180,20,366,366,3.032,3,318845,True,none,74.79,0,0.339,0,1,"SimulcastEncoderAdapter (libvpx, libvpx)",False,L1T3,146325,video/VP8,1791279120882.709
2026-10-06T11:32:02.883,h,1280,720,30,588,588,8.173,2,3287568,True,none,76.79,0,0.339,0,1,"SimulcastEncoderAdapter (libvpx, libvpx)",False,L1T3,1700000,video/VP8,1791279122882.786
2026-10-06T11:32:02.883,q,320,180,20,406,406,3.293,3,353701,True,none,76.79,0,0.339,0,1,"SimulcastEncoderAdapter (libvpx, libvpx)",False,L1T3,150000,video/VP8,1791279122882.786
2026-10-06T11:32:04.882,h,1280,720,30,648,648,8.955,2,3701127,True,none,78.79,0,0.339,0,1,"SimulcastEncoderAdapter (libvpx, libvpx)",False,L1T3,1693397,video/VP8,1791279124882.014
2026-10-06T11:32:04.882,q,320,180,20,446,446,3.57,3,391080,True,none,78.79,0,0.339,0,1,"SimulcastEncoderAdapter (libvpx, libvpx)",False,L1T3,146955,video/VP8,1791279124882.014
2026-10-06T11:32:06.883,h,1280,720,30,708,708,9.666,2,4139190,True,none,80.79,0,0.339,0,1,"SimulcastEncoderAdapter (libvpx, libvpx)",False,L1T3,1700000,video/VP8,1791279126882.674
2026-10-06T11:32:06.883,q,320,180,20,486,486,3.808,3,430262,True,none,80.79,0,0.339,0,1,"SimulcastEncoderAdapter (libvpx, libvpx)",False,L1T3,150000,video/VP8,1791279126882.674
2026-10-06T11:32:08.882,h,1280,720,30,768,768,10.265,2,4546466,True,none,82.79,0,0.339,0,1,"SimulcastEncoderAdapter (libvpx, libvpx)",False,L1T3,1700000,video/VP8,1791279128881.917
2026-10-06T11:32:08.882,q,320,180,20,526,526,4.016,3,466058,True,none,82.79,0,0.339,0,1,"SimulcastEncoderAdapter (libvpx, libvpx)",False,L1T3,150000,video/VP8,1791279128881.917
2026-10-06T11:32:10.884,h,1280,720,30,828,828,10.974,2,4969216,True,none,84.791,0,0.339,0,1,"SimulcastEncoderAdapter (libvpx, libvpx)",False,L1T3,1700000,video/VP8,1791279130883.702
2026-10-06T11:32:10.884,q,320,180,20,566,566,4.259,3,500923,True,none,84.791,0,0.339,0,1,"SimulcastEncoderAdapter (libvpx, libvpx)",False,L1T3,150000,video/VP8,1791279130883.702
2026-10-06T11:32:12.884,h,1280,720,30,888,888,11.759,2,5393290,True,none,86.791,0,0.339,0,1,"SimulcastEncoderAdapter (libvpx, libvpx)",False,L1T3,1700000,video/VP8,1791279132883.734
2026-10-06T11:32:12.884,q,320,180,20,606,606,4.52,3,539076,True,none,86.791,0,0.339,0,1,"SimulcastEncoderAdapter (libvpx, libvpx)",False,L1T3,150000,video/VP8,1791279132883.734
2026-10-06T11:32:14.883,h,1280,720,30,948,948,12.54,2,5827320,True,none,88.79,0,0.339,0,1,"SimulcastEncoderAdapter (libvpx, libvpx)",False,L1T3,1700000,video/VP8,1791279134882.504
2026-10-06T11:32:14.883,q,320,180,20,646,646,4.783,3,578705,True,none,88.79,0,0.339,0,1,"SimulcastEncoderAdapter (libvpx, libvpx)",False,L1T3,149847,video/VP8,1791279134882.504
2026-10-06T11:32:16.884,h,1280,720,31,1008,1008,13.424,2,6258174,True,none,90.791,0,0.339,0,1,"SimulcastEncoderAdapter (libvpx, libvpx)",False,L1T3,1691200,video/VP8,1791279136883.289
2026-10-06T11:32:16.884,q,320,180,20,686,686,5.068,3,616386,True,none,90.791,0,0.339,0,1,"SimulcastEncoderAdapter (libvpx, libvpx)",False,L1T3,150000,video/VP8,1791279136883.289
2026-10-06T11:32:18.883,h,1280,720,30,1068,1068,14.329,2,6663367,True,none,92.791,0,0.339,0,1,"SimulcastEncoderAdapter (libvpx, libvpx)",False,L1T3,1700000,video/VP8,1791279138882.912
2026-10-06T11:32:18.883,q,320,180,20,726,726,5.36,3,650435,True,none,92.791,0,0.339,0,1,"SimulcastEncoderAdapter (libvpx, libvpx)",False,L1T3,150000,video/VP8,1791279138882.912
2026-10-06T11:32:20.883,h,1280,720,30,1128,1128,15.252,2,7088719,True,none,94.79,0,0.339,0,1,"SimulcastEncoderAdapter (libvpx, libvpx)",False,L1T3,1693807,video/VP8,1791279140882.464
2026-10-06T11:32:20.883,q,320,180,20,766,766,5.656,3,689026,True,none,94.79,0,0.339,0,1,"SimulcastEncoderAdapter (libvpx, libvpx)",False,L1T3,148785,video/VP8,1791279140882.464
2026-10-06T11:32:22.884,h,1280,720,31,1188,1188,16.185,2,7516074,True,none,96.791,0,0.339,0,1,"SimulcastEncoderAdapter (libvpx, libvpx)",False,L1T3,1700000,video/VP8,1791279142883.47
2026-10-06T11:32:22.884,q,320,180,21,806,806,5.939,3,725299,True,none,96.791,0,0.339,0,1,"SimulcastEncoderAdapter (libvpx, libvpx)",False,L1T3,150000,video/VP8,1791279142883.47
2026-10-06T11:32:24.883,h,1280,720,30,1248,1248,17.016,2,7923050,True,none,98.791,0,0.339,0,1,"SimulcastEncoderAdapter (libvpx, libvpx)",False,L1T3,1209894,video/VP8,1791279144883.09
2026-10-06T11:32:24.883,q,320,180,20,846,846,6.208,3,762936,True,none,98.791,0,0.339,0,1,"SimulcastEncoderAdapter (libvpx, libvpx)",False,L1T3,125407,video/VP8,1791279144883.09
2026-10-06T11:32:26.882,h,1280,720,30,1308,1308,17.593,2,8294759,True,none,100.79,0,0.339,0,1,"SimulcastEncoderAdapter (libvpx, libvpx)",False,L1T3,1700000,video/VP8,1791279146881.918
2026-10-06T11:32:26.882,q,320,180,20,886,886,6.395,3,796324,True,none,100.79,0,0.339,0,1,"SimulcastEncoderAdapter (libvpx, libvpx)",False,L1T3,150000,video/VP8,1791279146881.918
2026-10-06T11:32:28.883,h,1280,720,30,1368,1368,18.199,2,8713441,True,none,102.791,0,0.339,0,1,"SimulcastEncoderAdapter (libvpx, libvpx)",False,L1T3,1700000,video/VP8,1791279148883.447
2026-10-06T11:32:28.883,q,320,180,20,926,926,6.59,3,834499,True,none,102.791,0,0.339,0,1,"SimulcastEncoderAdapter (libvpx, libvpx)",False,L1T3,150000,video/VP8,1791279148883.447
2026-10-06T11:32:30.883,h,1280,720,30,1428,1428,18.894,2,9142456,True,none,104.791,0,0.339,0,1,"SimulcastEncoderAdapter (libvpx, libvpx)",False,L1T3,1665257,video/VP8,1791279150883.259
2026-10-06T11:32:30.883,q,320,180,20,966,966,6.828,3,873629,True,none,104.791,0,0.339,0,1,"SimulcastEncoderAdapter (libvpx, libvpx)",False,L1T3,145243,video/VP8,1791279150883.259
2026-10-06T11:32:32.883,h,1280,720,30,1488,1488,19.709,2,9564625,True,none,106.79,0,0.339,0,1,"SimulcastEncoderAdapter (libvpx, libvpx)",False,L1T3,1700000,video/VP8,1791279152882.747
2026-10-06T11:32:32.883,q,320,180,20,1006,1006,7.08,3,908002,True,none,106.79,0,0.339,0,1,"SimulcastEncoderAdapter (libvpx, libvpx)",False,L1T3,150000,video/VP8,1791279152882.747
2026-10-06T11:32:34.883,h,1280,720,30,1548,1548,20.573,2,9999703,True,none,108.79,0,0.339,0,1,"SimulcastEncoderAdapter (libvpx, libvpx)",False,L1T3,1673657,video/VP8,1791279154882.647
2026-10-06T11:32:34.883,q,320,180,21,1046,1046,7.364,3,946802,True,none,108.79,0,0.339,0,1,"SimulcastEncoderAdapter (libvpx, libvpx)",False,L1T3,147795,video/VP8,1791279154882.647
2026-10-06T11:32:36.883,h,1280,720,30,1608,1608,21.142,2,10398688,True,none,110.791,0,0.339,0,1,"SimulcastEncoderAdapter (libvpx, libvpx)",False,L1T3,1700000,video/VP8,1791279156882.861
2026-10-06T11:32:36.883,q,320,180,20,1086,1086,7.552,3,979591,True,none,110.791,0,0.339,0,1,"SimulcastEncoderAdapter (libvpx, libvpx)",False,L1T3,150000,video/VP8,1791279156882.861
2026-10-06T11:32:38.883,h,1280,720,30,1668,1668,21.732,2,10826000,True,none,112.79,0,0.339,0,1,"SimulcastEncoderAdapter (libvpx, libvpx)",False,L1T3,1700000,video/VP8,1791279158882.717
2026-10-06T11:32:38.883,q,320,180,20,1126,1126,7.744,3,1016347,True,none,112.79,0,0.339,0,1,"SimulcastEncoderAdapter (libvpx, libvpx)",False,L1T3,150000,video/VP8,1791279158882.717
2026-10-06T11:32:40.883,h,1280,720,30,1728,1728,22.371,2,11264221,True,none,114.791,0,0.339,0,1,"SimulcastEncoderAdapter (libvpx, libvpx)",False,L1T3,1664955,video/VP8,1791279160883.033
2026-10-06T11:32:40.883,q,320,180,20,1166,1166,7.952,3,1055142,True,none,114.791,0,0.339,0,1,"SimulcastEncoderAdapter (libvpx, libvpx)",False,L1T3,145853,video/VP8,1791279160883.033
2026-10-06T11:32:42.882,h,1280,720,30,1788,1788,23.129,2,11667207,True,none,116.79,0,0.339,0,1,"SimulcastEncoderAdapter (libvpx, libvpx)",False,L1T3,1700000,video/VP8,1791279162882.009
2026-10-06T11:32:42.882,q,320,180,21,1206,1206,8.238,3,1091571,True,none,116.79,0,0.339,0,1,"SimulcastEncoderAdapter (libvpx, libvpx)",False,L1T3,149838,video/VP8,1791279162882.009
2026-10-06T11:32:44.883,h,1280,720,30,1848,1848,23.771,2,12096699,True,none,118.79,0,0.339,0,1,"SimulcastEncoderAdapter (libvpx, libvpx)",False,L1T3,1678065,video/VP8,1791279164882.62
2026-10-06T11:32:44.883,q,320,180,20,1246,1246,8.443,3,1129210,True,none,118.79,0,0.339,0,1,"SimulcastEncoderAdapter (libvpx, libvpx)",False,L1T3,149860,video/VP8,1791279164882.62
2026-10-06T11:32:46.883,h,1280,720,30,1908,1908,24.488,2,12535680,True,none,120.79,0,0.339,0,1,"SimulcastEncoderAdapter (libvpx, libvpx)",False,L1T3,1670277,video/VP8,1791279166882.409
2026-10-06T11:32:46.883,q,320,180,20,1286,1286,8.684,3,1167987,True,none,120.79,0,0.339,0,1,"SimulcastEncoderAdapter (libvpx, libvpx)",False,L1T3,148560,video/VP8,1791279166882.409
2026-10-06T11:32:48.883,h,1280,720,30,1968,1968,25.249,2,12945864,True,none,122.791,0,0.339,0,1,"SimulcastEncoderAdapter (libvpx, libvpx)",False,L1T3,1700000,video/VP8,1791279168883.014
2026-10-06T11:32:48.883,q,320,180,20,1326,1326,8.943,3,1207312,True,none,122.791,0,0.339,0,1,"SimulcastEncoderAdapter (libvpx, libvpx)",False,L1T3,142770,video/VP8,1791279168883.014
2026-10-06T11:32:50.883,h,1280,720,30,2028,2028,26.01,2,13350141,True,none,124.791,0,0.339,0,1,"SimulcastEncoderAdapter (libvpx, libvpx)",False,L1T3,1700000,video/VP8,1791279170882.923
2026-10-06T11:32:50.883,q,320,180,20,1366,1366,9.188,3,1237821,True,none,124.791,0,0.339,0,1,"SimulcastEncoderAdapter (libvpx, libvpx)",False,L1T3,150000,video/VP8,1791279170882.923
2026-10-06T11:32:52.882,h,1280,720,30,2088,2088,26.745,2,13785642,True,none,126.79,0,0.339,0,1,"SimulcastEncoderAdapter (libvpx, libvpx)",False,L1T3,1677805,video/VP8,1791279172881.983
2026-10-06T11:32:52.882,q,320,180,20,1406,1406,9.419,3,1277748,True,none,126.79,0,0.339,0,1,"SimulcastEncoderAdapter (libvpx, libvpx)",False,L1T3,148093,video/VP8,1791279172881.983
2026-10-06T11:32:54.883,h,1280,720,30,2148,2148,27.618,2,14207480,True,none,128.791,0,0.339,0,1,"SimulcastEncoderAdapter (libvpx, libvpx)",False,L1T3,1700000,video/VP8,1791279174883.035
2026-10-06T11:32:54.883,q,320,180,20,1446,1446,9.686,3,1315407,True,none,128.791,0,0.339,0,1,"SimulcastEncoderAdapter (libvpx, libvpx)",False,L1T3,148410,video/VP8,1791279174883.035
2026-10-06T11:32:56.884,h,1280,720,30,2208,2208,28.495,2,14626430,True,none,130.791,0,0.339,0,1,"SimulcastEncoderAdapter (libvpx, libvpx)",False,L1T3,1700000,video/VP8,1791279176883.419
2026-10-06T11:32:56.884,q,320,180,20,1486,1486,9.95,3,1351947,True,none,130.791,0,0.339,0,1,"SimulcastEncoderAdapter (libvpx, libvpx)",False,L1T3,150000,video/VP8,1791279176883.419
2026-10-06T11:32:58.883,h,1280,720,29,2267,2267,29.318,2,15044151,True,none,132.79,0,0.339,0,1,"SimulcastEncoderAdapter (libvpx, libvpx)",False,L1T3,1700000,video/VP8,1791279178882.448
2026-10-06T11:32:58.883,q,320,180,20,1526,1526,10.213,3,1391176,True,none,132.79,0,0.339,0,1,"SimulcastEncoderAdapter (libvpx, libvpx)",False,L1T3,150000,video/VP8,1791279178882.448
2026-10-06T11:33:00.883,h,1280,720,30,2328,2328,30.217,2,15479746,True,none,134.79,0,0.339,0,1,"SimulcastEncoderAdapter (libvpx, libvpx)",False,L1T3,1688185,video/VP8,1791279180882.448
2026-10-06T11:33:00.883,q,320,180,20,1566,1566,10.49,3,1427456,True,none,134.79,0,0.339,0,1,"SimulcastEncoderAdapter (libvpx, libvpx)",False,L1T3,149803,video/VP8,1791279180882.448
2026-10-06T11:33:02.883,h,1280,720,30,2388,2388,31.114,2,15899055,True,none,136.79,0,0.339,0,1,"SimulcastEncoderAdapter (libvpx, libvpx)",False,L1T3,1700000,video/VP8,1791279182882.485
2026-10-06T11:33:02.883,q,320,180,20,1606,1606,10.781,3,1462179,True,none,136.79,0,0.339,0,1,"SimulcastEncoderAdapter (libvpx, libvpx)",False,L1T3,150000,video/VP8,1791279182882.485
2026-10-06T11:33:04.884,h,1280,720,29,2447,2447,31.993,2,16309942,True,none,138.79,0,0.339,0,1,"SimulcastEncoderAdapter (libvpx, libvpx)",False,L1T3,1686293,video/VP8,1791279184882.239
2026-10-06T11:33:04.884,q,320,180,20,1646,1646,11.092,3,1500146,True,none,138.79,0,0.339,0,1,"SimulcastEncoderAdapter (libvpx, libvpx)",False,L1T3,148303,video/VP8,1791279184882.239
2026-10-06T11:33:06.884,h,1280,720,30,2508,2508,32.873,2,16748048,True,none,140.791,0,0.339,0,1,"SimulcastEncoderAdapter (libvpx, libvpx)",False,L1T3,1700000,video/VP8,1791279186883.585
2026-10-06T11:33:06.884,q,320,180,20,1686,1686,11.393,3,1537996,True,none,140.791,0,0.339,0,1,"SimulcastEncoderAdapter (libvpx, libvpx)",False,L1T3,150000,video/VP8,1791279186883.585
2026-10-06T11:33:08.882,h,1280,720,30,2568,2568,33.712,2,17158364,True,none,142.79,0,0.339,0,1,"SimulcastEncoderAdapter (libvpx, libvpx)",False,L1T3,1687020,video/VP8,1791279188882.173
2026-10-06T11:33:08.882,q,320,180,20,1726,1726,11.671,3,1574848,True,none,142.79,0,0.339,0,1,"SimulcastEncoderAdapter (libvpx, libvpx)",False,L1T3,145023,video/VP8,1791279188882.173
2026-10-06T11:33:10.883,h,1280,720,30,2628,2628,34.562,2,17579035,True,none,144.791,0,0.339,0,1,"SimulcastEncoderAdapter (libvpx, libvpx)",False,L1T3,1700000,video/VP8,1791279190883.233
2026-10-06T11:33:10.883,q,320,180,20,1766,1766,11.944,3,1610307,True,none,144.791,0,0.339,0,1,"SimulcastEncoderAdapter (libvpx, libvpx)",False,L1T3,150000,video/VP8,1791279190883.233
2026-10-06T11:33:12.883,h,1280,720,30,2688,2688,35.429,2,18011283,True,none,146.79,0,0.339,0,1,"SimulcastEncoderAdapter (libvpx, libvpx)",False,L1T3,1700000,video/VP8,1791279192882.398
2026-10-06T11:33:12.883,q,320,180,20,1806,1806,12.206,3,1648192,True,none,146.79,0,0.339,0,1,"SimulcastEncoderAdapter (libvpx, libvpx)",False,L1T3,150000,video/VP8,1791279192882.398
2026-10-06T11:33:14.883,h,1280,720,30,2748,2748,36.298,2,18446942,True,none,148.791,0,0.339,0,1,"SimulcastEncoderAdapter (libvpx, libvpx)",False,L1T3,1684018,video/VP8,1791279194882.886
2026-10-06T11:33:14.883,q,320,180,20,1846,1846,12.462,3,1688212,True,none,148.791,0,0.339,0,1,"SimulcastEncoderAdapter (libvpx, libvpx)",False,L1T3,144255,video/VP8,1791279194882.886
2026-10-06T11:33:16.882,h,1280,720,30,2808,2808,37.149,2,18870381,True,none,150.79,0,0.339,0,1,"SimulcastEncoderAdapter (libvpx, libvpx)",False,L1T3,1687737,video/VP8,1791279196882.199
2026-10-06T11:33:16.882,q,320,180,21,1886,1886,12.733,3,1725233,True,none,150.79,0,0.339,0,1,"SimulcastEncoderAdapter (libvpx, libvpx)",False,L1T3,144395,video/VP8,1791279196882.199
2026-10-06T11:33:18.883,h,1280,720,30,2868,2868,38.018,2,19287246,True,none,152.79,0,0.339,0,1,"SimulcastEncoderAdapter (libvpx, libvpx)",False,L1T3,1700000,video/VP8,1791279198882.699
2026-10-06T11:33:18.883,q,320,180,20,1926,1926,12.991,3,1759659,True,none,152.79,0,0.339,0,1,"SimulcastEncoderAdapter (libvpx, libvpx)",False,L1T3,150000,video/VP8,1791279198882.699
2026-10-06T11:33:20.883,h,1280,720,30,2928,2928,38.864,2,19705565,True,none,154.791,0,0.339,0,1,"SimulcastEncoderAdapter (libvpx, libvpx)",False,L1T3,1700000,video/VP8,1791279200883.006
2026-10-06T11:33:20.883,q,320,180,20,1966,1966,13.248,3,1797747,True,none,154.791,0,0.339,0,1,"SimulcastEncoderAdapter (libvpx, libvpx)",False,L1T3,150000,video/VP8,1791279200883.006
2026-10-06T11:33:22.882,h,1280,720,30,2988,2988,39.702,2,20135191,True,none,156.79,0,0.339,0,1,"SimulcastEncoderAdapter (libvpx, libvpx)",False,L1T3,1700000,video/VP8,1791279202882.102
2026-10-06T11:33:22.882,q,320,180,20,2006,2006,13.493,3,1834446,True,none,156.79,0,0.339,0,1,"SimulcastEncoderAdapter (libvpx, libvpx)",False,L1T3,150000,video/VP8,1791279202882.102
2026-10-06T11:33:24.883,h,1280,720,30,3048,3048,40.508,2,20559918,True,none,158.791,0,0.339,0,1,"SimulcastEncoderAdapter (libvpx, libvpx)",False,L1T3,1695355,video/VP8,1791279204882.939
2026-10-06T11:33:24.883,q,320,180,20,2046,2046,13.734,3,1872734,True,none,158.791,0,0.339,0,1,"SimulcastEncoderAdapter (libvpx, libvpx)",False,L1T3,148117,video/VP8,1791279204882.939
2026-10-06T11:33:26.882,h,1280,720,30,3108,3108,41.294,2,20973500,True,none,160.79,0,0.339,0,1,"SimulcastEncoderAdapter (libvpx, libvpx)",False,L1T3,1700000,video/VP8,1791279206882.345
2026-10-06T11:33:26.882,q,320,180,20,2086,2086,13.979,3,1908534,True,none,160.79,0,0.339,0,1,"SimulcastEncoderAdapter (libvpx, libvpx)",False,L1T3,149073,video/VP8,1791279206882.345
2026-10-06T11:33:28.883,h,1280,720,30,3168,3168,42.15,2,21366780,True,none,162.791,0,0.339,0,1,"SimulcastEncoderAdapter (libvpx, libvpx)",False,L1T3,1333066,video/VP8,1791279208883.071
2026-10-06T11:33:28.883,q,320,180,20,2126,2126,14.232,3,1943567,True,none,162.791,0,0.339,0,1,"SimulcastEncoderAdapter (libvpx, libvpx)",False,L1T3,127120,video/VP8,1791279208883.071
2026-10-06T11:33:30.883,h,1280,720,30,3228,3228,43.12,2,21728746,True,none,164.791,0,0.339,0,1,"SimulcastEncoderAdapter (libvpx, libvpx)",False,L1T3,1229155,video/VP8,1791279210883.091
2026-10-06T11:33:30.883,q,320,180,20,2166,2166,14.518,3,1978779,True,none,164.791,0,0.339,0,1,"SimulcastEncoderAdapter (libvpx, libvpx)",False,L1T3,115065,video/VP8,1791279210883.091
2026-10-06T11:33:32.883,h,1280,720,30,3288,3288,44.06,3,22023466,True,none,166.791,0,0.339,0,1,"SimulcastEncoderAdapter (libvpx, libvpx)",False,L1T3,1296258,video/VP8,1791279212883.068
2026-10-06T11:33:32.883,q,320,180,20,2206,2206,14.796,3,2006006,True,none,166.791,0,0.339,0,1,"SimulcastEncoderAdapter (libvpx, libvpx)",False,L1T3,125295,video/VP8,1791279212883.068
2026-10-06T11:33:34.882,h,1280,720,30,3348,3348,44.711,3,22368680,True,none,168.79,0,0.339,0,1,"SimulcastEncoderAdapter (libvpx, libvpx)",False,L1T3,1237133,video/VP8,1791279214882.215
2026-10-06T11:33:34.882,q,320,180,20,2246,2246,15.01,3,2038739,True,none,168.79,0,0.339,0,1,"SimulcastEncoderAdapter (libvpx, libvpx)",False,L1T3,117585,video/VP8,1791279214882.215
2026-10-06T11:33:36.884,h,1280,720,31,3408,3408,45.497,3,22666902,True,none,170.791,0,0.339,0,1,"SimulcastEncoderAdapter (libvpx, libvpx)",False,L1T3,1301564,video/VP8,1791279216883.581
2026-10-06T11:33:36.884,q,320,180,20,2286,2286,15.246,3,2064948,True,none,170.791,0,0.339,0,1,"SimulcastEncoderAdapter (libvpx, libvpx)",False,L1T3,125970,video/VP8,1791279216883.581
2026-10-06T11:33:38.882,h,1280,720,30,3468,3468,46.353,3,22987020,True,none,172.79,0,0.339,0,1,"SimulcastEncoderAdapter (libvpx, libvpx)",False,L1T3,1349514,video/VP8,1791279218881.959
2026-10-06T11:33:38.882,q,320,180,20,2326,2326,15.524,3,2096800,True,none,172.79,0,0.339,0,1,"SimulcastEncoderAdapter (libvpx, libvpx)",False,L1T3,131237,video/VP8,1791279218881.959
2026-10-06T11:33:40.883,h,1280,720,30,3528,3528,47.251,3,23337589,True,none,174.791,0,0.339,0,1,"SimulcastEncoderAdapter (libvpx, libvpx)",False,L1T3,1347377,video/VP8,1791279220883.116
2026-10-06T11:33:40.883,q,320,180,20,2366,2366,15.821,3,2129046,True,none,174.791,0,0.339,0,1,"SimulcastEncoderAdapter (libvpx, libvpx)",False,L1T3,127098,video/VP8,1791279220883.116
2026-10-06T11:33:42.883,h,1280,720,30,3588,3588,47.983,3,23659516,True,none,176.791,0,0.339,0,1,"SimulcastEncoderAdapter (libvpx, libvpx)",False,L1T3,1363016,video/VP8,1791279222882.801
2026-10-06T11:33:42.883,q,320,180,20,2406,2406,16.054,3,2160474,True,none,176.791,0,0.339,0,1,"SimulcastEncoderAdapter (libvpx, libvpx)",False,L1T3,131522,video/VP8,1791279222882.801
2026-10-06T11:33:44.883,h,1280,720,30,3648,3648,48.543,3,24005510,True,none,178.791,0,0.339,0,1,"SimulcastEncoderAdapter (libvpx, libvpx)",False,L1T3,1375349,video/VP8,1791279224882.988
2026-10-06T11:33:44.883,q,320,180,20,2446,2446,16.238,3,2193375,True,none,178.791,0,0.339,0,1,"SimulcastEncoderAdapter (libvpx, libvpx)",False,L1T3,131295,video/VP8,1791279224882.988
2026-10-06T11:33:46.882,h,1280,720,30,3708,3708,49.191,3,24359027,True,none,180.79,0,0.339,0,1,"SimulcastEncoderAdapter (libvpx, libvpx)",False,L1T3,1397617,video/VP8,1791279226882.332
2026-10-06T11:33:46.882,q,320,180,20,2486,2486,16.442,3,2226931,True,none,180.79,0,0.339,0,1,"SimulcastEncoderAdapter (libvpx, libvpx)",False,L1T3,121587,video/VP8,1791279226882.332
2026-10-06T11:33:48.883,h,1280,720,30,3768,3768,50.045,3,24706049,True,none,182.79,0,0.339,0,1,"SimulcastEncoderAdapter (libvpx, libvpx)",False,L1T3,1386032,video/VP8,1791279228882.44
2026-10-06T11:33:48.883,q,320,180,20,2526,2526,16.727,3,2261415,True,none,182.79,0,0.339,0,1,"SimulcastEncoderAdapter (libvpx, libvpx)",False,L1T3,102520,video/VP8,1791279228882.44
2026-10-06T11:33:50.883,h,1280,720,30,3828,3828,50.95,3,25043779,True,none,184.79,0,0.339,0,1,"SimulcastEncoderAdapter (libvpx, libvpx)",False,L1T3,1426485,video/VP8,1791279230882.57
2026-10-06T11:33:50.883,q,320,180,20,2566,2566,17.009,3,2283482,True,none,184.79,0,0.339,0,1,"SimulcastEncoderAdapter (libvpx, libvpx)",False,L1T3,124795,video/VP8,1791279230882.57
2026-10-06T11:33:52.883,h,1280,720,30,3888,3888,51.86,3,25404834,True,none,186.791,0,0.339,0,1,"SimulcastEncoderAdapter (libvpx, libvpx)",False,L1T3,1441837,video/VP8,1791279232882.99
2026-10-06T11:33:52.883,q,320,180,20,2606,2606,17.28,3,2317422,True,none,186.791,0,0.339,0,1,"SimulcastEncoderAdapter (libvpx, libvpx)",False,L1T3,137058,video/VP8,1791279232882.99
2026-10-06T11:33:54.883,h,1280,720,30,3948,3948,52.723,3,25769147,True,none,188.791,0,0.339,0,1,"SimulcastEncoderAdapter (libvpx, libvpx)",False,L1T3,1441895,video/VP8,1791279234882.877
2026-10-06T11:33:54.883,q,320,180,20,2646,2646,17.55,3,2351705,True,none,188.791,0,0.339,0,1,"SimulcastEncoderAdapter (libvpx, libvpx)",False,L1T3,132438,video/VP8,1791279234882.877
2026-10-06T11:33:56.883,h,1280,720,30,4008,4008,53.647,3,26125584,True,none,190.79,0,0.339,0,1,"SimulcastEncoderAdapter (libvpx, libvpx)",False,L1T3,1450274,video/VP8,1791279236882.703
2026-10-06T11:33:56.883,q,320,180,20,2686,2686,17.812,3,2384301,True,none,190.79,0,0.339,0,1,"SimulcastEncoderAdapter (libvpx, libvpx)",False,L1T3,127277,video/VP8,1791279236882.703
2026-10-06T11:33:58.882,h,1280,720,30,4068,4068,54.559,3,26495135,True,none,192.79,0,0.339,0,1,"SimulcastEncoderAdapter (libvpx, libvpx)",False,L1T3,1457748,video/VP8,1791279238882.281
2026-10-06T11:33:58.882,q,320,180,20,2726,2726,18.074,3,2417971,True,none,192.79,0,0.339,0,1,"SimulcastEncoderAdapter (libvpx, libvpx)",False,L1T3,127883,video/VP8,1791279238882.281
2026-10-06T11:34:00.895,h,1280,720,30,4128,4128,55.512,3,26860377,True,none,194.802,0,0.339,0,1,"SimulcastEncoderAdapter (libvpx, libvpx)",False,L1T3,1458560,video/VP8,1791279240894.688
2026-10-06T11:34:00.895,q,320,180,20,2766,2766,18.36,3,2448496,True,none,194.802,0,0.339,0,1,"SimulcastEncoderAdapter (libvpx, libvpx)",False,L1T3,128497,video/VP8,1791279240894.688
2026-10-06T11:34:02.883,h,1280,720,30,4188,4188,56.237,3,27217684,True,none,196.79,0,0.339,0,1,"SimulcastEncoderAdapter (libvpx, libvpx)",False,L1T3,1480393,video/VP8,1791279242882.788
2026-10-06T11:34:02.883,q,320,180,20,2806,2806,18.586,3,2477553,True,none,196.79,0,0.339,0,1,"SimulcastEncoderAdapter (libvpx, libvpx)",False,L1T3,138945,video/VP8,1791279242882.788
2026-10-06T11:34:04.883,h,1280,720,30,4248,4248,57.027,3,27585053,True,none,198.791,0,0.339,0,1,"SimulcastEncoderAdapter (libvpx, libvpx)",False,L1T3,1475846,video/VP8,1791279244882.876
2026-10-06T11:34:04.883,q,320,180,20,2846,2846,18.836,3,2512996,True,none,198.791,0,0.339,0,1,"SimulcastEncoderAdapter (libvpx, libvpx)",False,L1T3,127055,video/VP8,1791279244882.876
2026-10-06T11:34:06.883,h,1280,720,30,4308,4308,57.857,3,27953132,True,none,200.791,0,0.339,0,1,"SimulcastEncoderAdapter (libvpx, libvpx)",False,L1T3,1493680,video/VP8,1791279246882.922
2026-10-06T11:34:06.883,q,320,180,20,2886,2886,19.088,3,2544797,True,none,200.791,0,0.339,0,1,"SimulcastEncoderAdapter (libvpx, libvpx)",False,L1T3,120630,video/VP8,1791279246882.922
2026-10-06T11:34:08.882,h,1280,720,30,4368,4368,58.715,3,28321503,True,none,202.79,0,0.339,0,1,"SimulcastEncoderAdapter (libvpx, libvpx)",False,L1T3,1476037,video/VP8,1791279248882.211
2026-10-06T11:34:08.882,q,320,180,20,2926,2926,19.363,3,2575877,True,none,202.79,0,0.339,0,1,"SimulcastEncoderAdapter (libvpx, libvpx)",False,L1T3,119287,video/VP8,1791279248882.211
2026-10-06T11:34:10.883,h,1280,720,30,4428,4428,59.54,3,28684367,True,none,204.791,0,0.339,0,1,"SimulcastEncoderAdapter (libvpx, libvpx)",False,L1T3,1497644,video/VP8,1791279250883.111
2026-10-06T11:34:10.883,q,320,180,20,2966,2966,19.624,3,2604760,True,none,204.791,0,0.339,0,1,"SimulcastEncoderAdapter (libvpx, libvpx)",False,L1T3,134475,video/VP8,1791279250883.111
2026-10-06T11:34:12.882,h,1280,720,30,4488,4488,60.314,3,29063088,True,none,206.79,0,0.339,0,1,"SimulcastEncoderAdapter (libvpx, libvpx)",False,L1T3,1506629,video/VP8,1791279252882.405
2026-10-06T11:34:12.882,q,320,180,20,3006,3006,19.899,3,2638557,True,none,206.79,0,0.339,0,1,"SimulcastEncoderAdapter (libvpx, libvpx)",False,L1T3,129337,video/VP8,1791279252882.405
2026-10-06T11:34:14.884,h,1280,720,30,4548,4548,61.179,3,29452211,True,none,208.791,0,0.339,0,1,"SimulcastEncoderAdapter (libvpx, libvpx)",False,L1T3,1481125,video/VP8,1791279254883.811
2026-10-06T11:34:14.884,q,320,180,20,3046,3046,20.187,3,2673154,True,none,208.791,0,0.339,0,1,"SimulcastEncoderAdapter (libvpx, libvpx)",False,L1T3,121767,video/VP8,1791279254883.811
2026-10-06T11:34:16.883,h,1280,720,30,4608,4608,62.099,3,29818740,True,none,210.79,0,0.339,0,1,"SimulcastEncoderAdapter (libvpx, libvpx)",False,L1T3,1475887,video/VP8,1791279256882.675
2026-10-06T11:34:16.883,q,320,180,20,3086,3086,20.497,3,2703215,True,none,210.79,0,0.339,0,1,"SimulcastEncoderAdapter (libvpx, libvpx)",False,L1T3,118088,video/VP8,1791279256882.675
2026-10-06T11:34:18.883,h,1280,720,30,4668,4668,62.974,3,30193782,True,none,212.79,0,0.339,0,1,"SimulcastEncoderAdapter (libvpx, libvpx)",False,L1T3,1516436,video/VP8,1791279258882.518
2026-10-06T11:34:18.883,q,320,180,20,3126,3126,20.784,3,2732871,True,none,212.79,0,0.339,0,1,"SimulcastEncoderAdapter (libvpx, libvpx)",False,L1T3,132290,video/VP8,1791279258882.518
2026-10-06T11:34:20.883,h,1280,720,30,4726,4726,63.777,3,30537159,True,none,214.79,0,0.339,0,1,"SimulcastEncoderAdapter (libvpx, libvpx)",False,L1T3,1520745,video/VP8,1791279260882.42
2026-10-06T11:34:20.883,q,320,180,21,3165,3165,21.05,3,2763563,True,none,214.79,0,0.339,0,1,"SimulcastEncoderAdapter (libvpx, libvpx)",False,L1T3,131285,video/VP8,1791279260882.42
2026-10-06T11:34:22.884,h,1280,720,30,4786,4786,64.522,4,30914949,True,none,216.791,0,0.339,0,1,"SimulcastEncoderAdapter (libvpx, libvpx)",False,L1T3,1510659,video/VP8,1791279262883.533
2026-10-06T11:34:22.884,q,320,180,21,3205,3205,21.322,4,2798786,True,none,216.791,0,0.339,0,1,"SimulcastEncoderAdapter (libvpx, libvpx)",False,L1T3,128390,video/VP8,1791279262883.533
2026-10-06T11:34:24.883,h,1280,720,30,4846,4846,65.244,4,31291977,True,none,218.791,0,0.339,0,1,"SimulcastEncoderAdapter (libvpx, libvpx)",False,L1T3,1458375,video/VP8,1791279264883.151
2026-10-06T11:34:24.883,q,320,180,20,3245,3245,21.576,4,2826000,True,none,218.791,0,0.339,0,1,"SimulcastEncoderAdapter (libvpx, libvpx)",False,L1T3,116403,video/VP8,1791279264883.151
2026-10-06T11:34:26.883,h,1280,720,29,4905,4905,65.974,4,31657804,True,none,220.791,0,0.339,0,1,"SimulcastEncoderAdapter (libvpx, libvpx)",False,L1T3,1557723,video/VP8,1791279266883.095
2026-10-06T11:34:26.883,q,320,180,21,3285,3285,21.846,4,2854402,True,none,220.791,0,0.339,0,1,"SimulcastEncoderAdapter (libvpx, libvpx)",False,L1T3,131935,video/VP8,1791279266883.095
2026-10-06T11:34:28.882,h,1280,720,21,4957,4957,66.64,4,31991112,False,none,222.79,0,0.339,0,1,"SimulcastEncoderAdapter (libvpx, libvpx)",False,L1T3,1554746,video/VP8,1791279268881.906
2026-10-06T11:34:28.882,q,320,180,14,3319,3319,22.059,4,2883536,False,none,222.79,0,0.339,0,1,"SimulcastEncoderAdapter (libvpx, libvpx)",False,L1T3,131105,video/VP8,1791279268881.906
2026-10-06T11:34:30.884,h,1280,720,,4957,4957,66.64,4,31991112,False,none,224.791,0,0.339,0,1,"SimulcastEncoderAdapter (libvpx, libvpx)",False,L1T3,1554746,video/VP8,1791279270883.364
2026-10-06T11:34:30.884,q,320,180,,3319,3319,22.059,4,2883536,False,none,224.791,0,0.339,0,1,"SimulcastEncoderAdapter (libvpx, libvpx)",False,L1T3,131105,video/VP8,1791279270883.364
2026-10-06T11:34:32.883,h,1280,720,,4957,4957,66.64,4,31991112,False,none,226.791,0,0.339,0,1,"SimulcastEncoderAdapter (libvpx, libvpx)",False,L1T3,1554746,video/VP8,1791279272882.877
2026-10-06T11:34:32.883,q,320,180,,3319,3319,22.059,4,2883536,False,none,226.791,0,0.339,0,1,"SimulcastEncoderAdapter (libvpx, libvpx)",False,L1T3,131105,video/VP8,1791279272882.877
2026-10-06T11:34:34.884,h,,,,4957,4957,66.64,4,31991112,False,none,228.791,0,0.339,0,1,"SimulcastEncoderAdapter (libvpx, libvpx)",False,L1T3,1554746,video/VP8,1791279274883.444
2026-10-06T11:34:34.884,q,,,,3319,3319,22.059,4,2883536,False,none,228.791,0,0.339,0,1,"SimulcastEncoderAdapter (libvpx, libvpx)",False,L1T3,131105,video/VP8,1791279274883.444
2026-10-06T11:34:36.883,h,,,,4957,4957,66.64,4,31991112,False,none,230.791,0,0.339,0,1,"SimulcastEncoderAdapter (libvpx, libvpx)",False,L1T3,1554746,video/VP8,1791279276883.215
2026-10-06T11:34:36.883,q,,,,3319,3319,22.059,4,2883536,False,none,230.791,0,0.339,0,1,"SimulcastEncoderAdapter (libvpx, libvpx)",False,L1T3,131105,video/VP8,1791279276883.215
2026-10-06T11:34:38.882,h,,,,4957,4957,66.64,4,31991112,False,none,232.79,0,0.339,0,1,"SimulcastEncoderAdapter (libvpx, libvpx)",False,L1T3,1554746,video/VP8,1791279278882.148
2026-10-06T11:34:38.882,q,,,,3319,3319,22.059,4,2883536,False,none,232.79,0,0.339,0,1,"SimulcastEncoderAdapter (libvpx, libvpx)",False,L1T3,131105,video/VP8,1791279278882.148
2026-10-06T11:34:40.882,h,,,,4957,4957,66.64,4,31991112,False,none,234.79,0,0.339,0,1,"SimulcastEncoderAdapter (libvpx, libvpx)",False,L1T3,1554746,video/VP8,1791279280882.36
2026-10-06T11:34:40.882,q,,,,3319,3319,22.059,4,2883536,False,none,234.79,0,0.339,0,1,"SimulcastEncoderAdapter (libvpx, libvpx)",False,L1T3,131105,video/VP8,1791279280882.36
2026-10-06T11:34:42.884,h,,,,4957,4957,66.64,4,31991112,False,none,236.791,0,0.339,0,1,"SimulcastEncoderAdapter (libvpx, libvpx)",False,L1T3,1554746,video/VP8,1791279282883.66
2026-10-06T11:34:42.884,q,,,,3319,3319,22.059,4,2883536,False,none,236.791,0,0.339,0,1,"SimulcastEncoderAdapter (libvpx, libvpx)",False,L1T3,131105,video/VP8,1791279282883.66
2026-10-06T11:34:44.883,h,,,,4957,4957,66.64,4,31991112,False,none,238.79,0,0.339,0,1,"SimulcastEncoderAdapter (libvpx, libvpx)",False,L1T3,1554746,video/VP8,1791279284882.527
2026-10-06T11:34:44.883,q,,,,3319,3319,22.059,4,2883536,False,none,238.79,0,0.339,0,1,"SimulcastEncoderAdapter (libvpx, libvpx)",False,L1T3,131105,video/VP8,1791279284882.527
2026-10-06T11:34:46.884,h,,,,4957,4957,66.64,4,31991112,False,none,240.791,0,0.339,0,1,"SimulcastEncoderAdapter (libvpx, libvpx)",False,L1T3,1554746,video/VP8,1791279286883.556
2026-10-06T11:34:46.884,q,,,,3319,3319,22.059,4,2883536,False,none,240.791,0,0.339,0,1,"SimulcastEncoderAdapter (libvpx, libvpx)",False,L1T3,131105,video/VP8,1791279286883.556
2026-10-06T11:34:48.883,h,,,,4957,4957,66.64,4,31991112,False,none,242.79,0,0.339,0,1,"SimulcastEncoderAdapter (libvpx, libvpx)",False,L1T3,1554746,video/VP8,1791279288882.374
2026-10-06T11:34:48.883,q,,,,3319,3319,22.059,4,2883536,False,none,242.79,0,0.339,0,1,"SimulcastEncoderAdapter (libvpx, libvpx)",False,L1T3,131105,video/VP8,1791279288882.374
2026-10-06T11:34:50.883,h,,,,4957,4957,66.64,4,31991112,False,none,244.791,0,0.339,0,1,"SimulcastEncoderAdapter (libvpx, libvpx)",False,L1T3,1554746,video/VP8,1791279290882.958
2026-10-06T11:34:50.883,q,,,,3319,3319,22.059,4,2883536,False,none,244.791,0,0.339,0,1,"SimulcastEncoderAdapter (libvpx, libvpx)",False,L1T3,131105,video/VP8,1791279290882.958
2026-10-06T11:34:52.883,h,,,,4957,4957,66.64,4,31991112,False,none,246.79,0,0.339,0,1,"SimulcastEncoderAdapter (libvpx, libvpx)",False,L1T3,1554746,video/VP8,1791279292882.677
2026-10-06T11:34:52.883,q,,,,3319,3319,22.059,4,2883536,False,none,246.79,0,0.339,0,1,"SimulcastEncoderAdapter (libvpx, libvpx)",False,L1T3,131105,video/VP8,1791279292882.677
2026-10-06T11:34:54.883,h,,,,4957,4957,66.64,4,31991112,False,none,248.79,0,0.339,0,1,"SimulcastEncoderAdapter (libvpx, libvpx)",False,L1T3,1554746,video/VP8,1791279294882.548
2026-10-06T11:34:54.883,q,,,,3319,3319,22.059,4,2883536,False,none,248.79,0,0.339,0,1,"SimulcastEncoderAdapter (libvpx, libvpx)",False,L1T3,131105,video/VP8,1791279294882.548
2026-10-06T11:34:56.883,h,,,,4957,4957,66.64,4,31991112,False,none,250.79,0,0.339,0,1,"SimulcastEncoderAdapter (libvpx, libvpx)",False,L1T3,1554746,video/VP8,1791279296882.408
2026-10-06T11:34:56.883,q,,,,3319,3319,22.059,4,2883536,False,none,250.79,0,0.339,0,1,"SimulcastEncoderAdapter (libvpx, libvpx)",False,L1T3,131105,video/VP8,1791279296882.408
2026-10-06T11:34:58.883,h,,,,4957,4957,66.64,4,31991112,False,none,252.791,0,0.339,0,1,"SimulcastEncoderAdapter (libvpx, libvpx)",False,L1T3,1554746,video/VP8,1791279298882.77
2026-10-06T11:34:58.883,q,,,,3319,3319,22.059,4,2883536,False,none,252.791,0,0.339,0,1,"SimulcastEncoderAdapter (libvpx, libvpx)",False,L1T3,131105,video/VP8,1791279298882.77
2026-10-06T11:35:00.883,h,,,,4957,4957,66.64,4,31991112,False,none,254.791,0,0.339,0,1,"SimulcastEncoderAdapter (libvpx, libvpx)",False,L1T3,1554746,video/VP8,1791279300883.141
2026-10-06T11:35:00.883,q,,,,3319,3319,22.059,4,2883536,False,none,254.791,0,0.339,0,1,"SimulcastEncoderAdapter (libvpx, libvpx)",False,L1T3,131105,video/VP8,1791279300883.141
2026-10-06T11:35:02.883,h,,,,4957,4957,66.64,4,31991112,False,none,256.791,0,0.339,0,1,"SimulcastEncoderAdapter (libvpx, libvpx)",False,L1T3,1554746,video/VP8,1791279302883.158
2026-10-06T11:35:02.883,q,,,,3319,3319,22.059,4,2883536,False,none,256.791,0,0.339,0,1,"SimulcastEncoderAdapter (libvpx, libvpx)",False,L1T3,131105,video/VP8,1791279302883.158
2026-10-06T11:35:04.884,h,,,,4957,4957,66.64,4,31991112,False,none,258.791,0,0.339,0,1,"SimulcastEncoderAdapter (libvpx, libvpx)",False,L1T3,1554746,video/VP8,1791279304883.686
2026-10-06T11:35:04.884,q,,,,3319,3319,22.059,4,2883536,False,none,258.791,0,0.339,0,1,"SimulcastEncoderAdapter (libvpx, libvpx)",False,L1T3,131105,video/VP8,1791279304883.686
2026-10-06T11:35:06.883,h,,,,4957,4957,66.64,4,31991112,False,none,260.791,0,0.339,0,1,"SimulcastEncoderAdapter (libvpx, libvpx)",False,L1T3,1554746,video/VP8,1791279306882.845
2026-10-06T11:35:06.883,q,,,,3319,3319,22.059,4,2883536,False,none,260.791,0,0.339,0,1,"SimulcastEncoderAdapter (libvpx, libvpx)",False,L1T3,131105,video/VP8,1791279306882.845
2026-10-06T11:35:08.883,h,,,,4957,4957,66.64,4,31991112,False,none,262.791,0,0.339,0,1,"SimulcastEncoderAdapter (libvpx, libvpx)",False,L1T3,1554746,video/VP8,1791279308883.166
2026-10-06T11:35:08.883,q,,,,3319,3319,22.059,4,2883536,False,none,262.791,0,0.339,0,1,"SimulcastEncoderAdapter (libvpx, libvpx)",False,L1T3,131105,video/VP8,1791279308883.166
2026-10-06T11:35:10.883,h,,,,4957,4957,66.64,4,31991112,False,none,264.79,0,0.339,0,1,"SimulcastEncoderAdapter (libvpx, libvpx)",False,L1T3,1554746,video/VP8,1791279310882.777
2026-10-06T11:35:10.883,q,,,,3319,3319,22.059,4,2883536,False,none,264.79,0,0.339,0,1,"SimulcastEncoderAdapter (libvpx, libvpx)",False,L1T3,131105,video/VP8,1791279310882.777
2026-10-06T11:35:12.883,h,,,,4957,4957,66.64,4,31991112,False,none,266.791,0,0.339,0,1,"SimulcastEncoderAdapter (libvpx, libvpx)",False,L1T3,1554746,video/VP8,1791279312883.278
2026-10-06T11:35:12.883,q,,,,3319,3319,22.059,4,2883536,False,none,266.791,0,0.339,0,1,"SimulcastEncoderAdapter (libvpx, libvpx)",False,L1T3,131105,video/VP8,1791279312883.278
2026-10-06T11:35:14.883,h,,,,4957,4957,66.64,4,31991112,False,none,268.791,0,0.339,0,1,"SimulcastEncoderAdapter (libvpx, libvpx)",False,L1T3,1554746,video/VP8,1791279314882.84
2026-10-06T11:35:14.883,q,,,,3319,3319,22.059,4,2883536,False,none,268.791,0,0.339,0,1,"SimulcastEncoderAdapter (libvpx, libvpx)",False,L1T3,131105,video/VP8,1791279314882.84
2026-10-06T11:35:16.882,h,,,,4957,4957,66.64,4,31991112,False,none,270.79,0,0.339,0,1,"SimulcastEncoderAdapter (libvpx, libvpx)",False,L1T3,1554746,video/VP8,1791279316882.297
2026-10-06T11:35:16.882,q,,,,3319,3319,22.059,4,2883536,False,none,270.79,0,0.339,0,1,"SimulcastEncoderAdapter (libvpx, libvpx)",False,L1T3,131105,video/VP8,1791279316882.297
2026-10-06T11:35:18.883,h,1280,720,30,4991,4991,67.005,6,32148132,True,none,272.791,0,0.339,0,1,"SimulcastEncoderAdapter (libvpx, libvpx)",False,L1T3,1700000,video/VP8,1791279318883.112
2026-10-06T11:35:18.883,q,320,180,20,3342,3342,22.185,6,2901580,True,none,272.791,0,0.339,0,1,"SimulcastEncoderAdapter (libvpx, libvpx)",False,L1T3,150000,video/VP8,1791279318883.112
2026-10-06T11:35:20.883,h,1280,720,30,5051,5051,67.561,7,32567941,True,none,274.79,0,0.339,0,1,"SimulcastEncoderAdapter (libvpx, libvpx)",False,L1T3,1700000,video/VP8,1791279320882.447
2026-10-06T11:35:20.883,q,320,180,20,3382,3382,22.361,7,2935586,True,none,274.79,0,0.339,0,1,"SimulcastEncoderAdapter (libvpx, libvpx)",False,L1T3,150000,video/VP8,1791279320882.447
2026-10-06T11:35:22.883,h,1280,720,30,5111,5111,68.168,7,32998601,True,none,276.791,0,0.339,0,1,"SimulcastEncoderAdapter (libvpx, libvpx)",False,L1T3,1700000,video/VP8,1791279322883.197
2026-10-06T11:35:22.883,q,320,180,20,3422,3422,22.564,7,2970664,True,none,276.791,0,0.339,0,1,"SimulcastEncoderAdapter (libvpx, libvpx)",False,L1T3,150000,video/VP8,1791279322883.197
2026-10-06T11:35:24.883,h,1280,720,30,5171,5171,68.863,7,33443373,True,none,278.791,0,0.339,0,1,"SimulcastEncoderAdapter (libvpx, libvpx)",False,L1T3,1652412,video/VP8,1791279324882.959
2026-10-06T11:35:24.883,q,320,180,20,3462,3462,22.805,7,3011205,True,none,278.791,0,0.339,0,1,"SimulcastEncoderAdapter (libvpx, libvpx)",False,L1T3,150000,video/VP8,1791279324882.959
2026-10-06T11:35:26.883,h,1280,720,30,5231,5231,69.63,7,33865865,True,none,280.79,0,0.339,0,1,"SimulcastEncoderAdapter (libvpx, libvpx)",False,L1T3,1698522,video/VP8,1791279326882.455
2026-10-06T11:35:26.883,q,320,180,20,3502,3502,23.069,7,3048268,True,none,280.79,0,0.339,0,1,"SimulcastEncoderAdapter (libvpx, libvpx)",False,L1T3,145610,video/VP8,1791279326882.455
2026-10-06T11:35:28.883,h,1280,720,29,5290,5290,70.433,7,34277963,True,none,282.791,0,0.339,0,1,"SimulcastEncoderAdapter (libvpx, libvpx)",False,L1T3,1700000,video/VP8,1791279328883.158
2026-10-06T11:35:28.883,q,320,180,20,3542,3542,23.348,7,3086415,True,none,282.791,0,0.339,0,1,"SimulcastEncoderAdapter (libvpx, libvpx)",False,L1T3,150000,video/VP8,1791279328883.158
2026-10-06T11:35:30.882,h,1280,720,29,5350,5350,71.341,7,34723093,True,none,284.79,0,0.339,0,1,"SimulcastEncoderAdapter (libvpx, libvpx)",False,L1T3,1674115,video/VP8,1791279330881.921
2026-10-06T11:35:30.882,q,320,180,20,3582,3582,23.684,7,3128255,True,none,284.79,0,0.339,0,1,"SimulcastEncoderAdapter (libvpx, libvpx)",False,L1T3,144572,video/VP8,1791279330881.921
2026-10-06T11:35:32.883,h,1280,720,30,5411,5411,72.156,7,35111201,True,none,286.79,0,0.339,0,1,"SimulcastEncoderAdapter (libvpx, libvpx)",False,L1T3,1700000,video/VP8,1791279332882.504
2026-10-06T11:35:32.883,q,320,180,20,3622,3622,23.954,7,3158303,True,none,286.79,0,0.339,0,1,"SimulcastEncoderAdapter (libvpx, libvpx)",False,L1T3,150000,video/VP8,1791279332882.504
2026-10-06T11:35:34.883,h,1280,720,30,5471,5471,73.02,7,35572521,True,none,288.791,0,0.339,0,1,"SimulcastEncoderAdapter (libvpx, libvpx)",False,L1T3,1700000,video/VP8,1791279334882.964
2026-10-06T11:35:34.883,q,320,180,20,3662,3662,24.256,7,3200197,True,none,288.791,0,0.339,0,1,"SimulcastEncoderAdapter (libvpx, libvpx)",False,L1T3,150000,video/VP8,1791279334882.964
2026-10-06T11:35:36.883,h,1280,720,30,5531,5531,73.832,7,35969513,True,none,290.791,0,0.339,0,1,"SimulcastEncoderAdapter (libvpx, libvpx)",False,L1T3,1700000,video/VP8,1791279336883.245
2026-10-06T11:35:36.883,q,320,180,20,3702,3702,24.549,7,3230705,True,none,290.791,0,0.339,0,1,"SimulcastEncoderAdapter (libvpx, libvpx)",False,L1T3,150000,video/VP8,1791279336883.245
2026-10-06T11:35:38.883,h,1280,720,29,5590,5590,74.591,7,36388668,True,none,292.79,0,0.339,0,1,"SimulcastEncoderAdapter (libvpx, libvpx)",False,L1T3,1700000,video/VP8,1791279338882.509
2026-10-06T11:35:38.883,q,320,180,20,3742,3742,24.812,7,3268111,True,none,292.79,0,0.339,0,1,"SimulcastEncoderAdapter (libvpx, libvpx)",False,L1T3,150000,video/VP8,1791279338882.509
2026-10-06T11:35:40.883,h,1280,720,29,5650,5650,75.417,7,36831646,True,none,294.79,0,0.339,0,1,"SimulcastEncoderAdapter (libvpx, libvpx)",False,L1T3,1700000,video/VP8,1791279340882.68
2026-10-06T11:35:40.883,q,320,180,20,3782,3782,25.118,7,3307078,True,none,294.79,0,0.339,0,1,"SimulcastEncoderAdapter (libvpx, libvpx)",False,L1T3,150000,video/VP8,1791279340882.68
2026-10-06T11:35:42.882,h,1280,720,30,5711,5711,76.28,7,37239153,True,none,296.79,0,0.339,0,1,"SimulcastEncoderAdapter (libvpx, libvpx)",False,L1T3,1700000,video/VP8,1791279342882.329
2026-10-06T11:35:42.882,q,320,180,20,3822,3822,25.427,7,3343814,True,none,296.79,0,0.339,0,1,"SimulcastEncoderAdapter (libvpx, libvpx)",False,L1T3,148682,video/VP8,1791279342882.329
2026-10-06T11:35:44.883,h,1280,720,30,5771,5771,77.203,7,37671478,True,none,298.791,0,0.339,0,1,"SimulcastEncoderAdapter (libvpx, libvpx)",False,L1T3,1700000,video/VP8,1791279344882.875
2026-10-06T11:35:44.883,q,320,180,20,3862,3862,25.77,7,3381051,True,none,298.791,0,0.339,0,1,"SimulcastEncoderAdapter (libvpx, libvpx)",False,L1T3,150000,video/VP8,1791279344882.875
2026-10-06T11:35:46.883,h,1280,720,30,5831,5831,77.839,7,38104585,True,none,300.791,0,0.339,0,1,"SimulcastEncoderAdapter (libvpx, libvpx)",False,L1T3,1700000,video/VP8,1791279346882.965
2026-10-06T11:35:46.883,q,320,180,20,3902,3902,25.982,7,3419527,True,none,300.791,0,0.339,0,1,"SimulcastEncoderAdapter (libvpx, libvpx)",False,L1T3,146807,video/VP8,1791279346882.965
2026-10-06T11:35:48.883,h,1280,720,29,5890,5890,78.607,7,38534375,True,none,302.79,0,0.339,0,1,"SimulcastEncoderAdapter (libvpx, libvpx)",False,L1T3,1667372,video/VP8,1791279348882.751
2026-10-06T11:35:48.883,q,320,180,20,3942,3942,26.276,7,3461115,True,none,302.79,0,0.339,0,1,"SimulcastEncoderAdapter (libvpx, libvpx)",False,L1T3,140468,video/VP8,1791279348882.751
2026-10-06T11:35:50.884,h,1280,720,30,5951,5951,79.488,7,38915085,True,none,304.791,0,0.339,0,1,"SimulcastEncoderAdapter (libvpx, libvpx)",False,L1T3,1700000,video/VP8,1791279350883.789
2026-10-06T11:35:50.884,q,320,180,20,3982,3982,26.606,7,3487700,True,none,304.791,0,0.339,0,1,"SimulcastEncoderAdapter (libvpx, libvpx)",False,L1T3,150000,video/VP8,1791279350883.789
2026-10-06T11:35:52.883,h,1280,720,29,6010,6010,80.274,7,39348107,True,none,306.79,0,0.339,0,1,"SimulcastEncoderAdapter (libvpx, libvpx)",False,L1T3,1697568,video/VP8,1791279352882.234
2026-10-06T11:35:52.883,q,320,180,20,4022,4022,26.876,7,3527926,True,none,306.79,0,0.339,0,1,"SimulcastEncoderAdapter (libvpx, libvpx)",False,L1T3,150000,video/VP8,1791279352882.234
2026-10-06T11:35:54.883,h,1280,720,30,6071,6071,81.183,7,39777961,True,none,308.79,0,0.339,0,1,"SimulcastEncoderAdapter (libvpx, libvpx)",False,L1T3,1700000,video/VP8,1791279354882.486
2026-10-06T11:35:54.883,q,320,180,20,4062,4062,27.223,7,3566408,True,none,308.79,0,0.339,0,1,"SimulcastEncoderAdapter (libvpx, libvpx)",False,L1T3,148768,video/VP8,1791279354882.486
2026-10-06T11:35:56.883,h,1280,720,29,6130,6130,81.93,7,40203787,True,none,310.79,0,0.339,0,1,"SimulcastEncoderAdapter (libvpx, libvpx)",False,L1T3,1670517,video/VP8,1791279356882.548
2026-10-06T11:35:56.883,q,320,180,20,4102,4102,27.499,7,3604959,True,none,310.79,0,0.339,0,1,"SimulcastEncoderAdapter (libvpx, libvpx)",False,L1T3,144460,video/VP8,1791279356882.548
2026-10-06T11:35:58.883,h,1280,720,29,6190,6190,82.741,7,40623762,True,none,312.79,0,0.339,0,1,"SimulcastEncoderAdapter (libvpx, libvpx)",False,L1T3,1700000,video/VP8,1791279358882.572
2026-10-06T11:35:58.883,q,320,180,20,4142,4142,27.817,7,3641694,True,none,312.79,0,0.339,0,1,"SimulcastEncoderAdapter (libvpx, libvpx)",False,L1T3,150000,video/VP8,1791279358882.572
2026-10-06T11:36:00.883,h,1280,720,29,6250,6250,83.613,7,41047454,True,none,314.79,0,0.339,0,1,"SimulcastEncoderAdapter (libvpx, libvpx)",False,L1T3,1700000,video/VP8,1791279360882.487
2026-10-06T11:36:00.883,q,320,180,20,4182,4182,28.162,7,3679039,True,none,314.79,0,0.339,0,1,"SimulcastEncoderAdapter (libvpx, libvpx)",False,L1T3,149435,video/VP8,1791279360882.487
2026-10-06T11:36:02.883,h,1280,720,29,6310,6310,84.423,7,41459149,True,none,316.79,0,0.339,0,1,"SimulcastEncoderAdapter (libvpx, libvpx)",False,L1T3,1700000,video/VP8,1791279362882.762
2026-10-06T11:36:02.883,q,320,180,21,4223,4223,28.476,7,3711581,True,none,316.79,0,0.339,0,1,"SimulcastEncoderAdapter (libvpx, libvpx)",False,L1T3,150000,video/VP8,1791279362882.762
2026-10-06T11:36:04.883,h,1280,720,31,6371,6371,85.427,7,41901096,True,none,318.791,0,0.339,0,1,"SimulcastEncoderAdapter (libvpx, libvpx)",False,L1T3,1700000,video/VP8,1791279364882.912
2026-10-06T11:36:04.883,q,320,180,21,4263,4263,28.844,7,3753519,True,none,318.791,0,0.339,0,1,"SimulcastEncoderAdapter (libvpx, libvpx)",False,L1T3,150000,video/VP8,1791279364882.912
2026-10-06T11:36:06.883,h,1280,720,29,6430,6430,86.173,7,42317201,True,none,320.791,0,0.339,0,1,"SimulcastEncoderAdapter (libvpx, libvpx)",False,L1T3,1671477,video/VP8,1791279366883.127
2026-10-06T11:36:06.883,q,320,180,21,4303,4303,29.133,7,3789374,True,none,320.791,0,0.339,0,1,"SimulcastEncoderAdapter (libvpx, libvpx)",False,L1T3,144760,video/VP8,1791279366883.127
2026-10-06T11:36:08.883,h,1280,720,30,6491,6491,87.092,7,42747717,True,none,322.79,0,0.339,0,1,"SimulcastEncoderAdapter (libvpx, libvpx)",False,L1T3,1688215,video/VP8,1791279368882.591
2026-10-06T11:36:08.883,q,320,180,21,4343,4343,29.492,7,3828110,True,none,322.79,0,0.339,0,1,"SimulcastEncoderAdapter (libvpx, libvpx)",False,L1T3,145373,video/VP8,1791279368882.591
2026-10-06T11:36:10.883,h,1280,720,30,6551,6551,87.631,7,43159227,True,none,324.79,0,0.339,0,1,"SimulcastEncoderAdapter (libvpx, libvpx)",False,L1T3,1700000,video/VP8,1791279370882.664
2026-10-06T11:36:10.883,q,320,180,21,4383,4383,29.669,7,3862312,True,none,324.79,0,0.339,0,1,"SimulcastEncoderAdapter (libvpx, libvpx)",False,L1T3,150000,video/VP8,1791279370882.664
2026-10-06T11:36:12.883,h,1280,720,30,6611,6611,88.222,7,43592005,True,none,326.791,0,0.339,0,1,"SimulcastEncoderAdapter (libvpx, libvpx)",False,L1T3,1700000,video/VP8,1791279372883.246
2026-10-06T11:36:12.883,q,320,180,21,4423,4423,29.878,7,3900339,True,none,326.791,0,0.339,0,1,"SimulcastEncoderAdapter (libvpx, libvpx)",False,L1T3,150000,video/VP8,1791279372883.246
2026-10-06T11:36:14.883,h,1280,720,29,6670,6670,88.966,7,44021680,True,none,328.791,0,0.339,0,1,"SimulcastEncoderAdapter (libvpx, libvpx)",False,L1T3,1681418,video/VP8,1791279374883.226
2026-10-06T11:36:14.883,q,320,180,20,4463,4463,30.161,7,3940025,True,none,328.791,0,0.339,0,1,"SimulcastEncoderAdapter (libvpx, libvpx)",False,L1T3,145225,video/VP8,1791279374883.226
2026-10-06T11:36:16.883,h,1280,720,29,6730,6730,89.866,7,44437278,True,none,330.79,0,0.339,0,1,"SimulcastEncoderAdapter (libvpx, libvpx)",False,L1T3,1671285,video/VP8,1791279376882.47
2026-10-06T11:36:16.883,q,320,180,21,4503,4503,30.535,7,3976447,True,none,330.79,0,0.339,0,1,"SimulcastEncoderAdapter (libvpx, libvpx)",False,L1T3,143685,video/VP8,1791279376882.47
2026-10-06T11:36:18.883,h,1280,720,29,6790,6790,90.778,7,44861329,True,none,332.791,0,0.339,0,1,"SimulcastEncoderAdapter (libvpx, libvpx)",False,L1T3,1700000,video/VP8,1791279378883.049
2026-10-06T11:36:18.883,q,320,180,21,4543,4543,30.912,7,4011671,True,none,332.791,0,0.339,0,1,"SimulcastEncoderAdapter (libvpx, libvpx)",False,L1T3,150000,video/VP8,1791279378883.049
2026-10-06T11:36:20.883,h,1280,720,29,6850,6850,91.782,7,45277804,True,none,334.79,0,0.339,0,1,"SimulcastEncoderAdapter (libvpx, libvpx)",False,L1T3,1700000,video/VP8,1791279380882.683
2026-10-06T11:36:20.883,q,320,180,21,4583,4583,31.304,7,4049505,True,none,334.79,0,0.339,0,1,"SimulcastEncoderAdapter (libvpx, libvpx)",False,L1T3,150000,video/VP8,1791279380882.683
2026-10-06T11:36:22.883,h,1280,720,29,6910,6910,92.723,7,45693565,True,none,336.791,0,0.339,0,1,"SimulcastEncoderAdapter (libvpx, libvpx)",False,L1T3,1700000,video/VP8,1791279382882.861
2026-10-06T11:36:22.883,q,320,180,21,4623,4623,31.697,7,4084848,True,none,336.791,0,0.339,0,1,"SimulcastEncoderAdapter (libvpx, libvpx)",False,L1T3,150000,video/VP8,1791279382882.861
2026-10-06T11:36:24.884,h,1280,720,29,6970,6970,93.661,7,46127368,True,none,338.791,0,0.339,0,1,"SimulcastEncoderAdapter (libvpx, libvpx)",False,L1T3,1700000,video/VP8,1791279384883.331
2026-10-06T11:36:24.884,q,320,180,21,4663,4663,32.064,7,4123577,True,none,338.791,0,0.339,0,1,"SimulcastEncoderAdapter (libvpx, libvpx)",False,L1T3,150000,video/VP8,1791279384883.331
2026-10-06T11:36:26.883,h,1280,720,29,7030,7030,94.624,7,46548082,True,none,340.79,0,0.339,0,1,"SimulcastEncoderAdapter (libvpx, libvpx)",False,L1T3,1700000,video/VP8,1791279386882.672
2026-10-06T11:36:26.883,q,320,180,20,4702,4702,32.44,7,4160243,True,none,340.79,0,0.339,0,1,"SimulcastEncoderAdapter (libvpx, libvpx)",False,L1T3,150000,video/VP8,1791279386882.672
2026-10-06T11:36:28.883,h,1280,720,29,7090,7090,95.564,7,46975145,True,none,342.791,0,0.339,0,1,"SimulcastEncoderAdapter (libvpx, libvpx)",False,L1T3,1700000,video/VP8,1791279388882.825
2026-10-06T11:36:28.883,q,320,180,21,4743,4743,32.841,7,4198751,True,none,342.791,0,0.339,0,1,"SimulcastEncoderAdapter (libvpx, libvpx)",False,L1T3,150000,video/VP8,1791279388882.825
2026-10-06T11:36:30.882,h,1280,720,29,7150,7150,96.521,7,47408065,True,none,344.79,0,0.339,0,1,"SimulcastEncoderAdapter (libvpx, libvpx)",False,L1T3,1696668,video/VP8,1791279390882.172
2026-10-06T11:36:30.882,q,320,180,21,4783,4783,33.24,7,4238255,True,none,344.79,0,0.339,0,1,"SimulcastEncoderAdapter (libvpx, libvpx)",False,L1T3,145267,video/VP8,1791279390882.172
2026-10-06T11:36:32.883,h,1280,720,29,7210,7210,97.498,7,47766284,True,none,346.79,0,0.339,0,1,"SimulcastEncoderAdapter (libvpx, libvpx)",False,L1T3,1348336,video/VP8,1791279392882.424
2026-10-06T11:36:32.883,q,320,180,21,4823,4823,33.656,7,4267101,True,none,346.79,0,0.339,0,1,"SimulcastEncoderAdapter (libvpx, libvpx)",False,L1T3,119498,video/VP8,1791279392882.424
2026-10-06T11:36:34.883,h,1280,720,29,7270,7270,98.498,7,48115074,True,none,348.79,0,0.339,0,1,"SimulcastEncoderAdapter (libvpx, libvpx)",False,L1T3,1353873,video/VP8,1791279394882.669
2026-10-06T11:36:34.883,q,320,180,21,4863,4863,34.076,7,4297567,True,none,348.79,0,0.339,0,1,"SimulcastEncoderAdapter (libvpx, libvpx)",False,L1T3,117660,video/VP8,1791279394882.669
2026-10-06T11:36:36.893,h,1280,720,30,7331,7331,99.446,7,48445418,True,none,350.8,0,0.339,0,1,"SimulcastEncoderAdapter (libvpx, libvpx)",False,L1T3,1387426,video/VP8,1791279396892.048
2026-10-06T11:36:36.893,q,320,180,21,4903,4903,34.466,7,4325012,True,none,350.8,0,0.339,0,1,"SimulcastEncoderAdapter (libvpx, libvpx)",False,L1T3,127258,video/VP8,1791279396892.048
2026-10-06T11:36:38.883,h,1280,720,29,7390,7390,100.372,7,48793028,True,none,352.79,0,0.339,0,1,"SimulcastEncoderAdapter (libvpx, libvpx)",False,L1T3,1480106,video/VP8,1791279398882.643
2026-10-06T11:36:38.883,q,320,180,21,4943,4943,34.868,7,4357082,True,none,352.79,0,0.339,0,1,"SimulcastEncoderAdapter (libvpx, libvpx)",False,L1T3,136725,video/VP8,1791279398882.643
2026-10-06T11:36:40.883,h,1280,720,30,7450,7450,101.325,7,49171120,True,none,354.79,0,0.339,0,1,"SimulcastEncoderAdapter (libvpx, libvpx)",False,L1T3,1452117,video/VP8,1791279400882.344
2026-10-06T11:36:40.883,q,320,180,21,4983,4983,35.271,7,4390646,True,none,354.79,0,0.339,0,1,"SimulcastEncoderAdapter (libvpx, libvpx)",False,L1T3,129947,video/VP8,1791279400882.344
2026-10-06T11:36:42.883,h,1280,720,29,7510,7510,102.307,7,49520047,True,none,356.791,0,0.339,0,1,"SimulcastEncoderAdapter (libvpx, libvpx)",False,L1T3,1439582,video/VP8,1791279402882.867
2026-10-06T11:36:42.883,q,320,180,21,5023,5023,35.718,7,4422745,True,none,356.791,0,0.339,0,1,"SimulcastEncoderAdapter (libvpx, libvpx)",False,L1T3,133158,video/VP8,1791279402882.867
2026-10-06T11:36:44.883,h,1280,720,30,7570,7570,103.272,7,49886470,True,none,358.791,0,0.339,0,1,"SimulcastEncoderAdapter (libvpx, libvpx)",False,L1T3,1468716,video/VP8,1791279404882.981
2026-10-06T11:36:44.883,q,320,180,21,5063,5063,36.151,7,4456106,True,none,358.791,0,0.339,0,1,"SimulcastEncoderAdapter (libvpx, libvpx)",False,L1T3,131355,video/VP8,1791279404882.981
2026-10-06T11:36:46.883,h,1280,720,29,7630,7630,104.199,7,50260101,True,none,360.79,0,0.339,0,1,"SimulcastEncoderAdapter (libvpx, libvpx)",False,L1T3,1460717,video/VP8,1791279406882.633
2026-10-06T11:36:46.883,q,320,180,21,5103,5103,36.575,7,4489716,True,none,360.79,0,0.339,0,1,"SimulcastEncoderAdapter (libvpx, libvpx)",False,L1T3,118432,video/VP8,1791279406882.633
2026-10-06T11:36:48.883,h,1280,720,29,7690,7690,105.078,7,50636894,True,none,362.79,0,0.339,0,1,"SimulcastEncoderAdapter (libvpx, libvpx)",False,L1T3,1384355,video/VP8,1791279408882.274
2026-10-06T11:36:48.883,q,320,180,21,5143,5143,36.949,7,4524255,True,none,362.79,0,0.339,0,1,"SimulcastEncoderAdapter (libvpx, libvpx)",False,L1T3,103920,video/VP8,1791279408882.274
2026-10-06T11:36:50.883,h,1280,720,30,7751,7751,106.033,7,50955585,True,none,364.791,0,0.339,0,1,"SimulcastEncoderAdapter (libvpx, libvpx)",False,L1T3,1458360,video/VP8,1791279410882.918
2026-10-06T11:36:50.883,q,320,180,21,5183,5183,37.354,7,4544930,True,none,364.791,0,0.339,0,1,"SimulcastEncoderAdapter (libvpx, libvpx)",False,L1T3,122778,video/VP8,1791279410882.918
2026-10-06T11:36:52.886,h,1280,720,30,7810,7810,106.986,7,51331164,True,none,366.792,0,0.339,0,1,"SimulcastEncoderAdapter (libvpx, libvpx)",False,L1T3,1466961,video/VP8,1791279412884.171
2026-10-06T11:36:52.886,q,320,180,21,5223,5223,37.705,7,4578971,True,none,366.792,0,0.339,0,1,"SimulcastEncoderAdapter (libvpx, libvpx)",False,L1T3,139190,video/VP8,1791279412884.171
2026-10-06T11:36:54.884,h,1280,720,30,7871,7871,107.88,7,51704180,True,none,368.791,0,0.339,0,1,"SimulcastEncoderAdapter (libvpx, libvpx)",False,L1T3,1488859,video/VP8,1791279414883.343
2026-10-06T11:36:54.884,q,320,180,21,5263,5263,38.03,7,4612663,True,none,368.791,0,0.339,0,1,"SimulcastEncoderAdapter (libvpx, libvpx)",False,L1T3,118517,video/VP8,1791279414883.343
2026-10-06T11:36:56.883,h,1280,720,30,7931,7931,108.737,7,52087100,True,none,370.791,0,0.339,0,1,"SimulcastEncoderAdapter (libvpx, libvpx)",False,L1T3,1512493,video/VP8,1791279416882.947
2026-10-06T11:36:56.883,q,320,180,21,5303,5303,38.374,7,4644258,True,none,370.791,0,0.339,0,1,"SimulcastEncoderAdapter (libvpx, libvpx)",False,L1T3,120067,video/VP8,1791279416882.947
2026-10-06T11:36:58.882,h,1280,720,29,7990,7990,109.67,7,52451205,True,none,372.79,0,0.339,0,1,"SimulcastEncoderAdapter (libvpx, libvpx)",False,L1T3,1523197,video/VP8,1791279418882.034
2026-10-06T11:36:58.882,q,320,180,21,5343,5343,38.789,7,4674212,True,none,372.79,0,0.339,0,1,"SimulcastEncoderAdapter (libvpx, libvpx)",False,L1T3,129185,video/VP8,1791279418882.034
2026-10-06T11:37:00.883,h,1280,720,29,8050,8050,110.748,8,52833988,True,none,374.79,0,0.339,0,1,"SimulcastEncoderAdapter (libvpx, libvpx)",False,L1T3,1459240,video/VP8,1791279420882.596
2026-10-06T11:37:00.883,q,320,180,20,5382,5382,39.244,7,4705659,True,none,374.79,0,0.339,0,1,"SimulcastEncoderAdapter (libvpx, libvpx)",False,L1T3,125820,video/VP8,1791279420882.596
2026-10-06T11:37:02.883,h,1280,720,29,8110,8110,111.495,8,53191326,True,none,376.791,0,0.339,0,1,"SimulcastEncoderAdapter (libvpx, libvpx)",False,L1T3,1474501,video/VP8,1791279422882.877
2026-10-06T11:37:02.883,q,320,180,21,5423,5423,39.547,7,4734932,True,none,376.791,0,0.339,0,1,"SimulcastEncoderAdapter (libvpx, libvpx)",False,L1T3,136530,video/VP8,1791279422882.877
2026-10-06T11:37:04.884,h,1280,720,29,8170,8170,112.418,8,53574328,True,none,378.791,0,0.339,0,1,"SimulcastEncoderAdapter (libvpx, libvpx)",False,L1T3,1530032,video/VP8,1791279424883.525
2026-10-06T11:37:04.884,q,320,180,21,5463,5463,39.945,7,4771181,True,none,378.791,0,0.339,0,1,"SimulcastEncoderAdapter (libvpx, libvpx)",False,L1T3,128143,video/VP8,1791279424883.525
2026-10-06T11:37:06.883,h,1280,720,30,8231,8231,113.325,8,53965623,True,none,380.79,0,0.339,0,1,"SimulcastEncoderAdapter (libvpx, libvpx)",False,L1T3,1517440,video/VP8,1791279426882.269
2026-10-06T11:37:06.883,q,320,180,21,5503,5503,40.307,7,4803034,True,none,380.79,0,0.339,0,1,"SimulcastEncoderAdapter (libvpx, libvpx)",False,L1T3,117543,video/VP8,1791279426882.269
2026-10-06T11:37:08.883,h,1280,720,30,8291,8291,113.92,8,54346586,True,none,382.791,0,0.339,0,1,"SimulcastEncoderAdapter (libvpx, libvpx)",False,L1T3,1461910,video/VP8,1791279428882.857
2026-10-06T11:37:08.883,q,320,180,21,5543,5543,40.514,7,4833914,True,none,382.791,0,0.339,0,1,"SimulcastEncoderAdapter (libvpx, libvpx)",False,L1T3,115005,video/VP8,1791279428882.857
2026-10-06T11:37:10.883,h,1280,720,30,8351,8351,114.641,8,54704416,True,none,384.791,0,0.339,0,1,"SimulcastEncoderAdapter (libvpx, libvpx)",False,L1T3,1493749,video/VP8,1791279430882.885
2026-10-06T11:37:10.883,q,320,180,21,5583,5583,40.792,7,4861579,True,none,384.791,0,0.339,0,1,"SimulcastEncoderAdapter (libvpx, libvpx)",False,L1T3,129838,video/VP8,1791279430882.885
2026-10-06T11:37:12.883,h,1280,720,30,8411,8411,115.526,8,55086884,True,none,386.791,0,0.339,0,1,"SimulcastEncoderAdapter (libvpx, libvpx)",False,L1T3,1503531,video/VP8,1791279432883.162
2026-10-06T11:37:12.883,q,320,180,21,5623,5623,41.157,7,4895385,True,none,386.791,0,0.339,0,1,"SimulcastEncoderAdapter (libvpx, libvpx)",False,L1T3,129650,video/VP8,1791279432883.162
2026-10-06T11:37:14.883,h,1280,720,30,8470,8470,116.47,8,55460069,True,none,388.791,0,0.339,0,1,"SimulcastEncoderAdapter (libvpx, libvpx)",False,L1T3,1512338,video/VP8,1791279434883.113
2026-10-06T11:37:14.883,q,320,180,21,5663,5663,41.548,7,4929306,True,none,388.791,0,0.339,0,1,"SimulcastEncoderAdapter (libvpx, libvpx)",False,L1T3,122317,video/VP8,1791279434883.113
2026-10-06T11:37:16.883,h,1280,720,30,8531,8531,117.326,8,55846381,True,none,390.79,0,0.339,0,1,"SimulcastEncoderAdapter (libvpx, libvpx)",False,L1T3,1495807,video/VP8,1791279436882.411
2026-10-06T11:37:16.883,q,320,180,21,5703,5703,41.853,7,4959495,True,none,390.79,0,0.339,0,1,"SimulcastEncoderAdapter (libvpx, libvpx)",False,L1T3,115690,video/VP8,1791279436882.411
2026-10-06T11:37:18.883,h,1280,720,29,8590,8590,118.268,8,56204112,True,none,392.791,0,0.339,0,1,"SimulcastEncoderAdapter (libvpx, libvpx)",False,L1T3,1523967,video/VP8,1791279438883.02
2026-10-06T11:37:18.883,q,320,180,21,5743,5743,42.249,7,4987316,True,none,392.791,0,0.339,0,1,"SimulcastEncoderAdapter (libvpx, libvpx)",False,L1T3,126775,video/VP8,1791279438883.02
2026-10-06T11:37:20.883,h,1280,720,29,8650,8650,119.195,8,56585324,True,none,394.79,0,0.339,0,1,"SimulcastEncoderAdapter (libvpx, libvpx)",False,L1T3,1569315,video/VP8,1791279440882.576
2026-10-06T11:37:20.883,q,320,180,21,5783,5783,42.62,7,5020165,True,none,394.79,0,0.339,0,1,"SimulcastEncoderAdapter (libvpx, libvpx)",False,L1T3,134205,video/VP8,1791279440882.576
2026-10-06T11:37:22.884,h,1280,720,29,8710,8710,120.179,8,56972441,True,none,396.791,0,0.339,0,1,"SimulcastEncoderAdapter (libvpx, libvpx)",False,L1T3,1558530,video/VP8,1791279442883.751
2026-10-06T11:37:22.884,q,320,180,21,5823,5823,43.015,7,5052672,True,none,396.791,0,0.339,0,1,"SimulcastEncoderAdapter (libvpx, libvpx)",False,L1T3,128462,video/VP8,1791279442883.751
2026-10-06T11:37:24.882,h,1280,720,30,8771,8771,121.072,8,57374425,True,none,398.79,0,0.339,0,1,"SimulcastEncoderAdapter (libvpx, libvpx)",False,L1T3,1544204,video/VP8,1791279444882.188
2026-10-06T11:37:24.882,q,320,180,21,5863,5863,43.328,7,5084322,True,none,398.79,0,0.339,0,1,"SimulcastEncoderAdapter (libvpx, libvpx)",False,L1T3,127647,video/VP8,1791279444882.188
2026-10-06T11:37:26.883,h,1280,720,30,8830,8830,121.99,8,57755087,True,none,400.791,0,0.339,0,1,"SimulcastEncoderAdapter (libvpx, libvpx)",False,L1T3,1574635,video/VP8,1791279446882.965
2026-10-06T11:37:26.883,q,320,180,21,5903,5903,43.711,7,5116587,True,none,400.791,0,0.339,0,1,"SimulcastEncoderAdapter (libvpx, libvpx)",False,L1T3,126238,video/VP8,1791279446882.965
2026-10-06T11:37:28.883,h,1280,720,29,8890,8890,122.967,8,58152306,True,none,402.791,0,0.339,0,1,"SimulcastEncoderAdapter (libvpx, libvpx)",False,L1T3,1591737,video/VP8,1791279448883.047
2026-10-06T11:37:28.883,q,320,180,21,5943,5943,44.109,7,5148569,True,none,402.791,0,0.339,0,1,"SimulcastEncoderAdapter (libvpx, libvpx)",False,L1T3,131208,video/VP8,1791279448883.047
2026-10-06T11:37:30.882,h,1280,720,29,8950,8950,123.919,8,58556401,True,none,404.79,0,0.339,0,1,"SimulcastEncoderAdapter (libvpx, libvpx)",False,L1T3,1582237,video/VP8,1791279450882.049
2026-10-06T11:37:30.882,q,320,180,21,5983,5983,44.521,7,5181782,True,none,404.79,0,0.339,0,1,"SimulcastEncoderAdapter (libvpx, libvpx)",False,L1T3,124705,video/VP8,1791279450882.049
2026-10-06T11:37:32.882,h,1280,720,29,9010,9010,124.921,8,58936426,True,none,406.79,0,0.339,0,1,"SimulcastEncoderAdapter (libvpx, libvpx)",False,L1T3,1569742,video/VP8,1791279452882.292
2026-10-06T11:37:32.882,q,320,180,21,6023,6023,44.931,7,5211352,True,none,406.79,0,0.339,0,1,"SimulcastEncoderAdapter (libvpx, libvpx)",False,L1T3,127722,video/VP8,1791279452882.292
2026-10-06T11:37:34.884,h,1280,720,30,9070,9070,125.981,8,59327858,True,none,408.791,0,0.339,0,1,"SimulcastEncoderAdapter (libvpx, libvpx)",False,L1T3,1562518,video/VP8,1791279454883.298
2026-10-06T11:37:34.884,q,320,180,21,6063,6063,45.369,7,5243801,True,none,408.791,0,0.339,0,1,"SimulcastEncoderAdapter (libvpx, libvpx)",False,L1T3,127335,video/VP8,1791279454883.298
2026-10-06T11:37:36.883,h,1280,720,29,9130,9130,126.967,8,59714932,True,none,410.791,0,0.339,0,1,"SimulcastEncoderAdapter (libvpx, libvpx)",False,L1T3,1583497,video/VP8,1791279456883.123
2026-10-06T11:37:36.883,q,320,180,21,6103,6103,45.778,7,5272676,True,none,410.791,0,0.339,0,1,"SimulcastEncoderAdapter (libvpx, libvpx)",False,L1T3,131828,video/VP8,1791279456883.123
2026-10-06T11:37:38.883,h,1280,720,29,9190,9190,127.924,8,60114562,True,none,412.79,0,0.339,0,1,"SimulcastEncoderAdapter (libvpx, libvpx)",False,L1T3,1655090,video/VP8,1791279458882.8
2026-10-06T11:37:38.883,q,320,180,21,6143,6143,46.17,7,5306293,True,none,412.79,0,0.339,0,1,"SimulcastEncoderAdapter (libvpx, libvpx)",False,L1T3,141310,video/VP8,1791279458882.8
2026-10-06T11:37:40.882,h,1280,720,29,9250,9250,128.898,8,60534865,True,none,414.79,0,0.339,0,1,"SimulcastEncoderAdapter (libvpx, libvpx)",False,L1T3,1654965,video/VP8,1791279460882.208
2026-10-06T11:37:40.882,q,320,180,20,6183,6183,46.598,7,5340901,True,none,414.79,0,0.339,0,1,"SimulcastEncoderAdapter (libvpx, libvpx)",False,L1T3,138212,video/VP8,1791279460882.208
2026-10-06T11:37:42.884,h,1280,720,29,9310,9310,129.882,8,60934074,True,none,416.79,0,0.339,0,1,"SimulcastEncoderAdapter (libvpx, libvpx)",False,L1T3,1627205,video/VP8,1791279462882.704
2026-10-06T11:37:42.884,q,320,180,20,6223,6223,46.99,7,5375242,True,none,416.79,0,0.339,0,1,"SimulcastEncoderAdapter (libvpx, libvpx)",False,L1T3,138015,video/VP8,1791279462882.704
2026-10-06T11:37:44.883,h,1280,720,29,9370,9370,130.997,9,61353168,True,none,418.79,0,0.339,0,1,"SimulcastEncoderAdapter (libvpx, libvpx)",False,L1T3,1546785,video/VP8,1791279464882.763
2026-10-06T11:37:44.883,q,320,180,16,6259,6259,47.364,8,5412047,True,none,418.79,0,0.339,0,1,"SimulcastEncoderAdapter (libvpx, libvpx)",False,L1T3,116030,video/VP8,1791279464882.763
2026-10-06T11:37:46.883,h,1280,720,29,9430,9430,132.075,9,61744394,True,none,420.79,0,0.339,0,1,"SimulcastEncoderAdapter (libvpx, libvpx)",False,L1T3,1537400,video/VP8,1791279466882.244
2026-10-06T11:37:46.883,q,320,180,20,6299,6299,47.784,8,5439908,True,none,420.79,0,0.339,0,1,"SimulcastEncoderAdapter (libvpx, libvpx)",False,L1T3,112345,video/VP8,1791279466882.244
2026-10-06T11:37:48.884,h,1280,720,30,9491,9491,133.11,9,62165677,True,none,422.791,0,0.339,0,1,"SimulcastEncoderAdapter (libvpx, libvpx)",False,L1T3,1609145,video/VP8,1791279468883.475
2026-10-06T11:37:48.884,q,320,180,20,6339,6339,48.202,8,5477235,True,none,422.791,0,0.339,0,1,"SimulcastEncoderAdapter (libvpx, libvpx)",False,L1T3,127172,video/VP8,1791279468883.475
2026-10-06T11:37:50.883,h,1280,720,,9514,9514,133.499,9,62298821,False,none,424.79,0,0.339,0,1,"SimulcastEncoderAdapter (libvpx, libvpx)",False,L1T3,1625938,video/VP8,1791279470882.678
2026-10-06T11:37:50.883,q,320,180,,6354,6354,48.36,8,5485908,False,none,424.79,0,0.339,0,1,"SimulcastEncoderAdapter (libvpx, libvpx)",False,L1T3,130800,video/VP8,1791279470882.678
2026-10-06T11:37:52.882,h,1280,720,,9514,9514,133.499,9,62298821,False,none,426.79,0,0.339,0,1,"SimulcastEncoderAdapter (libvpx, libvpx)",False,L1T3,1625938,video/VP8,1791279472881.877
2026-10-06T11:37:52.882,q,320,180,,6354,6354,48.36,8,5485908,False,none,426.79,0,0.339,0,1,"SimulcastEncoderAdapter (libvpx, libvpx)",False,L1T3,130800,video/VP8,1791279472881.877
2026-10-06T11:37:54.884,h,,,,9514,9514,133.499,9,62298821,False,none,428.791,0,0.339,0,1,"SimulcastEncoderAdapter (libvpx, libvpx)",False,L1T3,1625938,video/VP8,1791279474882.998
2026-10-06T11:37:54.884,q,,,,6354,6354,48.36,8,5485908,False,none,428.791,0,0.339,0,1,"SimulcastEncoderAdapter (libvpx, libvpx)",False,L1T3,130800,video/VP8,1791279474882.998
2026-10-06T11:37:56.883,h,,,,9514,9514,133.499,9,62298821,False,none,430.79,0,0.339,0,1,"SimulcastEncoderAdapter (libvpx, libvpx)",False,L1T3,1625938,video/VP8,1791279476882.638
2026-10-06T11:37:56.883,q,,,,6354,6354,48.36,8,5485908,False,none,430.79,0,0.339,0,1,"SimulcastEncoderAdapter (libvpx, libvpx)",False,L1T3,130800,video/VP8,1791279476882.638
2026-10-06T11:37:58.883,h,,,,9514,9514,133.499,9,62298821,False,none,432.79,0,0.339,0,1,"SimulcastEncoderAdapter (libvpx, libvpx)",False,L1T3,1625938,video/VP8,1791279478882.475
2026-10-06T11:37:58.883,q,,,,6354,6354,48.36,8,5485908,False,none,432.79,0,0.339,0,1,"SimulcastEncoderAdapter (libvpx, libvpx)",False,L1T3,130800,video/VP8,1791279478882.475
2026-10-06T11:38:00.882,h,,,,9514,9514,133.499,9,62298821,False,none,434.79,0,0.339,0,1,"SimulcastEncoderAdapter (libvpx, libvpx)",False,L1T3,1625938,video/VP8,1791279480882.296
2026-10-06T11:38:00.882,q,,,,6354,6354,48.36,8,5485908,False,none,434.79,0,0.339,0,1,"SimulcastEncoderAdapter (libvpx, libvpx)",False,L1T3,130800,video/VP8,1791279480882.296
2026-10-06T11:38:02.883,h,,,,9514,9514,133.499,9,62298821,False,none,436.79,0,0.339,0,1,"SimulcastEncoderAdapter (libvpx, libvpx)",False,L1T3,1625938,video/VP8,1791279482882.748
2026-10-06T11:38:02.883,q,,,,6354,6354,48.36,8,5485908,False,none,436.79,0,0.339,0,1,"SimulcastEncoderAdapter (libvpx, libvpx)",False,L1T3,130800,video/VP8,1791279482882.748
2026-10-06T11:38:04.883,h,,,,9514,9514,133.499,9,62298821,False,none,438.79,0,0.339,0,1,"SimulcastEncoderAdapter (libvpx, libvpx)",False,L1T3,1625938,video/VP8,1791279484882.565
2026-10-06T11:38:04.883,q,,,,6354,6354,48.36,8,5485908,False,none,438.79,0,0.339,0,1,"SimulcastEncoderAdapter (libvpx, libvpx)",False,L1T3,130800,video/VP8,1791279484882.565
2026-10-06T11:38:06.883,h,,,,9514,9514,133.499,9,62298821,False,none,440.79,0,0.339,0,1,"SimulcastEncoderAdapter (libvpx, libvpx)",False,L1T3,1625938,video/VP8,1791279486882.227
2026-10-06T11:38:06.883,q,,,,6354,6354,48.36,8,5485908,False,none,440.79,0,0.339,0,1,"SimulcastEncoderAdapter (libvpx, libvpx)",False,L1T3,130800,video/VP8,1791279486882.227
2026-10-06T11:38:08.883,h,,,,9514,9514,133.499,9,62298821,False,none,442.79,0,0.339,0,1,"SimulcastEncoderAdapter (libvpx, libvpx)",False,L1T3,1625938,video/VP8,1791279488882.314
2026-10-06T11:38:08.883,q,,,,6354,6354,48.36,8,5485908,False,none,442.79,0,0.339,0,1,"SimulcastEncoderAdapter (libvpx, libvpx)",False,L1T3,130800,video/VP8,1791279488882.314
2026-10-06T11:38:10.884,h,,,,9514,9514,133.499,9,62298821,False,none,444.791,0,0.339,0,1,"SimulcastEncoderAdapter (libvpx, libvpx)",False,L1T3,1625938,video/VP8,1791279490883.329
2026-10-06T11:38:10.884,q,,,,6354,6354,48.36,8,5485908,False,none,444.791,0,0.339,0,1,"SimulcastEncoderAdapter (libvpx, libvpx)",False,L1T3,130800,video/VP8,1791279490883.329
2026-10-06T11:38:12.883,h,,,,9514,9514,133.499,9,62298821,False,none,446.79,0,0.339,0,1,"SimulcastEncoderAdapter (libvpx, libvpx)",False,L1T3,1625938,video/VP8,1791279492882.634
2026-10-06T11:38:12.883,q,,,,6354,6354,48.36,8,5485908,False,none,446.79,0,0.339,0,1,"SimulcastEncoderAdapter (libvpx, libvpx)",False,L1T3,130800,video/VP8,1791279492882.634
2026-10-06T11:38:14.884,h,,,,9514,9514,133.499,9,62298821,False,none,448.791,0,0.339,0,1,"SimulcastEncoderAdapter (libvpx, libvpx)",False,L1T3,1625938,video/VP8,1791279494883.158
2026-10-06T11:38:14.884,q,,,,6354,6354,48.36,8,5485908,False,none,448.791,0,0.339,0,1,"SimulcastEncoderAdapter (libvpx, libvpx)",False,L1T3,130800,video/VP8,1791279494883.158
2026-10-06T11:38:16.882,h,,,,9514,9514,133.499,9,62298821,False,none,450.79,0,0.339,0,1,"SimulcastEncoderAdapter (libvpx, libvpx)",False,L1T3,1625938,video/VP8,1791279496882.123
2026-10-06T11:38:16.882,q,,,,6354,6354,48.36,8,5485908,False,none,450.79,0,0.339,0,1,"SimulcastEncoderAdapter (libvpx, libvpx)",False,L1T3,130800,video/VP8,1791279496882.123
