at_paris,source_id,src_fps,src_frames,src_w,src_h,ts
2026-10-06T11:30:46.883,pc1:SV1,30,34,1280,720,1791279046882.193
2026-10-06T11:30:48.883,pc1:SV1,30,94,1280,720,1791279048882.312
2026-10-06T11:30:50.882,pc1:SV1,30,154,1280,720,1791279050881.867
2026-10-06T11:30:52.883,pc1:SV1,30,214,1280,720,1791279052882.586
2026-10-06T11:30:54.882,pc1:SV1,30,274,1280,720,1791279054881.866
2026-10-06T11:30:56.888,pc1:SV1,30,334,1280,720,1791279056887.924
2026-10-06T11:30:58.882,pc1:SV1,30,394,1280,720,1791279058882.11
2026-10-06T11:31:00.883,pc1:SV1,30,454,1280,720,1791279060883.3
2026-10-06T11:31:02.884,pc1:SV1,30,514,1280,720,1791279062883.86
2026-10-06T11:31:04.884,pc1:SV1,30,574,1280,720,1791279064883.32
2026-10-06T11:31:06.885,pc1:SV1,30,634,1280,720,1791279066884.642
2026-10-06T11:31:08.883,pc1:SV1,30,694,1280,720,1791279068882.067
2026-10-06T11:31:10.885,pc1:SV1,30,754,1280,720,1791279070883.674
2026-10-06T11:31:12.883,pc1:SV1,30,814,1280,720,1791279072882.361
2026-10-06T11:31:14.887,pc1:SV1,30,874,1280,720,1791279074882.65
2026-10-06T11:31:16.884,pc1:SV1,30,930,1280,720,1791279076883.618
2026-10-06T11:31:18.882,pc1:SV1,30,990,1280,720,1791279078881.941
2026-10-06T11:31:20.883,pc1:SV1,30,1050,1280,720,1791279080882.35
2026-10-06T11:31:22.883,pc1:SV1,30,1110,1280,720,1791279082883.265
2026-10-06T11:31:24.884,pc1:SV1,30,1170,1280,720,1791279084883.444
2026-10-06T11:31:26.883,pc1:SV1,30,1230,1280,720,1791279086882.908
2026-10-06T11:31:28.883,pc1:SV1,30,1290,1280,720,1791279088882.328
2026-10-06T11:31:30.892,pc1:SV1,30,1350,1280,720,1791279090891.668
2026-10-06T11:31:32.883,pc1:SV1,30,1410,1280,720,1791279092883.396
2026-10-06T11:31:34.882,pc1:SV1,30,1470,1280,720,1791279094882.241
2026-10-06T11:31:36.883,pc1:SV1,30,1530,1280,720,1791279096882.576
2026-10-06T11:31:38.883,pc1:SV1,30,1590,1280,720,1791279098882.355
2026-10-06T11:31:40.883,pc1:SV1,30,1650,1280,720,1791279100882.445
2026-10-06T11:31:42.884,pc1:SV1,30,1710,1280,720,1791279102883.398
2026-10-06T11:31:44.883,pc1:SV1,30,1770,1280,720,1791279104883.023
2026-10-06T11:31:46.883,pc1:SV1,30,1830,1280,720,1791279106882.714
2026-10-06T11:31:48.883,pc1:SV1,30,1890,1280,720,1791279108882.773
2026-10-06T11:31:50.884,pc1:SV1,30,1950,1280,720,1791279110883.562
2026-10-06T11:31:52.883,pc1:SV1,30,2010,1280,720,1791279112882.223
2026-10-06T11:31:54.884,pc1:SV1,30,2070,1280,720,1791279114883.17
2026-10-06T11:31:56.882,pc1:SV1,30,2130,1280,720,1791279116882.354
2026-10-06T11:31:58.883,pc1:SV1,30,2190,1280,720,1791279118883.215
2026-10-06T11:32:00.883,pc1:SV1,30,2250,1280,720,1791279120882.709
2026-10-06T11:32:02.883,pc1:SV1,30,2310,1280,720,1791279122882.786
2026-10-06T11:32:04.882,pc1:SV1,30,2370,1280,720,1791279124882.014
2026-10-06T11:32:06.883,pc1:SV1,30,2430,1280,720,1791279126882.674
2026-10-06T11:32:08.882,pc1:SV1,30,2490,1280,720,1791279128881.917
2026-10-06T11:32:10.884,pc1:SV1,30,2550,1280,720,1791279130883.702
2026-10-06T11:32:12.884,pc1:SV1,30,2610,1280,720,1791279132883.734
2026-10-06T11:32:14.883,pc1:SV1,30,2670,1280,720,1791279134882.504
2026-10-06T11:32:16.884,pc1:SV1,30,2730,1280,720,1791279136883.289
2026-10-06T11:32:18.883,pc1:SV1,30,2790,1280,720,1791279138882.912
2026-10-06T11:32:20.883,pc1:SV1,30,2850,1280,720,1791279140882.464
2026-10-06T11:32:22.884,pc1:SV1,30,2910,1280,720,1791279142883.47
2026-10-06T11:32:24.883,pc1:SV1,30,2970,1280,720,1791279144883.09
2026-10-06T11:32:26.882,pc1:SV1,30,3030,1280,720,1791279146881.918
2026-10-06T11:32:28.883,pc1:SV1,30,3090,1280,720,1791279148883.447
2026-10-06T11:32:30.883,pc1:SV1,30,3150,1280,720,1791279150883.259
2026-10-06T11:32:32.883,pc1:SV1,30,3210,1280,720,1791279152882.747
2026-10-06T11:32:34.883,pc1:SV1,30,3270,1280,720,1791279154882.647
2026-10-06T11:32:36.883,pc1:SV1,30,3330,1280,720,1791279156882.861
2026-10-06T11:32:38.883,pc1:SV1,30,3390,1280,720,1791279158882.717
2026-10-06T11:32:40.883,pc1:SV1,30,3450,1280,720,1791279160883.033
2026-10-06T11:32:42.882,pc1:SV1,30,3510,1280,720,1791279162882.009
2026-10-06T11:32:44.883,pc1:SV1,30,3570,1280,720,1791279164882.62
2026-10-06T11:32:46.883,pc1:SV1,30,3630,1280,720,1791279166882.409
2026-10-06T11:32:48.883,pc1:SV1,30,3690,1280,720,1791279168883.014
2026-10-06T11:32:50.883,pc1:SV1,30,3750,1280,720,1791279170882.923
2026-10-06T11:32:52.882,pc1:SV1,30,3810,1280,720,1791279172881.983
2026-10-06T11:32:54.883,pc1:SV1,30,3870,1280,720,1791279174883.035
2026-10-06T11:32:56.884,pc1:SV1,30,3930,1280,720,1791279176883.419
2026-10-06T11:32:58.883,pc1:SV1,30,3990,1280,720,1791279178882.448
2026-10-06T11:33:00.883,pc1:SV1,30,4050,1280,720,1791279180882.448
2026-10-06T11:33:02.883,pc1:SV1,30,4110,1280,720,1791279182882.485
2026-10-06T11:33:04.884,pc1:SV1,30,4170,1280,720,1791279184882.239
2026-10-06T11:33:06.884,pc1:SV1,30,4230,1280,720,1791279186883.585
2026-10-06T11:33:08.882,pc1:SV1,30,4290,1280,720,1791279188882.173
2026-10-06T11:33:10.883,pc1:SV1,30,4350,1280,720,1791279190883.233
2026-10-06T11:33:12.883,pc1:SV1,30,4410,1280,720,1791279192882.398
2026-10-06T11:33:14.883,pc1:SV1,30,4470,1280,720,1791279194882.886
2026-10-06T11:33:16.882,pc1:SV1,30,4530,1280,720,1791279196882.199
2026-10-06T11:33:18.883,pc1:SV1,30,4590,1280,720,1791279198882.699
2026-10-06T11:33:20.883,pc1:SV1,30,4650,1280,720,1791279200883.006
2026-10-06T11:33:22.882,pc1:SV1,30,4710,1280,720,1791279202882.102
2026-10-06T11:33:24.883,pc1:SV1,30,4770,1280,720,1791279204882.939
2026-10-06T11:33:26.882,pc1:SV1,30,4830,1280,720,1791279206882.345
2026-10-06T11:33:28.883,pc1:SV1,30,4890,1280,720,1791279208883.071
2026-10-06T11:33:30.883,pc1:SV1,30,4950,1280,720,1791279210883.091
2026-10-06T11:33:32.883,pc1:SV1,30,5010,1280,720,1791279212883.068
2026-10-06T11:33:34.882,pc1:SV1,30,5070,1280,720,1791279214882.215
2026-10-06T11:33:36.884,pc1:SV1,30,5130,1280,720,1791279216883.581
2026-10-06T11:33:38.882,pc1:SV1,30,5190,1280,720,1791279218881.959
2026-10-06T11:33:40.883,pc1:SV1,30,5250,1280,720,1791279220883.116
2026-10-06T11:33:42.883,pc1:SV1,30,5310,1280,720,1791279222882.801
2026-10-06T11:33:44.883,pc1:SV1,30,5370,1280,720,1791279224882.988
2026-10-06T11:33:46.882,pc1:SV1,30,5430,1280,720,1791279226882.332
2026-10-06T11:33:48.883,pc1:SV1,30,5490,1280,720,1791279228882.44
2026-10-06T11:33:50.883,pc1:SV1,30,5550,1280,720,1791279230882.57
2026-10-06T11:33:52.883,pc1:SV1,30,5610,1280,720,1791279232882.99
2026-10-06T11:33:54.883,pc1:SV1,30,5670,1280,720,1791279234882.877
2026-10-06T11:33:56.883,pc1:SV1,30,5730,1280,720,1791279236882.703
2026-10-06T11:33:58.882,pc1:SV1,30,5790,1280,720,1791279238882.281
2026-10-06T11:34:00.895,pc1:SV1,31,5851,1280,720,1791279240894.688
2026-10-06T11:34:02.883,pc1:SV1,30,5910,1280,720,1791279242882.788
2026-10-06T11:34:04.883,pc1:SV1,30,5970,1280,720,1791279244882.876
2026-10-06T11:34:06.883,pc1:SV1,30,6030,1280,720,1791279246882.922
2026-10-06T11:34:08.882,pc1:SV1,30,6090,1280,720,1791279248882.211
2026-10-06T11:34:10.883,pc1:SV1,30,6150,1280,720,1791279250883.111
2026-10-06T11:34:12.882,pc1:SV1,30,6210,1280,720,1791279252882.405
2026-10-06T11:34:14.884,pc1:SV1,30,6270,1280,720,1791279254883.811
2026-10-06T11:34:16.883,pc1:SV1,30,6330,1280,720,1791279256882.675
2026-10-06T11:34:18.883,pc1:SV1,30,6390,1280,720,1791279258882.518
2026-10-06T11:34:20.883,pc1:SV1,30,6449,1280,720,1791279260882.42
2026-10-06T11:34:22.884,pc1:SV1,30,6509,1280,720,1791279262883.533
2026-10-06T11:34:24.883,pc1:SV1,30,6569,1280,720,1791279264883.151
2026-10-06T11:34:26.883,pc1:SV1,30,6629,1280,720,1791279266883.095
2026-10-06T11:34:28.882,pc1:SV1,30,6689,1280,720,1791279268881.906
2026-10-06T11:34:30.884,pc1:SV1,30,6749,1280,720,1791279270883.364
2026-10-06T11:34:32.883,pc1:SV1,30,6809,1280,720,1791279272882.877
2026-10-06T11:34:34.884,pc1:SV1,30,6869,1280,720,1791279274883.444
2026-10-06T11:34:36.883,pc1:SV1,30,6929,1280,720,1791279276883.215
2026-10-06T11:34:38.882,pc1:SV1,30,6989,1280,720,1791279278882.148
2026-10-06T11:34:40.882,pc1:SV1,30,7049,1280,720,1791279280882.36
2026-10-06T11:34:42.884,pc1:SV1,30,7109,1280,720,1791279282883.66
2026-10-06T11:34:44.883,pc1:SV1,30,7169,1280,720,1791279284882.527
2026-10-06T11:34:46.884,pc1:SV1,30,7229,1280,720,1791279286883.556
2026-10-06T11:34:48.883,pc1:SV1,30,7289,1280,720,1791279288882.374
2026-10-06T11:34:50.883,pc1:SV1,30,7349,1280,720,1791279290882.958
2026-10-06T11:34:52.883,pc1:SV1,30,7409,1280,720,1791279292882.677
2026-10-06T11:34:54.883,pc1:SV1,30,7469,1280,720,1791279294882.548
2026-10-06T11:34:56.883,pc1:SV1,30,7529,1280,720,1791279296882.408
2026-10-06T11:34:58.883,pc1:SV1,30,7589,1280,720,1791279298882.77
2026-10-06T11:35:00.883,pc1:SV1,30,7649,1280,720,1791279300883.141
2026-10-06T11:35:02.883,pc1:SV1,30,7709,1280,720,1791279302883.158
2026-10-06T11:35:04.884,pc1:SV1,30,7769,1280,720,1791279304883.686
2026-10-06T11:35:06.883,pc1:SV1,30,7829,1280,720,1791279306882.845
2026-10-06T11:35:08.883,pc1:SV1,30,7889,1280,720,1791279308883.166
2026-10-06T11:35:10.883,pc1:SV1,30,7949,1280,720,1791279310882.777
2026-10-06T11:35:12.883,pc1:SV1,30,8009,1280,720,1791279312883.278
2026-10-06T11:35:14.883,pc1:SV1,30,8069,1280,720,1791279314882.84
2026-10-06T11:35:16.882,pc1:SV1,30,8129,1280,720,1791279316882.297
2026-10-06T11:35:18.883,pc1:SV1,30,8189,1280,720,1791279318883.112
2026-10-06T11:35:20.883,pc1:SV1,30,8249,1280,720,1791279320882.447
2026-10-06T11:35:22.883,pc1:SV1,30,8309,1280,720,1791279322883.197
2026-10-06T11:35:24.883,pc1:SV1,30,8369,1280,720,1791279324882.959
2026-10-06T11:35:26.883,pc1:SV1,30,8429,1280,720,1791279326882.455
2026-10-06T11:35:28.883,pc1:SV1,30,8489,1280,720,1791279328883.158
2026-10-06T11:35:30.882,pc1:SV1,30,8549,1280,720,1791279330881.921
2026-10-06T11:35:32.883,pc1:SV1,30,8609,1280,720,1791279332882.504
2026-10-06T11:35:34.883,pc1:SV1,30,8669,1280,720,1791279334882.964
2026-10-06T11:35:36.883,pc1:SV1,30,8729,1280,720,1791279336883.245
2026-10-06T11:35:38.883,pc1:SV1,30,8789,1280,720,1791279338882.509
2026-10-06T11:35:40.883,pc1:SV1,30,8849,1280,720,1791279340882.68
2026-10-06T11:35:42.882,pc1:SV1,30,8909,1280,720,1791279342882.329
2026-10-06T11:35:44.883,pc1:SV1,30,8969,1280,720,1791279344882.875
2026-10-06T11:35:46.883,pc1:SV1,30,9029,1280,720,1791279346882.965
2026-10-06T11:35:48.883,pc1:SV1,30,9089,1280,720,1791279348882.751
2026-10-06T11:35:50.884,pc1:SV1,30,9149,1280,720,1791279350883.789
2026-10-06T11:35:52.883,pc1:SV1,30,9209,1280,720,1791279352882.234
2026-10-06T11:35:54.883,pc1:SV1,30,9269,1280,720,1791279354882.486
2026-10-06T11:35:56.883,pc1:SV1,30,9329,1280,720,1791279356882.548
2026-10-06T11:35:58.883,pc1:SV1,30,9389,1280,720,1791279358882.572
2026-10-06T11:36:00.883,pc1:SV1,30,9449,1280,720,1791279360882.487
2026-10-06T11:36:02.883,pc1:SV1,30,9509,1280,720,1791279362882.762
2026-10-06T11:36:04.883,pc1:SV1,30,9569,1280,720,1791279364882.912
2026-10-06T11:36:06.883,pc1:SV1,30,9629,1280,720,1791279366883.127
2026-10-06T11:36:08.883,pc1:SV1,30,9689,1280,720,1791279368882.591
2026-10-06T11:36:10.883,pc1:SV1,30,9749,1280,720,1791279370882.664
2026-10-06T11:36:12.883,pc1:SV1,30,9809,1280,720,1791279372883.246
2026-10-06T11:36:14.883,pc1:SV1,30,9869,1280,720,1791279374883.226
2026-10-06T11:36:16.883,pc1:SV1,30,9929,1280,720,1791279376882.47
2026-10-06T11:36:18.883,pc1:SV1,30,9989,1280,720,1791279378883.049
2026-10-06T11:36:20.883,pc1:SV1,30,10049,1280,720,1791279380882.683
2026-10-06T11:36:22.883,pc1:SV1,30,10109,1280,720,1791279382882.861
2026-10-06T11:36:24.884,pc1:SV1,30,10169,1280,720,1791279384883.331
2026-10-06T11:36:26.883,pc1:SV1,30,10229,1280,720,1791279386882.672
2026-10-06T11:36:28.883,pc1:SV1,30,10289,1280,720,1791279388882.825
2026-10-06T11:36:30.882,pc1:SV1,30,10349,1280,720,1791279390882.172
2026-10-06T11:36:32.883,pc1:SV1,30,10409,1280,720,1791279392882.424
2026-10-06T11:36:34.883,pc1:SV1,30,10469,1280,720,1791279394882.669
2026-10-06T11:36:36.893,pc1:SV1,30,10529,1280,720,1791279396892.048
2026-10-06T11:36:38.883,pc1:SV1,30,10589,1280,720,1791279398882.643
2026-10-06T11:36:40.883,pc1:SV1,30,10649,1280,720,1791279400882.344
2026-10-06T11:36:42.883,pc1:SV1,30,10709,1280,720,1791279402882.867
2026-10-06T11:36:44.883,pc1:SV1,30,10769,1280,720,1791279404882.981
2026-10-06T11:36:46.883,pc1:SV1,30,10829,1280,720,1791279406882.633
2026-10-06T11:36:48.883,pc1:SV1,30,10889,1280,720,1791279408882.274
2026-10-06T11:36:50.883,pc1:SV1,30,10949,1280,720,1791279410882.918
2026-10-06T11:36:52.886,pc1:SV1,30,11009,1280,720,1791279412884.171
2026-10-06T11:36:54.884,pc1:SV1,30,11069,1280,720,1791279414883.343
2026-10-06T11:36:56.883,pc1:SV1,30,11129,1280,720,1791279416882.947
2026-10-06T11:36:58.882,pc1:SV1,30,11189,1280,720,1791279418882.034
2026-10-06T11:37:00.883,pc1:SV1,30,11249,1280,720,1791279420882.596
2026-10-06T11:37:02.883,pc1:SV1,30,11309,1280,720,1791279422882.877
2026-10-06T11:37:04.884,pc1:SV1,30,11369,1280,720,1791279424883.525
2026-10-06T11:37:06.883,pc1:SV1,30,11429,1280,720,1791279426882.269
2026-10-06T11:37:08.883,pc1:SV1,30,11489,1280,720,1791279428882.857
2026-10-06T11:37:10.883,pc1:SV1,30,11549,1280,720,1791279430882.885
2026-10-06T11:37:12.883,pc1:SV1,30,11609,1280,720,1791279432883.162
2026-10-06T11:37:14.883,pc1:SV1,30,11669,1280,720,1791279434883.113
2026-10-06T11:37:16.883,pc1:SV1,30,11729,1280,720,1791279436882.411
2026-10-06T11:37:18.883,pc1:SV1,30,11789,1280,720,1791279438883.02
2026-10-06T11:37:20.883,pc1:SV1,30,11849,1280,720,1791279440882.576
2026-10-06T11:37:22.884,pc1:SV1,30,11909,1280,720,1791279442883.751
2026-10-06T11:37:24.882,pc1:SV1,30,11969,1280,720,1791279444882.188
2026-10-06T11:37:26.883,pc1:SV1,30,12029,1280,720,1791279446882.965
2026-10-06T11:37:28.883,pc1:SV1,30,12089,1280,720,1791279448883.047
2026-10-06T11:37:30.882,pc1:SV1,30,12149,1280,720,1791279450882.049
2026-10-06T11:37:32.882,pc1:SV1,30,12209,1280,720,1791279452882.292
2026-10-06T11:37:34.884,pc1:SV1,30,12269,1280,720,1791279454883.298
2026-10-06T11:37:36.883,pc1:SV1,30,12329,1280,720,1791279456883.123
2026-10-06T11:37:38.883,pc1:SV1,30,12389,1280,720,1791279458882.8
2026-10-06T11:37:40.882,pc1:SV1,30,12449,1280,720,1791279460882.208
2026-10-06T11:37:42.884,pc1:SV1,30,12509,1280,720,1791279462882.704
2026-10-06T11:37:44.883,pc1:SV1,30,12569,1280,720,1791279464882.763
2026-10-06T11:37:46.883,pc1:SV1,30,12629,1280,720,1791279466882.244
2026-10-06T11:37:48.884,pc1:SV1,30,12689,1280,720,1791279468883.475
2026-10-06T11:37:50.883,pc1:SV1,30,12749,1280,720,1791279470882.678
2026-10-06T11:37:52.882,pc1:SV1,30,12809,1280,720,1791279472881.877
2026-10-06T11:37:54.884,pc1:SV1,30,12869,1280,720,1791279474882.998
2026-10-06T11:37:56.883,pc1:SV1,30,12929,1280,720,1791279476882.638
2026-10-06T11:37:58.883,pc1:SV1,30,12989,1280,720,1791279478882.475
2026-10-06T11:38:00.882,pc1:SV1,30,13049,1280,720,1791279480882.296
2026-10-06T11:38:02.883,pc1:SV1,30,13109,1280,720,1791279482882.748
2026-10-06T11:38:04.883,pc1:SV1,30,13169,1280,720,1791279484882.565
2026-10-06T11:38:06.883,pc1:SV1,30,13229,1280,720,1791279486882.227
2026-10-06T11:38:08.883,pc1:SV1,30,13289,1280,720,1791279488882.314
2026-10-06T11:38:10.884,pc1:SV1,30,13349,1280,720,1791279490883.329
2026-10-06T11:38:12.883,pc1:SV1,30,13409,1280,720,1791279492882.634
2026-10-06T11:38:14.884,pc1:SV1,30,13467,1280,720,1791279494883.158
2026-10-06T11:38:16.882,pc1:SV1,30,13527,1280,720,1791279496882.123
