ts_paris,marker,n_procs,cpu_pct_machine,cpu_pct_one_core,total_cpu_pct,gpu_videoencode_pct,nvenc_util_pct,gpu_videodecode_pct,nvdec_util_pct,gpu_engines_by_adapter,nv_gpu_util_pct
2026-10-06T17:08:22.953,s1ab-pub-ab-cam-2L-on-20261006T150759,9,,,71,0,0,0,0,0x00000000_0x0001163E/p0/VideoDecode=0;0x00000000_0x0001163E/p0/VideoProcessing=0;0x00000000_0x00012950/p0/VideoDecode=0;0x00000000_0x00012950/p0/VideoEncode=0;0x00000000_0x00012950/p0/VideoProcessing=0,0
2026-10-06T17:08:22.953,s1ab-sub-ab-cam-2L-on-20261006T150759,0,,,71,0,0,0,0,0x00000000_0x0001163E/p0/VideoDecode=0;0x00000000_0x0001163E/p0/VideoProcessing=0;0x00000000_0x00012950/p0/VideoDecode=0;0x00000000_0x00012950/p0/VideoEncode=0;0x00000000_0x00012950/p0/VideoProcessing=0,0
2026-10-06T17:08:26.043,s1ab-pub-ab-cam-2L-on-20261006T150759,9,13,104.4,44,0,0,2,0,0x00000000_0x0001163E/p0/VideoDecode=2;0x00000000_0x0001163E/p0/VideoProcessing=3;0x00000000_0x00012950/p0/VideoDecode=0;0x00000000_0x00012950/p0/VideoEncode=0;0x00000000_0x00012950/p0/VideoProcessing=0,0
2026-10-06T17:08:26.043,s1ab-sub-ab-cam-2L-on-20261006T150759,0,0,0,44,0,0,2,0,0x00000000_0x0001163E/p0/VideoDecode=2;0x00000000_0x0001163E/p0/VideoProcessing=3;0x00000000_0x00012950/p0/VideoDecode=0;0x00000000_0x00012950/p0/VideoEncode=0;0x00000000_0x00012950/p0/VideoProcessing=0,0
2026-10-06T17:08:27.620,s1ab-pub-ab-cam-2L-on-20261006T150759,9,6.7,53.4,100,0,0,2,0,0x00000000_0x0001163E/p0/VideoDecode=2;0x00000000_0x0001163E/p0/VideoProcessing=4;0x00000000_0x00012950/p0/VideoDecode=0;0x00000000_0x00012950/p0/VideoEncode=0;0x00000000_0x00012950/p0/VideoProcessing=0,0
2026-10-06T17:08:27.620,s1ab-sub-ab-cam-2L-on-20261006T150759,0,0,0,100,0,0,2,0,0x00000000_0x0001163E/p0/VideoDecode=2;0x00000000_0x0001163E/p0/VideoProcessing=4;0x00000000_0x00012950/p0/VideoDecode=0;0x00000000_0x00012950/p0/VideoEncode=0;0x00000000_0x00012950/p0/VideoProcessing=0,0
2026-10-06T17:08:29.532,s1ab-pub-ab-cam-2L-on-20261006T150759,9,10.6,84.6,90,0,0,2,0,0x00000000_0x0001163E/p0/VideoDecode=2;0x00000000_0x0001163E/p0/VideoProcessing=4;0x00000000_0x00012950/p0/VideoDecode=0;0x00000000_0x00012950/p0/VideoEncode=0;0x00000000_0x00012950/p0/VideoProcessing=0,0
2026-10-06T17:08:29.532,s1ab-sub-ab-cam-2L-on-20261006T150759,0,0,0,90,0,0,2,0,0x00000000_0x0001163E/p0/VideoDecode=2;0x00000000_0x0001163E/p0/VideoProcessing=4;0x00000000_0x00012950/p0/VideoDecode=0;0x00000000_0x00012950/p0/VideoEncode=0;0x00000000_0x00012950/p0/VideoProcessing=0,0
2026-10-06T17:08:31.249,s1ab-pub-ab-cam-2L-on-20261006T150759,9,3.6,28.7,53,0,0,2,0,0x00000000_0x0001163E/p0/VideoDecode=2;0x00000000_0x0001163E/p0/VideoProcessing=4;0x00000000_0x00012950/p0/VideoDecode=0;0x00000000_0x00012950/p0/VideoEncode=0;0x00000000_0x00012950/p0/VideoProcessing=0,0
2026-10-06T17:08:31.249,s1ab-sub-ab-cam-2L-on-20261006T150759,0,0,0,53,0,0,2,0,0x00000000_0x0001163E/p0/VideoDecode=2;0x00000000_0x0001163E/p0/VideoProcessing=4;0x00000000_0x00012950/p0/VideoDecode=0;0x00000000_0x00012950/p0/VideoEncode=0;0x00000000_0x00012950/p0/VideoProcessing=0,0
2026-10-06T17:08:33.589,s1ab-pub-ab-cam-2L-on-20261006T150759,10,4.9,39.5,67,0,0,2,0,0x00000000_0x0001163E/p0/VideoDecode=2;0x00000000_0x0001163E/p0/VideoProcessing=4;0x00000000_0x00012950/p0/VideoDecode=0;0x00000000_0x00012950/p0/VideoEncode=0;0x00000000_0x00012950/p0/VideoProcessing=0,0
2026-10-06T17:08:33.589,s1ab-sub-ab-cam-2L-on-20261006T150759,11,55.3,442.3,67,0,0,2,0,0x00000000_0x0001163E/p0/VideoDecode=2;0x00000000_0x0001163E/p0/VideoProcessing=4;0x00000000_0x00012950/p0/VideoDecode=0;0x00000000_0x00012950/p0/VideoEncode=0;0x00000000_0x00012950/p0/VideoProcessing=0,0
2026-10-06T17:08:35.558,s1ab-pub-ab-cam-2L-on-20261006T150759,10,5,40.3,37,0,0,2,0,0x00000000_0x0001163E/p0/VideoDecode=2;0x00000000_0x0001163E/p0/VideoProcessing=4;0x00000000_0x00012950/p0/VideoDecode=0;0x00000000_0x00012950/p0/VideoEncode=0;0x00000000_0x00012950/p0/VideoProcessing=0,0
2026-10-06T17:08:35.558,s1ab-sub-ab-cam-2L-on-20261006T150759,11,2.5,20.2,37,0,0,2,0,0x00000000_0x0001163E/p0/VideoDecode=2;0x00000000_0x0001163E/p0/VideoProcessing=4;0x00000000_0x00012950/p0/VideoDecode=0;0x00000000_0x00012950/p0/VideoEncode=0;0x00000000_0x00012950/p0/VideoProcessing=0,0
2026-10-06T17:08:37.578,s1ab-pub-ab-cam-2L-on-20261006T150759,10,3.7,29.5,23,0,0,2,0,0x00000000_0x0001163E/p0/VideoDecode=2;0x00000000_0x0001163E/p0/VideoProcessing=4;0x00000000_0x00012950/p0/VideoDecode=0;0x00000000_0x00012950/p0/VideoEncode=0;0x00000000_0x00012950/p0/VideoProcessing=0,0
2026-10-06T17:08:37.578,s1ab-sub-ab-cam-2L-on-20261006T150759,11,2.2,17.8,23,0,0,2,0,0x00000000_0x0001163E/p0/VideoDecode=2;0x00000000_0x0001163E/p0/VideoProcessing=4;0x00000000_0x00012950/p0/VideoDecode=0;0x00000000_0x00012950/p0/VideoEncode=0;0x00000000_0x00012950/p0/VideoProcessing=0,0
2026-10-06T17:08:39.588,s1ab-pub-ab-cam-2L-on-20261006T150759,10,2.9,23.3,19,0,0,2,0,0x00000000_0x0001163E/p0/VideoDecode=2;0x00000000_0x0001163E/p0/VideoProcessing=4;0x00000000_0x00012950/p0/VideoDecode=0;0x00000000_0x00012950/p0/VideoEncode=0;0x00000000_0x00012950/p0/VideoProcessing=0,0
2026-10-06T17:08:39.588,s1ab-sub-ab-cam-2L-on-20261006T150759,11,1.4,10.9,19,0,0,2,0,0x00000000_0x0001163E/p0/VideoDecode=2;0x00000000_0x0001163E/p0/VideoProcessing=4;0x00000000_0x00012950/p0/VideoDecode=0;0x00000000_0x00012950/p0/VideoEncode=0;0x00000000_0x00012950/p0/VideoProcessing=0,0
2026-10-06T17:08:41.627,s1ab-pub-ab-cam-2L-on-20261006T150759,10,3.8,30.3,32,0,0,2,0,0x00000000_0x0001163E/p0/VideoDecode=2;0x00000000_0x0001163E/p0/VideoProcessing=4;0x00000000_0x00012950/p0/VideoDecode=0;0x00000000_0x00012950/p0/VideoEncode=0;0x00000000_0x00012950/p0/VideoProcessing=0,0
2026-10-06T17:08:41.627,s1ab-sub-ab-cam-2L-on-20261006T150759,11,2.3,18.7,32,0,0,2,0,0x00000000_0x0001163E/p0/VideoDecode=2;0x00000000_0x0001163E/p0/VideoProcessing=4;0x00000000_0x00012950/p0/VideoDecode=0;0x00000000_0x00012950/p0/VideoEncode=0;0x00000000_0x00012950/p0/VideoProcessing=0,0
2026-10-06T17:08:44.220,s1ab-pub-ab-cam-2L-on-20261006T150759,10,5.6,44.9,43,0,0,2,0,0x00000000_0x0001163E/p0/VideoDecode=2;0x00000000_0x0001163E/p0/VideoProcessing=4;0x00000000_0x00012950/p0/VideoDecode=0;0x00000000_0x00012950/p0/VideoEncode=0;0x00000000_0x00012950/p0/VideoProcessing=0,0
2026-10-06T17:08:44.220,s1ab-sub-ab-cam-2L-on-20261006T150759,11,2.5,19.7,43,0,0,2,0,0x00000000_0x0001163E/p0/VideoDecode=2;0x00000000_0x0001163E/p0/VideoProcessing=4;0x00000000_0x00012950/p0/VideoDecode=0;0x00000000_0x00012950/p0/VideoEncode=0;0x00000000_0x00012950/p0/VideoProcessing=0,0
2026-10-06T17:08:46.217,s1ab-pub-ab-cam-2L-on-20261006T150759,10,4.6,36.6,83,0,0,2,0,0x00000000_0x0001163E/p0/VideoDecode=2;0x00000000_0x0001163E/p0/VideoProcessing=2;0x00000000_0x00012950/p0/VideoDecode=0;0x00000000_0x00012950/p0/VideoEncode=0;0x00000000_0x00012950/p0/VideoProcessing=0,0
2026-10-06T17:08:46.217,s1ab-sub-ab-cam-2L-on-20261006T150759,11,2.8,22.6,83,0,0,2,0,0x00000000_0x0001163E/p0/VideoDecode=2;0x00000000_0x0001163E/p0/VideoProcessing=2;0x00000000_0x00012950/p0/VideoDecode=0;0x00000000_0x00012950/p0/VideoEncode=0;0x00000000_0x00012950/p0/VideoProcessing=0,0
2026-10-06T17:08:47.907,s1ab-pub-ab-cam-2L-on-20261006T150759,10,3.7,29.4,33,0,0,2,0,0x00000000_0x0001163E/p0/VideoDecode=2;0x00000000_0x0001163E/p0/VideoProcessing=2;0x00000000_0x00012950/p0/VideoDecode=0;0x00000000_0x00012950/p0/VideoEncode=0;0x00000000_0x00012950/p0/VideoProcessing=0,0
2026-10-06T17:08:47.907,s1ab-sub-ab-cam-2L-on-20261006T150759,11,1.2,9.3,33,0,0,2,0,0x00000000_0x0001163E/p0/VideoDecode=2;0x00000000_0x0001163E/p0/VideoProcessing=2;0x00000000_0x00012950/p0/VideoDecode=0;0x00000000_0x00012950/p0/VideoEncode=0;0x00000000_0x00012950/p0/VideoProcessing=0,0
2026-10-06T17:08:49.876,s1ab-pub-ab-cam-2L-on-20261006T150759,10,2.5,20.1,27,0,0,2,0,0x00000000_0x0001163E/p0/VideoDecode=2;0x00000000_0x0001163E/p0/VideoProcessing=4;0x00000000_0x00012950/p0/VideoDecode=0;0x00000000_0x00012950/p0/VideoEncode=0;0x00000000_0x00012950/p0/VideoProcessing=0,0
2026-10-06T17:08:49.876,s1ab-sub-ab-cam-2L-on-20261006T150759,11,3,24,27,0,0,2,0,0x00000000_0x0001163E/p0/VideoDecode=2;0x00000000_0x0001163E/p0/VideoProcessing=4;0x00000000_0x00012950/p0/VideoDecode=0;0x00000000_0x00012950/p0/VideoEncode=0;0x00000000_0x00012950/p0/VideoProcessing=0,0
2026-10-06T17:08:51.866,s1ab-pub-ab-cam-2L-on-20261006T150759,10,5.4,43.6,29,0,0,2,0,0x00000000_0x0001163E/p0/VideoDecode=2;0x00000000_0x0001163E/p0/VideoProcessing=3;0x00000000_0x00012950/p0/VideoDecode=0;0x00000000_0x00012950/p0/VideoEncode=0;0x00000000_0x00012950/p0/VideoProcessing=0,0
2026-10-06T17:08:51.866,s1ab-sub-ab-cam-2L-on-20261006T150759,11,2,15.6,29,0,0,2,0,0x00000000_0x0001163E/p0/VideoDecode=2;0x00000000_0x0001163E/p0/VideoProcessing=3;0x00000000_0x00012950/p0/VideoDecode=0;0x00000000_0x00012950/p0/VideoEncode=0;0x00000000_0x00012950/p0/VideoProcessing=0,0
2026-10-06T17:08:54.152,s1ab-pub-ab-cam-2L-on-20261006T150759,10,10.7,85.4,45,0,0,2,0,0x00000000_0x0001163E/p0/VideoDecode=2;0x00000000_0x0001163E/p0/VideoProcessing=4;0x00000000_0x00012950/p0/VideoDecode=0;0x00000000_0x00012950/p0/VideoEncode=0;0x00000000_0x00012950/p0/VideoProcessing=0,0
2026-10-06T17:08:54.152,s1ab-sub-ab-cam-2L-on-20261006T150759,11,2.4,18.9,45,0,0,2,0,0x00000000_0x0001163E/p0/VideoDecode=2;0x00000000_0x0001163E/p0/VideoProcessing=4;0x00000000_0x00012950/p0/VideoDecode=0;0x00000000_0x00012950/p0/VideoEncode=0;0x00000000_0x00012950/p0/VideoProcessing=0,0
2026-10-06T17:08:56.154,s1ab-pub-ab-cam-2L-on-20261006T150759,10,10.2,81.7,28,0,0,1,0,0x00000000_0x0001163E/p0/VideoDecode=1;0x00000000_0x0001163E/p0/VideoProcessing=3;0x00000000_0x00012950/p0/VideoDecode=0;0x00000000_0x00012950/p0/VideoEncode=0;0x00000000_0x00012950/p0/VideoProcessing=0,0
2026-10-06T17:08:56.154,s1ab-sub-ab-cam-2L-on-20261006T150759,11,3.6,28.5,28,0,0,1,0,0x00000000_0x0001163E/p0/VideoDecode=1;0x00000000_0x0001163E/p0/VideoProcessing=3;0x00000000_0x00012950/p0/VideoDecode=0;0x00000000_0x00012950/p0/VideoEncode=0;0x00000000_0x00012950/p0/VideoProcessing=0,0
2026-10-06T17:08:58.179,s1ab-pub-ab-cam-2L-on-20261006T150759,10,9.2,73.7,29,0,0,2,0,0x00000000_0x0001163E/p0/VideoDecode=2;0x00000000_0x0001163E/p0/VideoProcessing=4;0x00000000_0x00012950/p0/VideoDecode=0;0x00000000_0x00012950/p0/VideoEncode=0;0x00000000_0x00012950/p0/VideoProcessing=0,0
2026-10-06T17:08:58.179,s1ab-sub-ab-cam-2L-on-20261006T150759,11,2.7,21.7,29,0,0,2,0,0x00000000_0x0001163E/p0/VideoDecode=2;0x00000000_0x0001163E/p0/VideoProcessing=4;0x00000000_0x00012950/p0/VideoDecode=0;0x00000000_0x00012950/p0/VideoEncode=0;0x00000000_0x00012950/p0/VideoProcessing=0,0
2026-10-06T17:09:00.176,s1ab-pub-ab-cam-2L-on-20261006T150759,10,8.5,67.7,28,0,0,2,0,0x00000000_0x0001163E/p0/VideoDecode=2;0x00000000_0x0001163E/p0/VideoProcessing=4;0x00000000_0x00012950/p0/VideoDecode=0;0x00000000_0x00012950/p0/VideoEncode=0;0x00000000_0x00012950/p0/VideoProcessing=0,0
2026-10-06T17:09:00.176,s1ab-sub-ab-cam-2L-on-20261006T150759,11,1.7,13.3,28,0,0,2,0,0x00000000_0x0001163E/p0/VideoDecode=2;0x00000000_0x0001163E/p0/VideoProcessing=4;0x00000000_0x00012950/p0/VideoDecode=0;0x00000000_0x00012950/p0/VideoEncode=0;0x00000000_0x00012950/p0/VideoProcessing=0,0
2026-10-06T17:09:02.169,s1ab-pub-ab-cam-2L-on-20261006T150759,10,9.4,74.9,27,0,0,2,0,0x00000000_0x0001163E/p0/VideoDecode=2;0x00000000_0x0001163E/p0/VideoProcessing=4;0x00000000_0x00012950/p0/VideoDecode=0;0x00000000_0x00012950/p0/VideoEncode=0;0x00000000_0x00012950/p0/VideoProcessing=0,0
2026-10-06T17:09:02.169,s1ab-sub-ab-cam-2L-on-20261006T150759,11,2,15.6,27,0,0,2,0,0x00000000_0x0001163E/p0/VideoDecode=2;0x00000000_0x0001163E/p0/VideoProcessing=4;0x00000000_0x00012950/p0/VideoDecode=0;0x00000000_0x00012950/p0/VideoEncode=0;0x00000000_0x00012950/p0/VideoProcessing=0,0
2026-10-06T17:09:04.383,s1ab-pub-ab-cam-2L-on-20261006T150759,9,9.1,72.6,36,0,0,2,0,0x00000000_0x0001163E/p0/VideoDecode=2;0x00000000_0x0001163E/p0/VideoProcessing=4;0x00000000_0x00012950/p0/VideoDecode=0;0x00000000_0x00012950/p0/VideoEncode=0;0x00000000_0x00012950/p0/VideoProcessing=0,0
2026-10-06T17:09:04.383,s1ab-sub-ab-cam-2L-on-20261006T150759,10,1.6,12.7,36,0,0,2,0,0x00000000_0x0001163E/p0/VideoDecode=2;0x00000000_0x0001163E/p0/VideoProcessing=4;0x00000000_0x00012950/p0/VideoDecode=0;0x00000000_0x00012950/p0/VideoEncode=0;0x00000000_0x00012950/p0/VideoProcessing=0,0
2026-10-06T17:09:06.369,s1ab-pub-ab-cam-2L-on-20261006T150759,9,10.3,82.6,30,0,0,2,0,0x00000000_0x0001163E/p0/VideoDecode=2;0x00000000_0x0001163E/p0/VideoProcessing=2;0x00000000_0x00012950/p0/VideoDecode=0;0x00000000_0x00012950/p0/VideoEncode=0;0x00000000_0x00012950/p0/VideoProcessing=0,0
2026-10-06T17:09:06.369,s1ab-sub-ab-cam-2L-on-20261006T150759,10,2,15.6,30,0,0,2,0,0x00000000_0x0001163E/p0/VideoDecode=2;0x00000000_0x0001163E/p0/VideoProcessing=2;0x00000000_0x00012950/p0/VideoDecode=0;0x00000000_0x00012950/p0/VideoEncode=0;0x00000000_0x00012950/p0/VideoProcessing=0,0
2026-10-06T17:09:08.382,s1ab-pub-ab-cam-2L-on-20261006T150759,9,10.2,81.8,42,0,0,1,0,0x00000000_0x0001163E/p0/VideoDecode=1;0x00000000_0x0001163E/p0/VideoProcessing=3;0x00000000_0x00012950/p0/VideoDecode=0;0x00000000_0x00012950/p0/VideoEncode=0;0x00000000_0x00012950/p0/VideoProcessing=0,0
2026-10-06T17:09:08.382,s1ab-sub-ab-cam-2L-on-20261006T150759,10,1.6,12.5,42,0,0,1,0,0x00000000_0x0001163E/p0/VideoDecode=1;0x00000000_0x0001163E/p0/VideoProcessing=3;0x00000000_0x00012950/p0/VideoDecode=0;0x00000000_0x00012950/p0/VideoEncode=0;0x00000000_0x00012950/p0/VideoProcessing=0,0
2026-10-06T17:09:10.411,s1ab-pub-ab-cam-2L-on-20261006T150759,9,8.4,67.1,35,0,0,1,0,0x00000000_0x0001163E/p0/VideoDecode=1;0x00000000_0x0001163E/p0/VideoProcessing=3;0x00000000_0x00012950/p0/VideoDecode=0;0x00000000_0x00012950/p0/VideoEncode=0;0x00000000_0x00012950/p0/VideoProcessing=0,0
2026-10-06T17:09:10.411,s1ab-sub-ab-cam-2L-on-20261006T150759,10,2.2,17.9,35,0,0,1,0,0x00000000_0x0001163E/p0/VideoDecode=1;0x00000000_0x0001163E/p0/VideoProcessing=3;0x00000000_0x00012950/p0/VideoDecode=0;0x00000000_0x00012950/p0/VideoEncode=0;0x00000000_0x00012950/p0/VideoProcessing=0,0
2026-10-06T17:09:12.382,s1ab-pub-ab-cam-2L-on-20261006T150759,9,10.8,86.2,32,0,0,2,0,0x00000000_0x0001163E/p0/VideoDecode=2;0x00000000_0x0001163E/p0/VideoProcessing=3;0x00000000_0x00012950/p0/VideoDecode=0;0x00000000_0x00012950/p0/VideoEncode=0;0x00000000_0x00012950/p0/VideoProcessing=0,0
2026-10-06T17:09:12.382,s1ab-sub-ab-cam-2L-on-20261006T150759,10,1.2,9.3,32,0,0,2,0,0x00000000_0x0001163E/p0/VideoDecode=2;0x00000000_0x0001163E/p0/VideoProcessing=3;0x00000000_0x00012950/p0/VideoDecode=0;0x00000000_0x00012950/p0/VideoEncode=0;0x00000000_0x00012950/p0/VideoProcessing=0,0
2026-10-06T17:09:14.616,s1ab-pub-ab-cam-2L-on-20261006T150759,9,10.2,82,48,0,0,1,0,0x00000000_0x0001163E/p0/VideoDecode=1;0x00000000_0x0001163E/p0/VideoProcessing=3;0x00000000_0x00012950/p0/VideoDecode=0;0x00000000_0x00012950/p0/VideoEncode=0;0x00000000_0x00012950/p0/VideoProcessing=0,0
2026-10-06T17:09:14.616,s1ab-sub-ab-cam-2L-on-20261006T150759,10,1.5,11.9,48,0,0,1,0,0x00000000_0x0001163E/p0/VideoDecode=1;0x00000000_0x0001163E/p0/VideoProcessing=3;0x00000000_0x00012950/p0/VideoDecode=0;0x00000000_0x00012950/p0/VideoEncode=0;0x00000000_0x00012950/p0/VideoProcessing=0,0
2026-10-06T17:09:16.633,s1ab-pub-ab-cam-2L-on-20261006T150759,9,7.8,62.3,57,0,0,2,0,0x00000000_0x0001163E/p0/VideoDecode=2;0x00000000_0x0001163E/p0/VideoProcessing=3;0x00000000_0x00012950/p0/VideoDecode=0;0x00000000_0x00012950/p0/VideoEncode=0;0x00000000_0x00012950/p0/VideoProcessing=0,0
2026-10-06T17:09:16.633,s1ab-sub-ab-cam-2L-on-20261006T150759,10,1.8,14,57,0,0,2,0,0x00000000_0x0001163E/p0/VideoDecode=2;0x00000000_0x0001163E/p0/VideoProcessing=3;0x00000000_0x00012950/p0/VideoDecode=0;0x00000000_0x00012950/p0/VideoEncode=0;0x00000000_0x00012950/p0/VideoProcessing=0,0
2026-10-06T17:09:18.652,s1ab-pub-ab-cam-2L-on-20261006T150759,9,9,72.3,35,0,0,2,0,0x00000000_0x0001163E/p0/VideoDecode=2;0x00000000_0x0001163E/p0/VideoProcessing=4;0x00000000_0x00012950/p0/VideoDecode=0;0x00000000_0x00012950/p0/VideoEncode=0;0x00000000_0x00012950/p0/VideoProcessing=0,0
2026-10-06T17:09:18.652,s1ab-sub-ab-cam-2L-on-20261006T150759,10,1.6,13.2,35,0,0,2,0,0x00000000_0x0001163E/p0/VideoDecode=2;0x00000000_0x0001163E/p0/VideoProcessing=4;0x00000000_0x00012950/p0/VideoDecode=0;0x00000000_0x00012950/p0/VideoEncode=0;0x00000000_0x00012950/p0/VideoProcessing=0,0
2026-10-06T17:09:20.848,s1ab-pub-ab-cam-2L-on-20261006T150759,9,14,111.8,37,0,0,2,0,0x00000000_0x0001163E/p0/VideoDecode=2;0x00000000_0x0001163E/p0/VideoProcessing=3;0x00000000_0x00012950/p0/VideoDecode=0;0x00000000_0x00012950/p0/VideoEncode=0;0x00000000_0x00012950/p0/VideoProcessing=0,0
2026-10-06T17:09:20.848,s1ab-sub-ab-cam-2L-on-20261006T150759,10,3.7,29.5,37,0,0,2,0,0x00000000_0x0001163E/p0/VideoDecode=2;0x00000000_0x0001163E/p0/VideoProcessing=3;0x00000000_0x00012950/p0/VideoDecode=0;0x00000000_0x00012950/p0/VideoEncode=0;0x00000000_0x00012950/p0/VideoProcessing=0,0
2026-10-06T17:09:22.661,s1ab-pub-ab-cam-2L-on-20261006T150759,9,12.6,100.5,34,0,0,2,0,0x00000000_0x0001163E/p0/VideoDecode=2;0x00000000_0x0001163E/p0/VideoProcessing=4;0x00000000_0x00012950/p0/VideoDecode=0;0x00000000_0x00012950/p0/VideoEncode=0;0x00000000_0x00012950/p0/VideoProcessing=0,0
2026-10-06T17:09:22.661,s1ab-sub-ab-cam-2L-on-20261006T150759,10,1.2,10,34,0,0,2,0,0x00000000_0x0001163E/p0/VideoDecode=2;0x00000000_0x0001163E/p0/VideoProcessing=4;0x00000000_0x00012950/p0/VideoDecode=0;0x00000000_0x00012950/p0/VideoEncode=0;0x00000000_0x00012950/p0/VideoProcessing=0,0
2026-10-06T17:09:24.987,s1ab-pub-ab-cam-2L-on-20261006T150759,10,13.4,107.2,48,0,0,2,0,0x00000000_0x0001163E/p0/VideoDecode=2;0x00000000_0x0001163E/p0/VideoProcessing=4;0x00000000_0x00012950/p0/VideoDecode=0;0x00000000_0x00012950/p0/VideoEncode=0;0x00000000_0x00012950/p0/VideoProcessing=0,0
2026-10-06T17:09:24.987,s1ab-sub-ab-cam-2L-on-20261006T150759,10,4.8,38.5,48,0,0,2,0,0x00000000_0x0001163E/p0/VideoDecode=2;0x00000000_0x0001163E/p0/VideoProcessing=4;0x00000000_0x00012950/p0/VideoDecode=0;0x00000000_0x00012950/p0/VideoEncode=0;0x00000000_0x00012950/p0/VideoProcessing=0,0
2026-10-06T17:09:26.889,s1ab-pub-ab-cam-2L-on-20261006T150759,10,11.6,92.9,21,0,0,2,0,0x00000000_0x0001163E/p0/VideoDecode=2;0x00000000_0x0001163E/p0/VideoProcessing=4;0x00000000_0x00012950/p0/VideoDecode=0;0x00000000_0x00012950/p0/VideoEncode=0;0x00000000_0x00012950/p0/VideoProcessing=0,0
2026-10-06T17:09:26.889,s1ab-sub-ab-cam-2L-on-20261006T150759,10,1.8,14.8,21,0,0,2,0,0x00000000_0x0001163E/p0/VideoDecode=2;0x00000000_0x0001163E/p0/VideoProcessing=4;0x00000000_0x00012950/p0/VideoDecode=0;0x00000000_0x00012950/p0/VideoEncode=0;0x00000000_0x00012950/p0/VideoProcessing=0,0
2026-10-06T17:09:28.925,s1ab-pub-ab-cam-2L-on-20261006T150759,10,12.6,100.5,46,0,0,2,0,0x00000000_0x0001163E/p0/VideoDecode=2;0x00000000_0x0001163E/p0/VideoProcessing=4;0x00000000_0x00012950/p0/VideoDecode=0;0x00000000_0x00012950/p0/VideoEncode=0;0x00000000_0x00012950/p0/VideoProcessing=0,0
2026-10-06T17:09:28.925,s1ab-sub-ab-cam-2L-on-20261006T150759,10,0.7,5.4,46,0,0,2,0,0x00000000_0x0001163E/p0/VideoDecode=2;0x00000000_0x0001163E/p0/VideoProcessing=4;0x00000000_0x00012950/p0/VideoDecode=0;0x00000000_0x00012950/p0/VideoEncode=0;0x00000000_0x00012950/p0/VideoProcessing=0,0
2026-10-06T17:09:31.000,s1ab-pub-ab-cam-2L-on-20261006T150759,10,15.4,123.2,33,0,0,2,0,0x00000000_0x0001163E/p0/VideoDecode=2;0x00000000_0x0001163E/p0/VideoProcessing=4;0x00000000_0x00012950/p0/VideoDecode=0;0x00000000_0x00012950/p0/VideoEncode=0;0x00000000_0x00012950/p0/VideoProcessing=0,0
2026-10-06T17:09:31.000,s1ab-sub-ab-cam-2L-on-20261006T150759,10,2.6,20.9,33,0,0,2,0,0x00000000_0x0001163E/p0/VideoDecode=2;0x00000000_0x0001163E/p0/VideoProcessing=4;0x00000000_0x00012950/p0/VideoDecode=0;0x00000000_0x00012950/p0/VideoEncode=0;0x00000000_0x00012950/p0/VideoProcessing=0,0
2026-10-06T17:09:32.992,s1ab-pub-ab-cam-2L-on-20261006T150759,10,13.3,106.1,25,0,0,2,0,0x00000000_0x0001163E/p0/VideoDecode=2;0x00000000_0x0001163E/p0/VideoProcessing=4;0x00000000_0x00012950/p0/VideoDecode=0;0x00000000_0x00012950/p0/VideoEncode=0;0x00000000_0x00012950/p0/VideoProcessing=0,0
2026-10-06T17:09:32.992,s1ab-sub-ab-cam-2L-on-20261006T150759,10,2.5,20.3,25,0,0,2,0,0x00000000_0x0001163E/p0/VideoDecode=2;0x00000000_0x0001163E/p0/VideoProcessing=4;0x00000000_0x00012950/p0/VideoDecode=0;0x00000000_0x00012950/p0/VideoEncode=0;0x00000000_0x00012950/p0/VideoProcessing=0,0
2026-10-06T17:09:35.285,s1ab-pub-ab-cam-2L-on-20261006T150759,10,14.4,115.3,63,0,0,2,0,0x00000000_0x0001163E/p0/VideoDecode=2;0x00000000_0x0001163E/p0/VideoProcessing=4;0x00000000_0x00012950/p0/VideoDecode=0;0x00000000_0x00012950/p0/VideoEncode=0;0x00000000_0x00012950/p0/VideoProcessing=0,0
2026-10-06T17:09:35.285,s1ab-sub-ab-cam-2L-on-20261006T150759,11,4.3,34.7,63,0,0,2,0,0x00000000_0x0001163E/p0/VideoDecode=2;0x00000000_0x0001163E/p0/VideoProcessing=4;0x00000000_0x00012950/p0/VideoDecode=0;0x00000000_0x00012950/p0/VideoEncode=0;0x00000000_0x00012950/p0/VideoProcessing=0,0
2026-10-06T17:09:37.316,s1ab-pub-ab-cam-2L-on-20261006T150759,10,15,120.2,48,0,0,2,0,0x00000000_0x0001163E/p0/VideoDecode=2;0x00000000_0x0001163E/p0/VideoProcessing=4;0x00000000_0x00012950/p0/VideoDecode=0;0x00000000_0x00012950/p0/VideoEncode=0;0x00000000_0x00012950/p0/VideoProcessing=0,0
2026-10-06T17:09:37.316,s1ab-sub-ab-cam-2L-on-20261006T150759,11,2.2,17.9,48,0,0,2,0,0x00000000_0x0001163E/p0/VideoDecode=2;0x00000000_0x0001163E/p0/VideoProcessing=4;0x00000000_0x00012950/p0/VideoDecode=0;0x00000000_0x00012950/p0/VideoEncode=0;0x00000000_0x00012950/p0/VideoProcessing=0,0
2026-10-06T17:09:39.264,s1ab-pub-ab-cam-2L-on-20261006T150759,10,15.2,121.9,39,0,0,1,0,0x00000000_0x0001163E/p0/VideoDecode=1;0x00000000_0x0001163E/p0/VideoProcessing=3;0x00000000_0x00012950/p0/VideoDecode=0;0x00000000_0x00012950/p0/VideoEncode=0;0x00000000_0x00012950/p0/VideoProcessing=0,0
2026-10-06T17:09:39.264,s1ab-sub-ab-cam-2L-on-20261006T150759,11,2.6,21,39,0,0,1,0,0x00000000_0x0001163E/p0/VideoDecode=1;0x00000000_0x0001163E/p0/VideoProcessing=3;0x00000000_0x00012950/p0/VideoDecode=0;0x00000000_0x00012950/p0/VideoEncode=0;0x00000000_0x00012950/p0/VideoProcessing=0,0
2026-10-06T17:09:41.290,s1ab-pub-ab-cam-2L-on-20261006T150759,10,16.5,132.1,54,0,0,1,0,0x00000000_0x0001163E/p0/VideoDecode=1;0x00000000_0x0001163E/p0/VideoProcessing=3;0x00000000_0x00012950/p0/VideoDecode=0;0x00000000_0x00012950/p0/VideoEncode=0;0x00000000_0x00012950/p0/VideoProcessing=0,0
2026-10-06T17:09:41.290,s1ab-sub-ab-cam-2L-on-20261006T150759,11,3.2,25.7,54,0,0,1,0,0x00000000_0x0001163E/p0/VideoDecode=1;0x00000000_0x0001163E/p0/VideoProcessing=3;0x00000000_0x00012950/p0/VideoDecode=0;0x00000000_0x00012950/p0/VideoEncode=0;0x00000000_0x00012950/p0/VideoProcessing=0,0
2026-10-06T17:09:43.319,s1ab-pub-ab-cam-2L-on-20261006T150759,10,14.7,117.7,59,0,0,2,0,0x00000000_0x0001163E/p0/VideoDecode=2;0x00000000_0x0001163E/p0/VideoProcessing=4;0x00000000_0x00012950/p0/VideoDecode=0;0x00000000_0x00012950/p0/VideoEncode=0;0x00000000_0x00012950/p0/VideoProcessing=0,0
2026-10-06T17:09:43.319,s1ab-sub-ab-cam-2L-on-20261006T150759,11,4.7,37.4,59,0,0,2,0,0x00000000_0x0001163E/p0/VideoDecode=2;0x00000000_0x0001163E/p0/VideoProcessing=4;0x00000000_0x00012950/p0/VideoDecode=0;0x00000000_0x00012950/p0/VideoEncode=0;0x00000000_0x00012950/p0/VideoProcessing=0,0
2026-10-06T17:09:45.595,s1ab-pub-ab-cam-2L-on-20261006T150759,10,16.1,129,68,0,0,2,0,0x00000000_0x0001163E/p0/VideoDecode=2;0x00000000_0x0001163E/p0/VideoProcessing=3;0x00000000_0x00012950/p0/VideoDecode=0;0x00000000_0x00012950/p0/VideoEncode=0;0x00000000_0x00012950/p0/VideoProcessing=0,0
2026-10-06T17:09:45.595,s1ab-sub-ab-cam-2L-on-20261006T150759,11,5,39.6,68,0,0,2,0,0x00000000_0x0001163E/p0/VideoDecode=2;0x00000000_0x0001163E/p0/VideoProcessing=3;0x00000000_0x00012950/p0/VideoDecode=0;0x00000000_0x00012950/p0/VideoEncode=0;0x00000000_0x00012950/p0/VideoProcessing=0,0
2026-10-06T17:09:47.549,s1ab-pub-ab-cam-2L-on-20261006T150759,10,16.3,130.4,55,0,0,1,0,0x00000000_0x0001163E/p0/VideoDecode=1;0x00000000_0x0001163E/p0/VideoProcessing=3;0x00000000_0x00012950/p0/VideoDecode=0;0x00000000_0x00012950/p0/VideoEncode=0;0x00000000_0x00012950/p0/VideoProcessing=0,0
2026-10-06T17:09:47.549,s1ab-sub-ab-cam-2L-on-20261006T150759,11,3,24,55,0,0,1,0,0x00000000_0x0001163E/p0/VideoDecode=1;0x00000000_0x0001163E/p0/VideoProcessing=3;0x00000000_0x00012950/p0/VideoDecode=0;0x00000000_0x00012950/p0/VideoEncode=0;0x00000000_0x00012950/p0/VideoProcessing=0,0
2026-10-06T17:09:49.602,s1ab-pub-ab-cam-2L-on-20261006T150759,10,18.5,147.9,43,0,0,2,0,0x00000000_0x0001163E/p0/VideoDecode=2;0x00000000_0x0001163E/p0/VideoProcessing=4;0x00000000_0x00012950/p0/VideoDecode=0;0x00000000_0x00012950/p0/VideoEncode=0;0x00000000_0x00012950/p0/VideoProcessing=0,0
2026-10-06T17:09:49.602,s1ab-sub-ab-cam-2L-on-20261006T150759,11,3.4,27.1,43,0,0,2,0,0x00000000_0x0001163E/p0/VideoDecode=2;0x00000000_0x0001163E/p0/VideoProcessing=4;0x00000000_0x00012950/p0/VideoDecode=0;0x00000000_0x00012950/p0/VideoEncode=0;0x00000000_0x00012950/p0/VideoProcessing=0,0
2026-10-06T17:09:51.617,s1ab-pub-ab-cam-2L-on-20261006T150759,10,18.6,148.9,48,0,0,2,0,0x00000000_0x0001163E/p0/VideoDecode=2;0x00000000_0x0001163E/p0/VideoProcessing=3;0x00000000_0x00012950/p0/VideoDecode=0;0x00000000_0x00012950/p0/VideoEncode=0;0x00000000_0x00012950/p0/VideoProcessing=0,0
2026-10-06T17:09:51.617,s1ab-sub-ab-cam-2L-on-20261006T150759,11,3.2,25.7,48,0,0,2,0,0x00000000_0x0001163E/p0/VideoDecode=2;0x00000000_0x0001163E/p0/VideoProcessing=3;0x00000000_0x00012950/p0/VideoDecode=0;0x00000000_0x00012950/p0/VideoEncode=0;0x00000000_0x00012950/p0/VideoProcessing=0,0
2026-10-06T17:09:53.693,s1ab-pub-ab-cam-2L-on-20261006T150759,10,19.1,153.1,49,0,0,2,0,0x00000000_0x0001163E/p0/VideoDecode=2;0x00000000_0x0001163E/p0/VideoProcessing=4;0x00000000_0x00012950/p0/VideoDecode=0;0x00000000_0x00012950/p0/VideoEncode=0;0x00000000_0x00012950/p0/VideoProcessing=0,0
2026-10-06T17:09:53.693,s1ab-sub-ab-cam-2L-on-20261006T150759,11,4.6,37.1,49,0,0,2,0,0x00000000_0x0001163E/p0/VideoDecode=2;0x00000000_0x0001163E/p0/VideoProcessing=4;0x00000000_0x00012950/p0/VideoDecode=0;0x00000000_0x00012950/p0/VideoEncode=0;0x00000000_0x00012950/p0/VideoProcessing=0,0
2026-10-06T17:09:55.979,s1ab-pub-ab-cam-2L-on-20261006T150759,10,22,175.9,76,0,0,2,0,0x00000000_0x0001163E/p0/VideoDecode=2;0x00000000_0x0001163E/p0/VideoProcessing=3;0x00000000_0x00012950/p0/VideoDecode=0;0x00000000_0x00012950/p0/VideoEncode=0;0x00000000_0x00012950/p0/VideoProcessing=0,0
2026-10-06T17:09:55.979,s1ab-sub-ab-cam-2L-on-20261006T150759,11,7.4,59.1,76,0,0,2,0,0x00000000_0x0001163E/p0/VideoDecode=2;0x00000000_0x0001163E/p0/VideoProcessing=3;0x00000000_0x00012950/p0/VideoDecode=0;0x00000000_0x00012950/p0/VideoEncode=0;0x00000000_0x00012950/p0/VideoProcessing=0,0
2026-10-06T17:09:57.887,s1ab-pub-ab-cam-2L-on-20261006T150759,10,16.4,130.9,57,0,0,2,0,0x00000000_0x0001163E/p0/VideoDecode=2;0x00000000_0x0001163E/p0/VideoProcessing=4;0x00000000_0x00012950/p0/VideoDecode=0;0x00000000_0x00012950/p0/VideoEncode=0;0x00000000_0x00012950/p0/VideoProcessing=0,0
2026-10-06T17:09:57.887,s1ab-sub-ab-cam-2L-on-20261006T150759,11,4.3,34.3,57,0,0,2,0,0x00000000_0x0001163E/p0/VideoDecode=2;0x00000000_0x0001163E/p0/VideoProcessing=4;0x00000000_0x00012950/p0/VideoDecode=0;0x00000000_0x00012950/p0/VideoEncode=0;0x00000000_0x00012950/p0/VideoProcessing=0,0
2026-10-06T17:10:00.107,s1ab-pub-ab-cam-2L-on-20261006T150759,10,21.2,169.9,73,0,0,2,0,0x00000000_0x0001163E/p0/VideoDecode=2;0x00000000_0x0001163E/p0/VideoProcessing=4;0x00000000_0x00012950/p0/VideoDecode=0;0x00000000_0x00012950/p0/VideoEncode=0;0x00000000_0x00012950/p0/VideoProcessing=0,0
2026-10-06T17:10:00.107,s1ab-sub-ab-cam-2L-on-20261006T150759,11,9.1,72.6,73,0,0,2,0,0x00000000_0x0001163E/p0/VideoDecode=2;0x00000000_0x0001163E/p0/VideoProcessing=4;0x00000000_0x00012950/p0/VideoDecode=0;0x00000000_0x00012950/p0/VideoEncode=0;0x00000000_0x00012950/p0/VideoProcessing=0,0
2026-10-06T17:10:01.928,s1ab-pub-ab-cam-2L-on-20261006T150759,10,16.9,135.5,48,0,0,1,0,0x00000000_0x0001163E/p0/VideoDecode=1;0x00000000_0x0001163E/p0/VideoProcessing=4;0x00000000_0x00012950/p0/VideoDecode=0;0x00000000_0x00012950/p0/VideoEncode=0;0x00000000_0x00012950/p0/VideoProcessing=0,0
2026-10-06T17:10:01.928,s1ab-sub-ab-cam-2L-on-20261006T150759,11,4.2,33.5,48,0,0,1,0,0x00000000_0x0001163E/p0/VideoDecode=1;0x00000000_0x0001163E/p0/VideoProcessing=4;0x00000000_0x00012950/p0/VideoDecode=0;0x00000000_0x00012950/p0/VideoEncode=0;0x00000000_0x00012950/p0/VideoProcessing=0,0
2026-10-06T17:10:03.918,s1ab-pub-ab-cam-2L-on-20261006T150759,10,15.8,126.2,68,0,0,2,0,0x00000000_0x0001163E/p0/VideoDecode=2;0x00000000_0x0001163E/p0/VideoProcessing=4;0x00000000_0x00012950/p0/VideoDecode=0;0x00000000_0x00012950/p0/VideoEncode=0;0x00000000_0x00012950/p0/VideoProcessing=0,0
2026-10-06T17:10:03.918,s1ab-sub-ab-cam-2L-on-20261006T150759,11,2.5,20.2,68,0,0,2,0,0x00000000_0x0001163E/p0/VideoDecode=2;0x00000000_0x0001163E/p0/VideoProcessing=4;0x00000000_0x00012950/p0/VideoDecode=0;0x00000000_0x00012950/p0/VideoEncode=0;0x00000000_0x00012950/p0/VideoProcessing=0,0
2026-10-06T17:10:06.314,s1ab-pub-ab-cam-2L-on-20261006T150759,10,18.1,144.5,67,0,0,2,0,0x00000000_0x0001163E/p0/VideoDecode=2;0x00000000_0x0001163E/p0/VideoProcessing=4;0x00000000_0x00012950/p0/VideoDecode=0;0x00000000_0x00012950/p0/VideoEncode=0;0x00000000_0x00012950/p0/VideoProcessing=0,0
2026-10-06T17:10:06.314,s1ab-sub-ab-cam-2L-on-20261006T150759,11,3.8,30.2,67,0,0,2,0,0x00000000_0x0001163E/p0/VideoDecode=2;0x00000000_0x0001163E/p0/VideoProcessing=4;0x00000000_0x00012950/p0/VideoDecode=0;0x00000000_0x00012950/p0/VideoEncode=0;0x00000000_0x00012950/p0/VideoProcessing=0,0
2026-10-06T17:10:08.273,s1ab-pub-ab-cam-2L-on-20261006T150759,10,15.8,126,43,0,0,2,0,0x00000000_0x0001163E/p0/VideoDecode=2;0x00000000_0x0001163E/p0/VideoProcessing=3;0x00000000_0x00012950/p0/VideoDecode=0;0x00000000_0x00012950/p0/VideoEncode=0;0x00000000_0x00012950/p0/VideoProcessing=0,0
2026-10-06T17:10:08.273,s1ab-sub-ab-cam-2L-on-20261006T150759,11,2.5,20.1,43,0,0,2,0,0x00000000_0x0001163E/p0/VideoDecode=2;0x00000000_0x0001163E/p0/VideoProcessing=3;0x00000000_0x00012950/p0/VideoDecode=0;0x00000000_0x00012950/p0/VideoEncode=0;0x00000000_0x00012950/p0/VideoProcessing=0,0
2026-10-06T17:10:10.242,s1ab-pub-ab-cam-2L-on-20261006T150759,10,16.8,134,47,0,0,2,0,0x00000000_0x0001163E/p0/VideoDecode=2;0x00000000_0x0001163E/p0/VideoProcessing=4;0x00000000_0x00012950/p0/VideoDecode=0;0x00000000_0x00012950/p0/VideoEncode=0;0x00000000_0x00012950/p0/VideoProcessing=0,0
2026-10-06T17:10:10.242,s1ab-sub-ab-cam-2L-on-20261006T150759,11,2.8,22.6,47,0,0,2,0,0x00000000_0x0001163E/p0/VideoDecode=2;0x00000000_0x0001163E/p0/VideoProcessing=4;0x00000000_0x00012950/p0/VideoDecode=0;0x00000000_0x00012950/p0/VideoEncode=0;0x00000000_0x00012950/p0/VideoProcessing=0,0
2026-10-06T17:10:12.279,s1ab-pub-ab-cam-2L-on-20261006T150759,10,17.3,138.7,39,0,0,2,0,0x00000000_0x0001163E/p0/VideoDecode=2;0x00000000_0x0001163E/p0/VideoProcessing=2;0x00000000_0x00012950/p0/VideoDecode=0;0x00000000_0x00012950/p0/VideoEncode=0;0x00000000_0x00012950/p0/VideoProcessing=0,0
2026-10-06T17:10:12.279,s1ab-sub-ab-cam-2L-on-20261006T150759,11,3.6,28.8,39,0,0,2,0,0x00000000_0x0001163E/p0/VideoDecode=2;0x00000000_0x0001163E/p0/VideoProcessing=2;0x00000000_0x00012950/p0/VideoDecode=0;0x00000000_0x00012950/p0/VideoEncode=0;0x00000000_0x00012950/p0/VideoProcessing=0,0
2026-10-06T17:10:14.308,s1ab-pub-ab-cam-2L-on-20261006T150759,10,20.6,164.4,47,0,0,2,0,0x00000000_0x0001163E/p0/VideoDecode=2;0x00000000_0x0001163E/p0/VideoProcessing=4;0x00000000_0x00012950/p0/VideoDecode=0;0x00000000_0x00012950/p0/VideoEncode=0;0x00000000_0x00012950/p0/VideoProcessing=0,0
2026-10-06T17:10:14.308,s1ab-sub-ab-cam-2L-on-20261006T150759,11,3.3,26.4,47,0,0,2,0,0x00000000_0x0001163E/p0/VideoDecode=2;0x00000000_0x0001163E/p0/VideoProcessing=4;0x00000000_0x00012950/p0/VideoDecode=0;0x00000000_0x00012950/p0/VideoEncode=0;0x00000000_0x00012950/p0/VideoProcessing=0,0
2026-10-06T17:10:16.710,s1ab-pub-ab-cam-2L-on-20261006T150759,10,19.7,157.4,96,0,0,2,0,0x00000000_0x0001163E/p0/VideoDecode=2;0x00000000_0x0001163E/p0/VideoProcessing=4;0x00000000_0x00012950/p0/VideoDecode=0;0x00000000_0x00012950/p0/VideoEncode=0;0x00000000_0x00012950/p0/VideoProcessing=0,0
2026-10-06T17:10:16.710,s1ab-sub-ab-cam-2L-on-20261006T150759,11,5,39.9,96,0,0,2,0,0x00000000_0x0001163E/p0/VideoDecode=2;0x00000000_0x0001163E/p0/VideoProcessing=4;0x00000000_0x00012950/p0/VideoDecode=0;0x00000000_0x00012950/p0/VideoEncode=0;0x00000000_0x00012950/p0/VideoProcessing=0,0
2026-10-06T17:10:18.605,s1ab-pub-ab-cam-2L-on-20261006T150759,10,17.3,138.7,62,0,0,2,0,0x00000000_0x0001163E/p0/VideoDecode=2;0x00000000_0x0001163E/p0/VideoProcessing=4;0x00000000_0x00012950/p0/VideoDecode=0;0x00000000_0x00012950/p0/VideoEncode=0;0x00000000_0x00012950/p0/VideoProcessing=0,0
2026-10-06T17:10:18.605,s1ab-sub-ab-cam-2L-on-20261006T150759,11,2.3,18.6,62,0,0,2,0,0x00000000_0x0001163E/p0/VideoDecode=2;0x00000000_0x0001163E/p0/VideoProcessing=4;0x00000000_0x00012950/p0/VideoDecode=0;0x00000000_0x00012950/p0/VideoEncode=0;0x00000000_0x00012950/p0/VideoProcessing=0,0
2026-10-06T17:10:20.684,s1ab-pub-ab-cam-2L-on-20261006T150759,10,17,136.3,49,0,0,2,0,0x00000000_0x0001163E/p0/VideoDecode=2;0x00000000_0x0001163E/p0/VideoProcessing=4;0x00000000_0x00012950/p0/VideoDecode=0;0x00000000_0x00012950/p0/VideoEncode=0;0x00000000_0x00012950/p0/VideoProcessing=0,0
2026-10-06T17:10:20.684,s1ab-sub-ab-cam-2L-on-20261006T150759,11,4.9,39.5,49,0,0,2,0,0x00000000_0x0001163E/p0/VideoDecode=2;0x00000000_0x0001163E/p0/VideoProcessing=4;0x00000000_0x00012950/p0/VideoDecode=0;0x00000000_0x00012950/p0/VideoEncode=0;0x00000000_0x00012950/p0/VideoProcessing=0,0
2026-10-06T17:10:22.634,s1ab-pub-ab-cam-2L-on-20261006T150759,10,15.6,125.2,50,0,0,2,0,0x00000000_0x0001163E/p0/VideoDecode=2;0x00000000_0x0001163E/p0/VideoProcessing=4;0x00000000_0x00012950/p0/VideoDecode=0;0x00000000_0x00012950/p0/VideoEncode=0;0x00000000_0x00012950/p0/VideoProcessing=0,0
2026-10-06T17:10:22.634,s1ab-sub-ab-cam-2L-on-20261006T150759,11,2.5,20.2,50,0,0,2,0,0x00000000_0x0001163E/p0/VideoDecode=2;0x00000000_0x0001163E/p0/VideoProcessing=4;0x00000000_0x00012950/p0/VideoDecode=0;0x00000000_0x00012950/p0/VideoEncode=0;0x00000000_0x00012950/p0/VideoProcessing=0,0
2026-10-06T17:10:24.723,s1ab-pub-ab-cam-2L-on-20261006T150759,10,18,144.4,60,0,0,2,0,0x00000000_0x0001163E/p0/VideoDecode=2;0x00000000_0x0001163E/p0/VideoProcessing=4;0x00000000_0x00012950/p0/VideoDecode=0;0x00000000_0x00012950/p0/VideoEncode=0;0x00000000_0x00012950/p0/VideoProcessing=0,0
2026-10-06T17:10:24.723,s1ab-sub-ab-cam-2L-on-20261006T150759,11,5.1,40.6,60,0,0,2,0,0x00000000_0x0001163E/p0/VideoDecode=2;0x00000000_0x0001163E/p0/VideoProcessing=4;0x00000000_0x00012950/p0/VideoDecode=0;0x00000000_0x00012950/p0/VideoEncode=0;0x00000000_0x00012950/p0/VideoProcessing=0,0
2026-10-06T17:10:26.938,s1ab-pub-ab-cam-2L-on-20261006T150759,10,17.8,142.8,78,0,0,2,0,0x00000000_0x0001163E/p0/VideoDecode=2;0x00000000_0x0001163E/p0/VideoProcessing=4;0x00000000_0x00012950/p0/VideoDecode=0;0x00000000_0x00012950/p0/VideoEncode=0;0x00000000_0x00012950/p0/VideoProcessing=0,0
2026-10-06T17:10:26.938,s1ab-sub-ab-cam-2L-on-20261006T150759,11,4.2,33.8,78,0,0,2,0,0x00000000_0x0001163E/p0/VideoDecode=2;0x00000000_0x0001163E/p0/VideoProcessing=4;0x00000000_0x00012950/p0/VideoDecode=0;0x00000000_0x00012950/p0/VideoEncode=0;0x00000000_0x00012950/p0/VideoProcessing=0,0
2026-10-06T17:10:29.012,s1ab-pub-ab-cam-2L-on-20261006T150759,10,20.7,165.3,70,0,0,2,0,0x00000000_0x0001163E/p0/VideoDecode=2;0x00000000_0x0001163E/p0/VideoProcessing=4;0x00000000_0x00012950/p0/VideoDecode=0;0x00000000_0x00012950/p0/VideoEncode=0;0x00000000_0x00012950/p0/VideoProcessing=0,0
2026-10-06T17:10:29.012,s1ab-sub-ab-cam-2L-on-20261006T150759,11,4.3,34.2,70,0,0,2,0,0x00000000_0x0001163E/p0/VideoDecode=2;0x00000000_0x0001163E/p0/VideoProcessing=4;0x00000000_0x00012950/p0/VideoDecode=0;0x00000000_0x00012950/p0/VideoEncode=0;0x00000000_0x00012950/p0/VideoProcessing=0,0
2026-10-06T17:10:30.940,s1ab-pub-ab-cam-2L-on-20261006T150759,10,16.1,128.5,46,0,0,2,0,0x00000000_0x0001163E/p0/VideoDecode=2;0x00000000_0x0001163E/p0/VideoProcessing=2;0x00000000_0x00012950/p0/VideoDecode=0;0x00000000_0x00012950/p0/VideoEncode=0;0x00000000_0x00012950/p0/VideoProcessing=0,0
2026-10-06T17:10:30.940,s1ab-sub-ab-cam-2L-on-20261006T150759,11,2.9,23.2,46,0,0,2,0,0x00000000_0x0001163E/p0/VideoDecode=2;0x00000000_0x0001163E/p0/VideoProcessing=2;0x00000000_0x00012950/p0/VideoDecode=0;0x00000000_0x00012950/p0/VideoEncode=0;0x00000000_0x00012950/p0/VideoProcessing=0,0
2026-10-06T17:10:32.976,s1ab-pub-ab-cam-2L-on-20261006T150759,10,17.3,138.1,32,0,0,2,0,0x00000000_0x0001163E/p0/VideoDecode=2;0x00000000_0x0001163E/p0/VideoProcessing=4;0x00000000_0x00012950/p0/VideoDecode=0;0x00000000_0x00012950/p0/VideoEncode=0;0x00000000_0x00012950/p0/VideoProcessing=0,0
2026-10-06T17:10:32.976,s1ab-sub-ab-cam-2L-on-20261006T150759,11,3.3,26.2,32,0,0,2,0,0x00000000_0x0001163E/p0/VideoDecode=2;0x00000000_0x0001163E/p0/VideoProcessing=4;0x00000000_0x00012950/p0/VideoDecode=0;0x00000000_0x00012950/p0/VideoEncode=0;0x00000000_0x00012950/p0/VideoProcessing=0,0
2026-10-06T17:10:34.978,s1ab-pub-ab-cam-2L-on-20261006T150759,10,17,136.4,44,0,0,2,0,0x00000000_0x0001163E/p0/VideoDecode=2;0x00000000_0x0001163E/p0/VideoProcessing=4;0x00000000_0x00012950/p0/VideoDecode=0;0x00000000_0x00012950/p0/VideoEncode=0;0x00000000_0x00012950/p0/VideoProcessing=0,0
2026-10-06T17:10:34.978,s1ab-sub-ab-cam-2L-on-20261006T150759,11,4.1,32.7,44,0,0,2,0,0x00000000_0x0001163E/p0/VideoDecode=2;0x00000000_0x0001163E/p0/VideoProcessing=4;0x00000000_0x00012950/p0/VideoDecode=0;0x00000000_0x00012950/p0/VideoEncode=0;0x00000000_0x00012950/p0/VideoProcessing=0,0
2026-10-06T17:10:37.239,s1ab-pub-ab-cam-2L-on-20261006T150759,10,15.4,123.2,60,0,0,2,0,0x00000000_0x0001163E/p0/VideoDecode=2;0x00000000_0x0001163E/p0/VideoProcessing=4;0x00000000_0x00012950/p0/VideoDecode=0;0x00000000_0x00012950/p0/VideoEncode=0;0x00000000_0x00012950/p0/VideoProcessing=0,0
2026-10-06T17:10:37.239,s1ab-sub-ab-cam-2L-on-20261006T150759,11,2,15.7,60,0,0,2,0,0x00000000_0x0001163E/p0/VideoDecode=2;0x00000000_0x0001163E/p0/VideoProcessing=4;0x00000000_0x00012950/p0/VideoDecode=0;0x00000000_0x00012950/p0/VideoEncode=0;0x00000000_0x00012950/p0/VideoProcessing=0,0
2026-10-06T17:10:39.260,s1ab-pub-ab-cam-2L-on-20261006T150759,10,18.6,149,61,0,0,1,0,0x00000000_0x0001163E/p0/VideoDecode=1;0x00000000_0x0001163E/p0/VideoProcessing=4;0x00000000_0x00012950/p0/VideoDecode=0;0x00000000_0x00012950/p0/VideoEncode=0;0x00000000_0x00012950/p0/VideoProcessing=0,0
2026-10-06T17:10:39.260,s1ab-sub-ab-cam-2L-on-20261006T150759,11,2.8,22.5,61,0,0,1,0,0x00000000_0x0001163E/p0/VideoDecode=1;0x00000000_0x0001163E/p0/VideoProcessing=4;0x00000000_0x00012950/p0/VideoDecode=0;0x00000000_0x00012950/p0/VideoEncode=0;0x00000000_0x00012950/p0/VideoProcessing=0,0
2026-10-06T17:10:41.317,s1ab-pub-ab-cam-2L-on-20261006T150759,10,17.4,138.8,49,0,0,2,0,0x00000000_0x0001163E/p0/VideoDecode=2;0x00000000_0x0001163E/p0/VideoProcessing=4;0x00000000_0x00012950/p0/VideoDecode=0;0x00000000_0x00012950/p0/VideoEncode=0;0x00000000_0x00012950/p0/VideoProcessing=0,0
2026-10-06T17:10:41.317,s1ab-sub-ab-cam-2L-on-20261006T150759,11,2.3,18.6,49,0,0,2,0,0x00000000_0x0001163E/p0/VideoDecode=2;0x00000000_0x0001163E/p0/VideoProcessing=4;0x00000000_0x00012950/p0/VideoDecode=0;0x00000000_0x00012950/p0/VideoEncode=0;0x00000000_0x00012950/p0/VideoProcessing=0,0
2026-10-06T17:10:43.275,s1ab-pub-ab-cam-2L-on-20261006T150759,10,16.4,130.9,44,0,0,1,0,0x00000000_0x0001163E/p0/VideoDecode=1;0x00000000_0x0001163E/p0/VideoProcessing=4;0x00000000_0x00012950/p0/VideoDecode=0;0x00000000_0x00012950/p0/VideoEncode=0;0x00000000_0x00012950/p0/VideoProcessing=0,0
2026-10-06T17:10:43.275,s1ab-sub-ab-cam-2L-on-20261006T150759,11,2.8,22.6,44,0,0,1,0,0x00000000_0x0001163E/p0/VideoDecode=1;0x00000000_0x0001163E/p0/VideoProcessing=4;0x00000000_0x00012950/p0/VideoDecode=0;0x00000000_0x00012950/p0/VideoEncode=0;0x00000000_0x00012950/p0/VideoProcessing=0,0
2026-10-06T17:10:45.294,s1ab-pub-ab-cam-2L-on-20261006T150759,10,17.6,140.5,52,0,0,1,0,0x00000000_0x0001163E/p0/VideoDecode=1;0x00000000_0x0001163E/p0/VideoProcessing=4;0x00000000_0x00012950/p0/VideoDecode=0;0x00000000_0x00012950/p0/VideoEncode=0;0x00000000_0x00012950/p0/VideoProcessing=0,0
2026-10-06T17:10:45.294,s1ab-sub-ab-cam-2L-on-20261006T150759,11,4,32,52,0,0,1,0,0x00000000_0x0001163E/p0/VideoDecode=1;0x00000000_0x0001163E/p0/VideoProcessing=4;0x00000000_0x00012950/p0/VideoDecode=0;0x00000000_0x00012950/p0/VideoEncode=0;0x00000000_0x00012950/p0/VideoProcessing=0,0
2026-10-06T17:10:47.625,s1ab-pub-ab-cam-2L-on-20261006T150759,10,19.1,152.5,86,0,0,2,0,0x00000000_0x0001163E/p0/VideoDecode=2;0x00000000_0x0001163E/p0/VideoProcessing=4;0x00000000_0x00012950/p0/VideoDecode=0;0x00000000_0x00012950/p0/VideoEncode=0;0x00000000_0x00012950/p0/VideoProcessing=0,0
2026-10-06T17:10:47.625,s1ab-sub-ab-cam-2L-on-20261006T150759,11,5.4,43.2,86,0,0,2,0,0x00000000_0x0001163E/p0/VideoDecode=2;0x00000000_0x0001163E/p0/VideoProcessing=4;0x00000000_0x00012950/p0/VideoDecode=0;0x00000000_0x00012950/p0/VideoEncode=0;0x00000000_0x00012950/p0/VideoProcessing=0,0
2026-10-06T17:10:49.600,s1ab-pub-ab-cam-2L-on-20261006T150759,10,18.1,144.6,41,0,0,2,0,0x00000000_0x0001163E/p0/VideoDecode=2;0x00000000_0x0001163E/p0/VideoProcessing=3;0x00000000_0x00012950/p0/VideoDecode=0;0x00000000_0x00012950/p0/VideoEncode=0;0x00000000_0x00012950/p0/VideoProcessing=0,0
2026-10-06T17:10:49.600,s1ab-sub-ab-cam-2L-on-20261006T150759,11,3.6,28.9,41,0,0,2,0,0x00000000_0x0001163E/p0/VideoDecode=2;0x00000000_0x0001163E/p0/VideoProcessing=3;0x00000000_0x00012950/p0/VideoDecode=0;0x00000000_0x00012950/p0/VideoEncode=0;0x00000000_0x00012950/p0/VideoProcessing=0,0
2026-10-06T17:10:51.613,s1ab-pub-ab-cam-2L-on-20261006T150759,10,16.2,130,44,0,0,2,0,0x00000000_0x0001163E/p0/VideoDecode=2;0x00000000_0x0001163E/p0/VideoProcessing=4;0x00000000_0x00012950/p0/VideoDecode=0;0x00000000_0x00012950/p0/VideoEncode=0;0x00000000_0x00012950/p0/VideoProcessing=0,0
2026-10-06T17:10:51.613,s1ab-sub-ab-cam-2L-on-20261006T150759,11,2.9,23.4,44,0,0,2,0,0x00000000_0x0001163E/p0/VideoDecode=2;0x00000000_0x0001163E/p0/VideoProcessing=4;0x00000000_0x00012950/p0/VideoDecode=0;0x00000000_0x00012950/p0/VideoEncode=0;0x00000000_0x00012950/p0/VideoProcessing=0,0
2026-10-06T17:10:53.624,s1ab-pub-ab-cam-2L-on-20261006T150759,10,14.9,119,42,0,0,2,0,0x00000000_0x0001163E/p0/VideoDecode=2;0x00000000_0x0001163E/p0/VideoProcessing=3;0x00000000_0x00012950/p0/VideoDecode=0;0x00000000_0x00012950/p0/VideoEncode=0;0x00000000_0x00012950/p0/VideoProcessing=0,0
2026-10-06T17:10:53.624,s1ab-sub-ab-cam-2L-on-20261006T150759,11,7,56,42,0,0,2,0,0x00000000_0x0001163E/p0/VideoDecode=2;0x00000000_0x0001163E/p0/VideoProcessing=3;0x00000000_0x00012950/p0/VideoDecode=0;0x00000000_0x00012950/p0/VideoEncode=0;0x00000000_0x00012950/p0/VideoProcessing=0,0
