t_rel_s,at_paris,src_fps,src_fps_frames,aob_kbps,h_res,h_fps,h_enc_fps,h_qlr,h_target_kbps,h_kbps,q_res,q_fps,q_enc_fps,q_qlr,q_target_kbps,q_kbps
2.8,2026-10-06T11:51:24.734,31.0,,3762.6,1280x720,28.0,,none,1700.0,,320x180,20.0,,none,150.0,
4.9,2026-10-06T11:51:26.844,31.0,30.0,3762.6,1280x720,31.0,28.6,none,1700.0,1617.1,320x180,20.0,20.0,none,148.1,150.6
7.0,2026-10-06T11:51:28.936,24.0,26.6,3762.6,1280x720,16.0,22.9,none,1700.0,1300.7,320x180,15.0,17.6,none,150.0,134.0
9.0,2026-10-06T11:51:30.991,30.0,28.3,3762.6,1280x720,29.0,28.0,none,1700.0,1702.3,320x180,20.0,20.5,none,150.0,152.7
11.1,2026-10-06T11:51:33.031,30.0,29.9,3762.6,1280x720,30.0,27.1,none,1659.0,1642.9,320x180,20.0,19.0,none,150.0,141.6
13.2,2026-10-06T11:51:35.113,29.0,29.8,3762.6,1280x720,28.0,29.0,none,1685.2,1658.9,320x180,18.0,19.0,none,150.0,141.2
15.2,2026-10-06T11:51:37.155,30.0,29.9,3762.6,1280x720,28.0,30.0,none,1700.0,1706.5,320x180,20.0,21.0,none,150.0,155.6
17.4,2026-10-06T11:51:39.312,30.0,30.1,3762.6,1280x720,30.0,28.6,none,1700.0,1607.3,320x180,19.0,19.5,none,150.0,147.3
19.4,2026-10-06T11:51:41.345,30.0,30.0,3762.6,1280x720,30.0,30.5,none,1700.0,1764.1,320x180,20.0,20.5,none,150.0,153.8
21.4,2026-10-06T11:51:43.366,31.0,30.2,3762.6,1280x720,31.0,30.5,none,1700.0,1720.5,320x180,20.0,20.5,none,150.0,153.6
23.6,2026-10-06T11:51:45.532,30.0,29.8,3762.6,1280x720,25.0,27.3,none,1700.0,1551.2,320x180,17.0,18.2,none,150.0,138.6
25.6,2026-10-06T11:51:47.586,30.0,29.9,3762.6,1280x720,30.0,30.5,none,1700.0,1703.5,320x180,21.0,21.0,none,150.0,154.7
27.7,2026-10-06T11:51:49.622,30.0,29.9,3762.6,1280x720,27.0,27.6,none,1700.0,1569.8,320x180,20.0,19.0,none,150.0,142.3
29.7,2026-10-06T11:51:51.678,31.0,30.4,3762.6,1280x720,30.0,31.0,none,1700.0,1768.4,320x180,20.0,21.0,none,150.0,163.6
31.8,2026-10-06T11:51:53.752,30.0,29.6,3762.6,1280x720,24.0,27.1,none,1700.0,1544.3,320x180,18.0,19.0,none,150.0,139.7
33.9,2026-10-06T11:51:55.887,13.0,16.5,3762.6,1280x720,13.0,14.8,none,1700.0,909.1,320x180,11.0,14.3,none,150.0,103.8
36.0,2026-10-06T11:51:57.933,24.0,21.0,3762.6,1280x720,21.0,17.1,none,1700.0,1556.5,320x180,17.0,15.7,none,150.0,128.3
38.1,2026-10-06T11:52:00.019,26.0,27.0,3804.2,1280x720,21.0,22.4,none,1549.1,1798.4,320x180,17.0,18.1,none,150.0,142.0
40.1,2026-10-06T11:52:02.065,31.0,29.3,3804.2,1280x720,30.0,29.0,none,1624.6,1848.9,320x180,19.0,20.5,none,150.0,152.8
42.2,2026-10-06T11:52:04.107,31.0,29.9,3804.2,1280x720,29.0,29.0,none,1612.4,1709.4,320x180,20.0,19.5,none,150.0,146.4
44.2,2026-10-06T11:52:06.137,31.0,30.1,3804.2,1280x720,31.0,31.0,none,1700.0,1717.5,320x180,20.0,20.5,none,149.1,156.8
46.2,2026-10-06T11:52:08.169,31.0,30.0,3804.2,1280x720,31.0,30.5,none,1700.0,1706.7,320x180,19.0,20.0,none,150.0,148.3
48.3,2026-10-06T11:52:10.229,25.0,27.2,3804.2,1280x720,23.0,26.2,none,1700.0,1484.0,320x180,17.0,18.6,none,149.2,137.4
50.3,2026-10-06T11:52:12.297,30.0,31.4,3804.2,1280x720,30.0,31.0,none,1700.0,1828.6,320x180,20.0,20.5,none,150.0,153.9
52.4,2026-10-06T11:52:14.337,30.0,30.4,3804.2,1280x720,30.0,29.0,none,1664.8,1653.1,320x180,20.0,19.5,none,150.0,147.7
54.4,2026-10-06T11:52:16.373,29.0,29.7,3804.2,1280x720,30.0,30.5,none,1700.0,1710.3,320x180,20.0,20.0,none,150.0,148.8
56.4,2026-10-06T11:52:18.393,29.0,30.0,3804.2,1280x720,30.0,30.0,none,1700.0,1718.5,320x180,20.0,20.0,none,150.0,148.6
58.5,2026-10-06T11:52:20.433,30.0,29.9,3804.2,1280x720,29.0,29.0,none,1700.0,1632.7,320x180,20.0,20.0,none,149.0,148.8
60.5,2026-10-06T11:52:22.475,30.0,30.3,3804.2,1280x720,30.0,31.0,none,1700.0,1764.2,320x180,20.0,20.5,none,150.0,154.1
62.6,2026-10-06T11:52:24.511,31.0,30.1,3804.2,1280x720,30.0,29.0,none,1679.3,1648.0,320x180,19.0,19.0,none,149.9,142.1
64.6,2026-10-06T11:52:26.542,31.0,30.0,3804.2,1280x720,31.0,30.5,none,1700.0,1724.9,320x180,20.0,20.5,none,149.5,160.6
66.6,2026-10-06T11:52:28.573,31.0,30.0,3804.2,1280x720,30.0,30.0,none,1700.0,1680.3,320x180,20.0,20.5,none,150.0,146.5
68.6,2026-10-06T11:52:30.603,30.0,29.8,3804.2,1280x720,30.0,31.0,none,1700.0,1772.5,320x180,19.0,20.0,none,150.0,148.8
70.7,2026-10-06T11:52:32.655,30.0,30.0,3804.2,1280x720,30.0,29.0,none,1700.0,1636.0,320x180,20.0,19.5,none,148.5,146.0
72.7,2026-10-06T11:52:34.689,30.0,30.0,3804.2,1280x720,30.0,30.5,none,1700.0,1732.1,320x180,20.0,20.5,none,150.0,155.9
74.8,2026-10-06T11:52:36.712,30.0,30.1,3804.2,1280x720,31.0,28.6,none,1700.0,1596.8,320x180,20.0,19.5,none,150.0,146.0
76.8,2026-10-06T11:52:38.734,30.0,30.1,3804.2,1280x720,30.0,30.0,none,1700.0,1713.0,320x180,20.0,20.0,none,149.5,149.4
78.8,2026-10-06T11:52:40.774,30.0,29.9,3804.2,1280x720,30.0,31.0,none,1700.0,1773.1,320x180,20.0,20.5,none,150.0,151.0
80.8,2026-10-06T11:52:42.798,30.0,30.0,3804.2,1280x720,28.0,29.0,none,1699.3,1637.5,320x180,21.0,20.5,none,148.3,152.9
82.9,2026-10-06T11:52:44.841,29.0,29.5,3804.2,1280x720,24.0,26.7,none,1700.0,1518.0,320x180,19.0,18.6,none,150.0,140.4
84.9,2026-10-06T11:52:46.875,21.0,21.6,3804.2,1280x720,18.0,19.0,none,1700.0,1105.0,320x180,15.0,16.0,none,150.0,119.2
87.0,2026-10-06T11:52:48.909,22.0,18.6,714.5,1280x720,,2.4,bandwidth,,190.3,320x180,6.0,7.1,bandwidth,133.3,364.9
89.0,2026-10-06T11:52:50.950,30.0,30.1,722.9,1280x720,,0.0,bandwidth,,0.0,320x180,12.0,13.0,bandwidth,160.0,707.0
91.0,2026-10-06T11:52:52.988,30.0,29.9,730.2,-,,0.0,bandwidth,,0.0,320x180,18.0,17.5,bandwidth,160.0,718.7
93.1,2026-10-06T11:52:55.019,30.0,30.0,739.5,-,,0.0,bandwidth,,0.0,320x180,10.0,11.9,bandwidth,160.0,691.8
95.1,2026-10-06T11:52:57.042,31.0,30.2,746.0,-,,0.0,bandwidth,,0.0,320x180,11.0,12.0,bandwidth,158.0,730.5
97.1,2026-10-06T11:52:59.075,30.0,30.0,754.5,-,,0.0,bandwidth,,0.0,320x180,12.0,12.0,bandwidth,160.0,745.8
99.2,2026-10-06T11:53:01.108,30.0,30.0,762.8,-,,0.0,bandwidth,,0.0,320x180,11.0,11.0,bandwidth,160.0,712.8
101.2,2026-10-06T11:53:03.144,30.0,30.0,771.2,-,,0.0,bandwidth,,0.0,320x180,11.0,12.0,bandwidth,159.4,762.5
103.2,2026-10-06T11:53:05.170,30.0,30.1,780.2,-,,0.0,bandwidth,,0.0,320x180,11.0,12.0,bandwidth,158.8,764.4
105.2,2026-10-06T11:53:07.197,29.0,29.6,787.6,-,,0.0,bandwidth,,0.0,320x180,11.0,11.0,bandwidth,154.3,773.3
107.3,2026-10-06T11:53:09.218,30.0,30.2,794.7,-,,0.0,bandwidth,,0.0,320x180,12.0,10.5,bandwidth,160.0,739.6
109.3,2026-10-06T11:53:11.249,29.0,30.0,803.3,-,,0.0,bandwidth,,0.0,320x180,11.0,12.0,bandwidth,158.8,789.5
111.3,2026-10-06T11:53:13.275,30.0,30.1,811.1,-,,0.0,bandwidth,,0.0,320x180,12.0,12.0,bandwidth,160.0,793.7
113.4,2026-10-06T11:53:15.310,30.0,30.0,820.6,-,,0.0,bandwidth,,0.0,320x180,12.0,11.0,bandwidth,158.9,770.0
115.4,2026-10-06T11:53:17.333,31.0,30.1,827.9,-,,0.0,bandwidth,,0.0,320x180,11.0,11.5,bandwidth,156.3,814.5
117.4,2026-10-06T11:53:19.352,30.0,29.7,836.0,-,,0.0,bandwidth,,0.0,320x180,11.0,11.5,bandwidth,151.0,812.5
119.4,2026-10-06T11:53:21.379,30.0,30.1,844.3,-,,0.0,bandwidth,,0.0,320x180,12.0,12.0,bandwidth,160.0,829.8
121.5,2026-10-06T11:53:23.408,31.0,30.1,852.6,-,,0.0,bandwidth,,0.0,320x180,12.0,11.4,bandwidth,160.0,811.1
