ts_paris,marker,n_procs,cpu_pct_machine,cpu_pct_one_core,total_cpu_pct,gpu_videoencode_pct
2026-10-06T02:45:01.176,s1ab-pub-ab-file-2L-off-20261006T003936,7,,,42,0
2026-10-06T02:45:01.176,s1ab-sub-ab-file-2L-off-20261006T003936,0,,,42,0
2026-10-06T02:45:04.114,s1ab-pub-ab-file-2L-off-20261006T003936,7,11.8,94.2,69,0
2026-10-06T02:45:04.114,s1ab-sub-ab-file-2L-off-20261006T003936,0,0,0,69,0
2026-10-06T02:45:07.119,s1ab-pub-ab-file-2L-off-20261006T003936,7,13.9,111.3,46,0
2026-10-06T02:45:07.119,s1ab-sub-ab-file-2L-off-20261006T003936,0,0,0,46,0
2026-10-06T02:45:09.863,s1ab-pub-ab-file-2L-off-20261006T003936,7,9,72,36,0
2026-10-06T02:45:09.863,s1ab-sub-ab-file-2L-off-20261006T003936,0,0,0,36,0
2026-10-06T02:45:12.609,s1ab-pub-ab-file-2L-off-20261006T003936,7,8.3,66.2,37,0
2026-10-06T02:45:12.609,s1ab-sub-ab-file-2L-off-20261006T003936,0,0,0,37,0
2026-10-06T02:45:15.516,s1ab-pub-ab-file-2L-off-20261006T003936,10,13.3,106.5,29,0
2026-10-06T02:45:15.516,s1ab-sub-ab-file-2L-off-20261006T003936,11,56.4,450.9,29,0
2026-10-06T02:45:18.356,s1ab-pub-ab-file-2L-off-20261006T003936,10,9.8,78.1,47,0
2026-10-06T02:45:18.356,s1ab-sub-ab-file-2L-off-20261006T003936,11,5,39.9,47,0
2026-10-06T02:45:21.206,s1ab-pub-ab-file-2L-off-20261006T003936,10,14.2,113.3,49,0
2026-10-06T02:45:21.206,s1ab-sub-ab-file-2L-off-20261006T003936,11,6.7,53.9,49,0
2026-10-06T02:45:24.046,s1ab-pub-ab-file-2L-off-20261006T003936,10,15.8,126.2,42,0
2026-10-06T02:45:24.046,s1ab-sub-ab-file-2L-off-20261006T003936,11,5.4,42.8,42,0
2026-10-06T02:45:26.903,s1ab-pub-ab-file-2L-off-20261006T003936,10,14.7,117.6,49,0
2026-10-06T02:45:26.903,s1ab-sub-ab-file-2L-off-20261006T003936,11,6.5,51.7,49,0
2026-10-06T02:45:30.047,s1ab-pub-ab-file-2L-off-20261006T003936,10,18.5,148,60,0
2026-10-06T02:45:30.047,s1ab-sub-ab-file-2L-off-20261006T003936,11,8.8,70,60,0
2026-10-06T02:45:32.979,s1ab-pub-ab-file-2L-off-20261006T003936,10,15.2,122,55,0
2026-10-06T02:45:32.979,s1ab-sub-ab-file-2L-off-20261006T003936,11,8.5,67.9,55,0
2026-10-06T02:45:35.894,s1ab-pub-ab-file-2L-off-20261006T003936,10,16.2,129.3,40,0
2026-10-06T02:45:35.894,s1ab-sub-ab-file-2L-off-20261006T003936,11,6.7,53.9,40,0
2026-10-06T02:45:38.848,s1ab-pub-ab-file-2L-off-20261006T003936,10,15.8,126.3,44,0
2026-10-06T02:45:38.848,s1ab-sub-ab-file-2L-off-20261006T003936,11,6.4,51,44,0
2026-10-06T02:45:41.794,s1ab-pub-ab-file-2L-off-20261006T003936,10,16.8,134,47,0
2026-10-06T02:45:41.794,s1ab-sub-ab-file-2L-off-20261006T003936,11,7.4,59.6,47,0
2026-10-06T02:45:45.921,s1ab-pub-ab-file-2L-off-20261006T003936,9,20.2,161.6,100,0
2026-10-06T02:45:45.921,s1ab-sub-ab-file-2L-off-20261006T003936,10,22.8,182.3,100,0
2026-10-06T02:45:49.219,s1ab-pub-ab-file-2L-off-20261006T003936,9,13.6,108.9,70,0
2026-10-06T02:45:49.219,s1ab-sub-ab-file-2L-off-20261006T003936,10,6.9,55.3,70,0
2026-10-06T02:45:52.112,s1ab-pub-ab-file-2L-off-20261006T003936,9,16.6,132.7,63,0
2026-10-06T02:45:52.112,s1ab-sub-ab-file-2L-off-20261006T003936,10,6.1,49.1,63,0
2026-10-06T02:45:55.078,s1ab-pub-ab-file-2L-off-20261006T003936,9,16.4,131.3,72,0
2026-10-06T02:45:55.078,s1ab-sub-ab-file-2L-off-20261006T003936,10,7.7,61.4,72,0
2026-10-06T02:45:58.067,s1ab-pub-ab-file-2L-off-20261006T003936,9,17.6,140.7,93,0
2026-10-06T02:45:58.067,s1ab-sub-ab-file-2L-off-20261006T003936,10,8.6,68.5,93,0
2026-10-06T02:46:01.322,s1ab-pub-ab-file-2L-off-20261006T003936,10,22,176.3,53,0
2026-10-06T02:46:01.322,s1ab-sub-ab-file-2L-off-20261006T003936,10,7.3,58.6,53,0
2026-10-06T02:46:04.256,s1ab-pub-ab-file-2L-off-20261006T003936,10,16.9,135,56,0
2026-10-06T02:46:04.256,s1ab-sub-ab-file-2L-off-20261006T003936,10,11.3,90.3,56,0
2026-10-06T02:46:07.131,s1ab-pub-ab-file-2L-off-20261006T003936,10,15.7,125.6,61,0
2026-10-06T02:46:07.131,s1ab-sub-ab-file-2L-off-20261006T003936,10,6.6,53.1,61,0
2026-10-06T02:46:10.057,s1ab-pub-ab-file-2L-off-20261006T003936,10,16.5,132,80,0
2026-10-06T02:46:10.057,s1ab-sub-ab-file-2L-off-20261006T003936,10,8.8,70.6,80,0
2026-10-06T02:46:12.982,s1ab-pub-ab-file-2L-off-20261006T003936,10,15.9,126.9,50,0
2026-10-06T02:46:12.982,s1ab-sub-ab-file-2L-off-20261006T003936,10,8.5,67.9,50,0
2026-10-06T02:46:16.185,s1ab-pub-ab-file-2L-off-20261006T003936,10,15.3,122.1,44,0
2026-10-06T02:46:16.185,s1ab-sub-ab-file-2L-off-20261006T003936,11,8.2,65.7,44,0
2026-10-06T02:46:19.080,s1ab-pub-ab-file-2L-off-20261006T003936,10,15.7,125.8,50,0
2026-10-06T02:46:19.080,s1ab-sub-ab-file-2L-off-20261006T003936,11,5.4,43.4,50,0
2026-10-06T02:46:22.028,s1ab-pub-ab-file-2L-off-20261006T003936,10,14.8,118.6,46,0
2026-10-06T02:46:22.028,s1ab-sub-ab-file-2L-off-20261006T003936,11,5.5,44.1,46,0
2026-10-06T02:46:24.945,s1ab-pub-ab-file-2L-off-20261006T003936,10,16.6,132.7,52,0
2026-10-06T02:46:24.945,s1ab-sub-ab-file-2L-off-20261006T003936,11,6.6,52.9,52,0
2026-10-06T02:46:27.849,s1ab-pub-ab-file-2L-off-20261006T003936,10,15.6,125.1,50,0
2026-10-06T02:46:27.849,s1ab-sub-ab-file-2L-off-20261006T003936,11,7.6,61.2,50,0
2026-10-06T02:46:31.174,s1ab-pub-ab-file-2L-off-20261006T003936,10,16.7,133.4,64,0
2026-10-06T02:46:31.174,s1ab-sub-ab-file-2L-off-20261006T003936,11,7.1,56.8,64,0
2026-10-06T02:46:34.087,s1ab-pub-ab-file-2L-off-20261006T003936,10,14.2,113.9,37,0
2026-10-06T02:46:34.087,s1ab-sub-ab-file-2L-off-20261006T003936,11,5.7,45.4,37,0
2026-10-06T02:46:37.057,s1ab-pub-ab-file-2L-off-20261006T003936,10,16.8,134.6,49,0
2026-10-06T02:46:37.057,s1ab-sub-ab-file-2L-off-20261006T003936,11,6.6,52.8,49,0
2026-10-06T02:46:39.923,s1ab-pub-ab-file-2L-off-20261006T003936,10,16.3,130.6,54,0
2026-10-06T02:46:39.923,s1ab-sub-ab-file-2L-off-20261006T003936,11,5.2,41.6,54,0
2026-10-06T02:46:42.837,s1ab-pub-ab-file-2L-off-20261006T003936,10,15.6,124.4,53,0
2026-10-06T02:46:42.837,s1ab-sub-ab-file-2L-off-20261006T003936,11,6.8,54,53,0
2026-10-06T02:46:45.984,s1ab-pub-ab-file-2L-off-20261006T003936,10,15,120,57,0
2026-10-06T02:46:45.984,s1ab-sub-ab-file-2L-off-20261006T003936,11,6.4,51.3,57,0
2026-10-06T02:46:48.930,s1ab-pub-ab-file-2L-off-20261006T003936,10,14.4,114.8,35,0
2026-10-06T02:46:48.930,s1ab-sub-ab-file-2L-off-20261006T003936,11,7.5,60,35,0
2026-10-06T02:46:51.907,s1ab-pub-ab-file-2L-off-20261006T003936,10,16.3,130.4,45,0
2026-10-06T02:46:51.907,s1ab-sub-ab-file-2L-off-20261006T003936,11,6.7,53.9,45,0
2026-10-06T02:46:54.881,s1ab-pub-ab-file-2L-off-20261006T003936,10,13.7,109.9,38,0
2026-10-06T02:46:54.881,s1ab-sub-ab-file-2L-off-20261006T003936,11,6.9,55.5,38,0
2026-10-06T02:46:57.808,s1ab-pub-ab-file-2L-off-20261006T003936,10,16,127.6,84,0
2026-10-06T02:46:57.808,s1ab-sub-ab-file-2L-off-20261006T003936,11,5.5,44.1,84,0
2026-10-06T02:47:00.994,s1ab-pub-ab-file-2L-off-20261006T003936,10,14.9,118.9,37,0
2026-10-06T02:47:00.994,s1ab-sub-ab-file-2L-off-20261006T003936,11,6.4,51.4,37,0
2026-10-06T02:47:03.956,s1ab-pub-ab-file-2L-off-20261006T003936,10,16,128.2,38,0
2026-10-06T02:47:03.956,s1ab-sub-ab-file-2L-off-20261006T003936,11,7.6,60.4,38,0
2026-10-06T02:47:06.899,s1ab-pub-ab-file-2L-off-20261006T003936,10,14.6,116.8,31,0
2026-10-06T02:47:06.899,s1ab-sub-ab-file-2L-off-20261006T003936,11,5.1,40.7,31,0
2026-10-06T02:47:09.840,s1ab-pub-ab-file-2L-off-20261006T003936,10,16,128.4,60,0
2026-10-06T02:47:09.840,s1ab-sub-ab-file-2L-off-20261006T003936,11,6.1,49.1,60,0
2026-10-06T02:47:12.720,s1ab-pub-ab-file-2L-off-20261006T003936,10,14,111.6,25,0
2026-10-06T02:47:12.720,s1ab-sub-ab-file-2L-off-20261006T003936,11,6.3,50.1,25,0
2026-10-06T02:47:15.892,s1ab-pub-ab-file-2L-off-20261006T003936,10,16.4,131.6,45,0
2026-10-06T02:47:15.892,s1ab-sub-ab-file-2L-off-20261006T003936,11,5.9,47.3,45,0
2026-10-06T02:47:18.786,s1ab-pub-ab-file-2L-off-20261006T003936,10,13.8,110.2,28,0
2026-10-06T02:47:18.786,s1ab-sub-ab-file-2L-off-20261006T003936,11,6.4,51,28,0
2026-10-06T02:47:21.747,s1ab-pub-ab-file-2L-off-20261006T003936,10,15.2,121.5,44,0
2026-10-06T02:47:21.747,s1ab-sub-ab-file-2L-off-20261006T003936,11,6.4,51,44,0
2026-10-06T02:47:24.802,s1ab-pub-ab-file-2L-off-20261006T003936,10,15.2,121.4,56,0
2026-10-06T02:47:24.802,s1ab-sub-ab-file-2L-off-20261006T003936,11,6.4,51,56,0
2026-10-06T02:47:27.739,s1ab-pub-ab-file-2L-off-20261006T003936,10,17,135.9,59,0
2026-10-06T02:47:27.739,s1ab-sub-ab-file-2L-off-20261006T003936,11,7.6,60.4,59,0
2026-10-06T02:47:31.133,s1ab-pub-ab-file-2L-off-20261006T003936,10,0,0,89,0
2026-10-06T02:47:31.133,s1ab-sub-ab-file-2L-off-20261006T003936,13,0,0,89,0
