cond,t_rel_s,at_paris,pc,has_out_video,availableOutgoingBitrate,availableIncomingBitrate,currentRoundTripTime,cp_bytesSent,local,remote,ts
ab-cam-3L-on,1,2026-10-06T17:13:12.610,1,true,3976129,,0.001,8130698,host/udp,prflx/udp,1791299592625.324
ab-cam-3L-on,1,2026-10-06T17:13:12.610,2,false,,,0.002,0,host/udp,prflx/udp,1791299592626.574
ab-cam-3L-on,2,2026-10-06T17:13:13.607,1,true,3976129,,0.003,8438619,host/udp,prflx/udp,1791299593612.707
ab-cam-3L-on,2,2026-10-06T17:13:13.607,2,false,,,0.003,0,host/udp,prflx/udp,1791299593613.977
ab-cam-3L-on,3,2026-10-06T17:13:14.608,1,true,3976129,,0.003,8733429,host/udp,prflx/udp,1791299594619.609
ab-cam-3L-on,3,2026-10-06T17:13:14.608,2,false,,,0.003,65,host/udp,prflx/udp,1791299594621.024
ab-cam-3L-on,4,2026-10-06T17:13:15.604,1,true,3976129,,0.003,9071822,host/udp,prflx/udp,1791299595609.663
ab-cam-3L-on,4,2026-10-06T17:13:15.604,2,false,,,0.003,65,host/udp,prflx/udp,1791299595610.601
ab-cam-3L-on,5,2026-10-06T17:13:16.605,1,true,4018249,,0.002,9372222,host/udp,prflx/udp,1791299596610.487
ab-cam-3L-on,5,2026-10-06T17:13:16.605,2,false,,,0.001,65,host/udp,prflx/udp,1791299596611.604
ab-cam-3L-on,6,2026-10-06T17:13:17.607,1,true,4018249,,0.002,9664061,host/udp,prflx/udp,1791299597610.958
ab-cam-3L-on,6,2026-10-06T17:13:17.607,2,false,,,0.001,65,host/udp,prflx/udp,1791299597611.715
ab-cam-3L-on,7,2026-10-06T17:13:18.609,1,true,4018249,,0.002,9980993,host/udp,prflx/udp,1791299598614.681
ab-cam-3L-on,7,2026-10-06T17:13:18.609,2,false,,,0.001,65,host/udp,prflx/udp,1791299598615.85
ab-cam-3L-on,8,2026-10-06T17:13:19.610,1,true,4018249,,0.002,10311412,host/udp,prflx/udp,1791299599614.795
ab-cam-3L-on,8,2026-10-06T17:13:19.610,2,false,,,0.003,65,host/udp,prflx/udp,1791299599616.192
ab-cam-3L-on,9,2026-10-06T17:13:20.603,1,true,4018249,,0.002,10610244,host/udp,prflx/udp,1791299600609.944
ab-cam-3L-on,9,2026-10-06T17:13:20.603,2,false,,,0.003,65,host/udp,prflx/udp,1791299600611.252
ab-cam-3L-on,10,2026-10-06T17:13:21.624,1,true,4018249,,0.036,10888764,host/udp,prflx/udp,1791299601633.088
ab-cam-3L-on,10,2026-10-06T17:13:21.624,2,false,,,0.003,65,host/udp,prflx/udp,1791299601634.265
ab-cam-3L-on,11,2026-10-06T17:13:22.601,1,true,4018249,,0.036,11190942,host/udp,prflx/udp,1791299602606.783
ab-cam-3L-on,11,2026-10-06T17:13:22.601,2,false,,,0.002,65,host/udp,prflx/udp,1791299602607.7
ab-cam-3L-on,12,2026-10-06T17:13:23.604,1,true,4018249,,0.036,11504704,host/udp,prflx/udp,1791299603606.812
ab-cam-3L-on,12,2026-10-06T17:13:23.604,2,false,,,0.002,65,host/udp,prflx/udp,1791299603607.371
ab-cam-3L-on,13,2026-10-06T17:13:24.602,1,true,4018249,,0.002,11828437,host/udp,prflx/udp,1791299604607.444
ab-cam-3L-on,13,2026-10-06T17:13:24.602,2,false,,,0.001,65,host/udp,prflx/udp,1791299604608.739
ab-cam-3L-on,14,2026-10-06T17:13:25.607,1,true,4018249,,0.002,12121433,host/udp,prflx/udp,1791299605611.886
ab-cam-3L-on,14,2026-10-06T17:13:25.607,2,false,,,0.001,65,host/udp,prflx/udp,1791299605612.693
ab-cam-3L-on,15,2026-10-06T17:13:26.609,1,true,4018249,,0.002,12438810,host/udp,prflx/udp,1791299606614.456
ab-cam-3L-on,15,2026-10-06T17:13:26.609,2,false,,,0.001,65,host/udp,prflx/udp,1791299606615.697
ab-cam-3L-on,16,2026-10-06T17:13:27.614,1,true,4018249,,0.003,12741743,host/udp,prflx/udp,1791299607624.61
ab-cam-3L-on,16,2026-10-06T17:13:27.614,2,false,,,0.002,65,host/udp,prflx/udp,1791299607625.741
ab-cam-3L-on,17,2026-10-06T17:13:28.615,1,true,4018249,,0.003,13052037,host/udp,prflx/udp,1791299608623.14
ab-cam-3L-on,17,2026-10-06T17:13:28.615,2,false,,,0.002,65,host/udp,prflx/udp,1791299608624.899
ab-cam-3L-on,18,2026-10-06T17:13:29.612,1,true,4018249,,0.001,13373813,host/udp,prflx/udp,1791299609618.067
ab-cam-3L-on,18,2026-10-06T17:13:29.612,2,false,,,0.002,65,host/udp,prflx/udp,1791299609619.206
ab-cam-3L-on,19,2026-10-06T17:13:30.614,1,true,4018249,,0.001,13686463,host/udp,prflx/udp,1791299610619.126
ab-cam-3L-on,19,2026-10-06T17:13:30.614,2,false,,,0.002,65,host/udp,prflx/udp,1791299610619.989
ab-cam-3L-on,20,2026-10-06T17:13:31.606,1,true,4018249,,0.001,13984851,host/udp,prflx/udp,1791299611612.842
ab-cam-3L-on,20,2026-10-06T17:13:31.606,2,false,,,0.002,65,host/udp,prflx/udp,1791299611613.882
ab-cam-3L-on,21,2026-10-06T17:13:32.606,1,true,4018249,,0.001,14299055,host/udp,prflx/udp,1791299612611.851
ab-cam-3L-on,21,2026-10-06T17:13:32.606,2,false,,,0.002,65,host/udp,prflx/udp,1791299612612.837
ab-cam-3L-on,22,2026-10-06T17:13:33.601,1,true,4018249,,0.001,14548757,host/udp,prflx/udp,1791299613619.779
ab-cam-3L-on,22,2026-10-06T17:13:33.601,2,false,,,0.001,65,host/udp,prflx/udp,1791299613630.655
ab-cam-3L-on,23,2026-10-06T17:13:34.614,1,true,4018249,,0.001,14859445,host/udp,prflx/udp,1791299614619.118
ab-cam-3L-on,23,2026-10-06T17:13:34.614,2,false,,,0.001,65,host/udp,prflx/udp,1791299614619.761
ab-cam-3L-on,24,2026-10-06T17:13:35.614,1,true,4018249,,0.001,15162901,host/udp,prflx/udp,1791299615618.826
ab-cam-3L-on,24,2026-10-06T17:13:35.614,2,false,,,0.002,65,host/udp,prflx/udp,1791299615619.998
ab-cam-3L-on,25,2026-10-06T17:13:36.614,1,true,4018249,,0.001,15480239,host/udp,prflx/udp,1791299616624.664
ab-cam-3L-on,25,2026-10-06T17:13:36.614,2,false,,,0.002,65,host/udp,prflx/udp,1791299616625.88
ab-cam-3L-on,26,2026-10-06T17:13:37.611,1,true,4018249,,0.001,15788896,host/udp,prflx/udp,1791299617614.774
ab-cam-3L-on,26,2026-10-06T17:13:37.611,2,false,,,0.002,65,host/udp,prflx/udp,1791299617616.183
ab-cam-3L-on,27,2026-10-06T17:13:38.610,1,true,4018249,,0.001,16093791,host/udp,prflx/udp,1791299618614.796
ab-cam-3L-on,27,2026-10-06T17:13:38.610,2,false,,,0.002,65,host/udp,prflx/udp,1791299618615.884
ab-cam-3L-on,28,2026-10-06T17:13:39.612,1,true,4018249,,0.001,16410584,host/udp,prflx/udp,1791299619616.551
ab-cam-3L-on,28,2026-10-06T17:13:39.612,2,false,,,0.002,65,host/udp,prflx/udp,1791299619617.512
ab-cam-3L-on,29,2026-10-06T17:13:40.621,1,true,4018249,,0.006,16720628,host/udp,prflx/udp,1791299620634.367
ab-cam-3L-on,29,2026-10-06T17:13:40.621,2,false,,,0.002,65,host/udp,prflx/udp,1791299620635.457
ab-cam-3L-on,30,2026-10-06T17:13:41.613,1,true,4018249,,0.006,17041372,host/udp,prflx/udp,1791299621634.735
ab-cam-3L-on,30,2026-10-06T17:13:41.613,2,false,,,0.024,65,host/udp,prflx/udp,1791299621635.587
ab-cam-3L-on,31,2026-10-06T17:13:42.615,1,true,4018249,,0.006,17350602,host/udp,prflx/udp,1791299622622.084
ab-cam-3L-on,31,2026-10-06T17:13:42.615,2,false,,,0.024,65,host/udp,prflx/udp,1791299622624.513
ab-cam-3L-on,32,2026-10-06T17:13:43.600,1,true,4018249,,0.002,17633320,host/udp,prflx/udp,1791299623607.497
ab-cam-3L-on,32,2026-10-06T17:13:43.600,2,false,,,0.001,65,host/udp,prflx/udp,1791299623611.272
ab-cam-3L-on,33,2026-10-06T17:13:44.604,1,true,4018249,,0.002,17941363,host/udp,prflx/udp,1791299624610.301
ab-cam-3L-on,33,2026-10-06T17:13:44.604,2,false,,,0.001,130,host/udp,prflx/udp,1791299624611.335
ab-cam-3L-on,34,2026-10-06T17:13:45.606,1,true,4018249,,0.002,18249025,host/udp,prflx/udp,1791299625613.487
ab-cam-3L-on,34,2026-10-06T17:13:45.606,2,false,,,0.001,130,host/udp,prflx/udp,1791299625617.761
ab-cam-3L-on,35,2026-10-06T17:13:46.610,1,true,4018249,,0.002,18557632,host/udp,prflx/udp,1791299626615.937
ab-cam-3L-on,35,2026-10-06T17:13:46.610,2,false,,,0.002,130,host/udp,prflx/udp,1791299626617.591
ab-cam-3L-on,36,2026-10-06T17:13:47.613,1,true,4018249,,0.002,18860970,host/udp,prflx/udp,1791299627618.881
ab-cam-3L-on,36,2026-10-06T17:13:47.613,2,false,,,0.002,130,host/udp,prflx/udp,1791299627620.086
ab-cam-3L-on,37,2026-10-06T17:13:48.613,1,true,4018249,,0.002,19186322,host/udp,prflx/udp,1791299628619.162
ab-cam-3L-on,37,2026-10-06T17:13:48.613,2,false,,,0.002,130,host/udp,prflx/udp,1791299628619.974
ab-cam-3L-on,38,2026-10-06T17:13:49.612,1,true,4018249,,0.003,19476946,host/udp,prflx/udp,1791299629616.87
ab-cam-3L-on,38,2026-10-06T17:13:49.612,2,false,,,0.002,130,host/udp,prflx/udp,1791299629618.71
ab-cam-3L-on,39,2026-10-06T17:13:50.620,1,true,4018249,,0.003,19795091,host/udp,prflx/udp,1791299630627.059
ab-cam-3L-on,39,2026-10-06T17:13:50.620,2,false,,,0.002,130,host/udp,prflx/udp,1791299630627.862
ab-cam-3L-on,40,2026-10-06T17:13:51.603,1,true,4018249,,0.003,20089527,host/udp,prflx/udp,1791299631609.805
ab-cam-3L-on,40,2026-10-06T17:13:51.603,2,false,,,0.002,130,host/udp,prflx/udp,1791299631611.293
ab-cam-3L-on,41,2026-10-06T17:13:52.603,1,true,4018249,,0.013,20405039,host/udp,prflx/udp,1791299632608.299
ab-cam-3L-on,41,2026-10-06T17:13:52.603,2,false,,,0.002,130,host/udp,prflx/udp,1791299632609.416
ab-cam-3L-on,42,2026-10-06T17:13:53.603,1,true,4018249,,0.013,20720824,host/udp,prflx/udp,1791299633607.24
ab-cam-3L-on,42,2026-10-06T17:13:53.603,2,false,,,0.002,130,host/udp,prflx/udp,1791299633609.327
ab-cam-3L-on,43,2026-10-06T17:13:54.627,1,true,4018249,,0.001,21021892,host/udp,prflx/udp,1791299634652.722
ab-cam-3L-on,43,2026-10-06T17:13:54.627,2,false,,,0.002,130,host/udp,prflx/udp,1791299634653.939
ab-cam-3L-on,44,2026-10-06T17:13:55.610,1,true,4018249,,0.001,21302987,host/udp,prflx/udp,1791299635614.291
ab-cam-3L-on,44,2026-10-06T17:13:55.610,2,false,,,0.044,130,host/udp,prflx/udp,1791299635614.902
ab-cam-3L-on,45,2026-10-06T17:13:56.614,1,true,4018249,,0.001,21602671,host/udp,prflx/udp,1791299636619.075
ab-cam-3L-on,45,2026-10-06T17:13:56.614,2,false,,,0.044,130,host/udp,prflx/udp,1791299636620.006
ab-cam-3L-on,46,2026-10-06T17:13:57.610,1,true,4018249,,0.001,21930472,host/udp,prflx/udp,1791299637615.259
ab-cam-3L-on,46,2026-10-06T17:13:57.610,2,false,,,0.002,130,host/udp,prflx/udp,1791299637616.472
ab-cam-3L-on,47,2026-10-06T17:13:58.613,1,true,4018249,,0.001,22242243,host/udp,prflx/udp,1791299638618.189
ab-cam-3L-on,47,2026-10-06T17:13:58.613,2,false,,,0.002,130,host/udp,prflx/udp,1791299638618.993
ab-cam-3L-on,48,2026-10-06T17:13:59.602,1,true,4018249,,0.001,22558492,host/udp,prflx/udp,1791299639606.285
ab-cam-3L-on,48,2026-10-06T17:13:59.602,2,false,,,0.002,130,host/udp,prflx/udp,1791299639607.247
ab-cam-3L-on,49,2026-10-06T17:14:00.611,1,true,4018249,,0.004,22856835,host/udp,prflx/udp,1791299640618.092
ab-cam-3L-on,49,2026-10-06T17:14:00.611,2,false,,,0.021,130,host/udp,prflx/udp,1791299640619.482
ab-cam-3L-on,50,2026-10-06T17:14:01.606,1,true,4018249,,0.004,23139643,host/udp,prflx/udp,1791299641613.606
ab-cam-3L-on,50,2026-10-06T17:14:01.606,2,false,,,0.021,130,host/udp,prflx/udp,1791299641615.007
ab-cam-3L-on,51,2026-10-06T17:14:02.608,1,true,4018249,,0.001,23468244,host/udp,prflx/udp,1791299642614.496
ab-cam-3L-on,51,2026-10-06T17:14:02.608,2,false,,,0.021,130,host/udp,prflx/udp,1791299642615.401
ab-cam-3L-on,52,2026-10-06T17:14:03.607,1,true,4018249,,0.001,23771718,host/udp,prflx/udp,1791299643611.531
ab-cam-3L-on,52,2026-10-06T17:14:03.607,2,false,,,0.002,130,host/udp,prflx/udp,1791299643612.246
ab-cam-3L-on,53,2026-10-06T17:14:04.613,1,true,4018249,,0.001,24102749,host/udp,prflx/udp,1791299644623.105
ab-cam-3L-on,53,2026-10-06T17:14:04.613,2,false,,,0.002,130,host/udp,prflx/udp,1791299644624.114
ab-cam-3L-on,54,2026-10-06T17:14:05.602,1,true,4018249,,0.002,24403787,host/udp,prflx/udp,1791299645609.351
ab-cam-3L-on,54,2026-10-06T17:14:05.602,2,false,,,0.004,130,host/udp,prflx/udp,1791299645612.02
ab-cam-3L-on,55,2026-10-06T17:14:06.606,1,true,4018249,,0.002,24724580,host/udp,prflx/udp,1791299646612.895
ab-cam-3L-on,55,2026-10-06T17:14:06.606,2,false,,,0.004,130,host/udp,prflx/udp,1791299646614.062
ab-cam-3L-on,56,2026-10-06T17:14:07.604,1,true,4018249,,0.002,25027512,host/udp,prflx/udp,1791299647606.905
ab-cam-3L-on,56,2026-10-06T17:14:07.604,2,false,,,0.004,130,host/udp,prflx/udp,1791299647607.411
ab-cam-3L-on,57,2026-10-06T17:14:08.603,1,true,4018249,,0.002,25340838,host/udp,prflx/udp,1791299648609.193
ab-cam-3L-on,57,2026-10-06T17:14:08.603,2,false,,,0.002,130,host/udp,prflx/udp,1791299648610.44
ab-cam-3L-on,58,2026-10-06T17:14:09.607,1,true,4018249,,0.002,25654806,host/udp,prflx/udp,1791299649610.543
ab-cam-3L-on,58,2026-10-06T17:14:09.607,2,false,,,0.002,130,host/udp,prflx/udp,1791299649611.206
ab-cam-3L-on,59,2026-10-06T17:14:10.604,1,true,4018249,,0.002,25980097,host/udp,prflx/udp,1791299650609.983
ab-cam-3L-on,59,2026-10-06T17:14:10.604,2,false,,,0.002,130,host/udp,prflx/udp,1791299650611.333
ab-cam-3L-on,60,2026-10-06T17:14:11.605,1,true,4018249,,0.001,26266884,host/udp,prflx/udp,1791299651608.894
ab-cam-3L-on,60,2026-10-06T17:14:11.605,2,false,,,0.003,130,host/udp,prflx/udp,1791299651609.649
ab-cam-3L-on,61,2026-10-06T17:14:12.612,1,true,4018249,,0.001,26588339,host/udp,prflx/udp,1791299652618.315
ab-cam-3L-on,61,2026-10-06T17:14:12.612,2,false,,,0.003,130,host/udp,prflx/udp,1791299652619.138
ab-cam-3L-on,62,2026-10-06T17:14:13.609,1,true,4018249,,0.001,26879401,host/udp,prflx/udp,1791299653612.892
ab-cam-3L-on,62,2026-10-06T17:14:13.609,2,false,,,0.003,130,host/udp,prflx/udp,1791299653613.544
ab-cam-3L-on,63,2026-10-06T17:14:14.611,1,true,4018249,,0.003,27197491,host/udp,prflx/udp,1791299654617.538
ab-cam-3L-on,63,2026-10-06T17:14:14.611,2,false,,,0.001,130,host/udp,prflx/udp,1791299654618.56
ab-cam-3L-on,64,2026-10-06T17:14:15.609,1,true,4018249,,0.003,27489846,host/udp,prflx/udp,1791299655613.07
ab-cam-3L-on,64,2026-10-06T17:14:15.609,2,false,,,0.001,195,host/udp,prflx/udp,1791299655614.057
ab-cam-3L-on,65,2026-10-06T17:14:16.609,1,true,4018249,,0.003,27804891,host/udp,prflx/udp,1791299656615.029
ab-cam-3L-on,65,2026-10-06T17:14:16.609,2,false,,,0.001,195,host/udp,prflx/udp,1791299656616.565
ab-cam-3L-on,66,2026-10-06T17:14:17.610,1,true,4018249,,0.007,28123653,host/udp,prflx/udp,1791299657613.461
ab-cam-3L-on,66,2026-10-06T17:14:17.610,2,false,,,0.001,195,host/udp,prflx/udp,1791299657614.135
ab-cam-3L-on,67,2026-10-06T17:14:18.610,1,true,4018249,,0.007,28452001,host/udp,prflx/udp,1791299658615.28
ab-cam-3L-on,67,2026-10-06T17:14:18.610,2,false,,,0.001,195,host/udp,prflx/udp,1791299658617.338
ab-cam-3L-on,68,2026-10-06T17:14:19.609,1,true,4018249,,0.001,28742114,host/udp,prflx/udp,1791299659613.731
ab-cam-3L-on,68,2026-10-06T17:14:19.609,2,false,,,0.005,195,host/udp,prflx/udp,1791299659614.511
ab-cam-3L-on,69,2026-10-06T17:14:20.608,1,true,4018249,,0.001,29078236,host/udp,prflx/udp,1791299660613.989
ab-cam-3L-on,69,2026-10-06T17:14:20.608,2,false,,,0.005,195,host/udp,prflx/udp,1791299660617.078
ab-cam-3L-on,70,2026-10-06T17:14:21.607,1,true,4018249,,0.001,29363991,host/udp,prflx/udp,1791299661611.406
ab-cam-3L-on,70,2026-10-06T17:14:21.607,2,false,,,0.005,195,host/udp,prflx/udp,1791299661612.031
ab-cam-3L-on,71,2026-10-06T17:14:22.610,1,true,4018249,,0.027,29653279,host/udp,prflx/udp,1791299662615.901
ab-cam-3L-on,71,2026-10-06T17:14:22.610,2,false,,,0.003,195,host/udp,prflx/udp,1791299662616.757
ab-cam-3L-on,72,2026-10-06T17:14:23.611,1,true,4018249,,0.027,30001144,host/udp,prflx/udp,1791299663616.034
ab-cam-3L-on,72,2026-10-06T17:14:23.611,2,false,,,0.003,195,host/udp,prflx/udp,1791299663616.97
ab-cam-3L-on,73,2026-10-06T17:14:24.601,1,true,4135612,,0.027,30290360,host/udp,prflx/udp,1791299664609.397
ab-cam-3L-on,73,2026-10-06T17:14:24.601,2,false,,,0.003,195,host/udp,prflx/udp,1791299664611.009
ab-cam-3L-on,74,2026-10-06T17:14:25.604,1,true,4135612,,0.001,30599697,host/udp,prflx/udp,1791299665607.183
ab-cam-3L-on,74,2026-10-06T17:14:25.604,2,false,,,0.006,195,host/udp,prflx/udp,1791299665607.754
ab-cam-3L-on,75,2026-10-06T17:14:26.605,1,true,4135612,,0.001,30898865,host/udp,prflx/udp,1791299666612.811
ab-cam-3L-on,75,2026-10-06T17:14:26.605,2,false,,,0.006,195,host/udp,prflx/udp,1791299666613.694
ab-cam-3L-on,76,2026-10-06T17:14:27.604,1,true,4135612,,0.001,31219363,host/udp,prflx/udp,1791299667609.81
ab-cam-3L-on,76,2026-10-06T17:14:27.604,2,false,,,0.003,195,host/udp,prflx/udp,1791299667610.776
ab-cam-3L-on,77,2026-10-06T17:14:28.603,1,true,4135612,,0.001,31548990,host/udp,prflx/udp,1791299668609.693
ab-cam-3L-on,77,2026-10-06T17:14:28.603,2,false,,,0.003,195,host/udp,prflx/udp,1791299668610.766
ab-cam-3L-on,78,2026-10-06T17:14:29.608,1,true,4135612,,0.001,31846269,host/udp,prflx/udp,1791299669613.619
ab-cam-3L-on,78,2026-10-06T17:14:29.608,2,false,,,0.003,195,host/udp,prflx/udp,1791299669614.775
ab-cam-3L-on,79,2026-10-06T17:14:30.605,1,true,4135612,,0.002,32156627,host/udp,prflx/udp,1791299670611.178
ab-cam-3L-on,79,2026-10-06T17:14:30.605,2,false,,,0.002,195,host/udp,prflx/udp,1791299670612.18
ab-cam-3L-on,80,2026-10-06T17:14:31.602,1,true,4135612,,0.002,32482332,host/udp,prflx/udp,1791299671609.628
ab-cam-3L-on,80,2026-10-06T17:14:31.602,2,false,,,0.002,195,host/udp,prflx/udp,1791299671611.119
ab-cam-3L-on,81,2026-10-06T17:14:32.600,1,true,4135612,,0.002,32776398,host/udp,prflx/udp,1791299672610.139
ab-cam-3L-on,81,2026-10-06T17:14:32.600,2,false,,,0.002,195,host/udp,prflx/udp,1791299672611.308
ab-cam-3L-on,82,2026-10-06T17:14:33.600,1,true,4135612,,0.002,33070962,host/udp,prflx/udp,1791299673604.349
ab-cam-3L-on,82,2026-10-06T17:14:33.600,2,false,,,0.002,195,host/udp,prflx/udp,1791299673604.981
ab-cam-3L-on,83,2026-10-06T17:14:34.601,1,true,4135612,,0.002,33399129,host/udp,prflx/udp,1791299674606.139
ab-cam-3L-on,83,2026-10-06T17:14:34.601,2,false,,,0.002,195,host/udp,prflx/udp,1791299674607.527
ab-cam-3L-on,84,2026-10-06T17:14:35.616,1,true,4135612,,0.002,33708783,host/udp,prflx/udp,1791299675622.301
ab-cam-3L-on,84,2026-10-06T17:14:35.616,2,false,,,0.002,195,host/udp,prflx/udp,1791299675623.415
ab-cam-3L-on,85,2026-10-06T17:14:36.603,1,true,4135612,,0.002,34010116,host/udp,prflx/udp,1791299676608.907
ab-cam-3L-on,85,2026-10-06T17:14:36.603,2,false,,,0.002,195,host/udp,prflx/udp,1791299676610.03
ab-cam-3L-on,86,2026-10-06T17:14:37.601,1,true,4135612,,0.002,34317973,host/udp,prflx/udp,1791299677604.801
ab-cam-3L-on,86,2026-10-06T17:14:37.601,2,false,,,0.002,195,host/udp,prflx/udp,1791299677605.369
ab-cam-3L-on,87,2026-10-06T17:14:38.599,1,true,4135612,,0.002,34658343,host/udp,prflx/udp,1791299678606.42
ab-cam-3L-on,87,2026-10-06T17:14:38.599,2,false,,,0.005,195,host/udp,prflx/udp,1791299678607.563
ab-cam-3L-on,88,2026-10-06T17:14:39.615,1,true,4135612,,0.002,34957247,host/udp,prflx/udp,1791299679622.571
ab-cam-3L-on,88,2026-10-06T17:14:39.615,2,false,,,0.005,195,host/udp,prflx/udp,1791299679624.351
ab-cam-3L-on,89,2026-10-06T17:14:40.616,1,true,4135612,,0.002,35256762,host/udp,prflx/udp,1791299680620.775
ab-cam-3L-on,89,2026-10-06T17:14:40.616,2,false,,,0.005,195,host/udp,prflx/udp,1791299680621.399
ab-cam-3L-on,90,2026-10-06T17:14:41.610,1,true,4135612,,0.002,35571345,host/udp,prflx/udp,1791299681674.706
ab-cam-3L-on,90,2026-10-06T17:14:41.610,2,false,,,0.001,195,host/udp,prflx/udp,1791299681691.104
ab-cam-3L-on,91,2026-10-06T17:14:42.604,1,true,4135612,,0.002,35878185,host/udp,prflx/udp,1791299682610.276
ab-cam-3L-on,91,2026-10-06T17:14:42.604,2,false,,,0.001,195,host/udp,prflx/udp,1791299682611.182
ab-cam-3L-on,92,2026-10-06T17:14:43.605,1,true,4135612,,0.002,36173451,host/udp,prflx/udp,1791299683609.704
ab-cam-3L-on,92,2026-10-06T17:14:43.605,2,false,,,0.001,195,host/udp,prflx/udp,1791299683610.454
ab-cam-3L-on,93,2026-10-06T17:14:44.607,1,true,4135612,,0.002,36489570,host/udp,prflx/udp,1791299684612.317
ab-cam-3L-on,93,2026-10-06T17:14:44.607,2,false,,,0.001,195,host/udp,prflx/udp,1791299684613.179
ab-cam-3L-on,94,2026-10-06T17:14:45.608,1,true,4135612,,0.002,36811420,host/udp,prflx/udp,1791299685613.465
ab-cam-3L-on,94,2026-10-06T17:14:45.608,2,false,,,0.001,260,host/udp,prflx/udp,1791299685614.203
ab-cam-3L-on,95,2026-10-06T17:14:46.611,1,true,4135612,,0.001,37117478,host/udp,prflx/udp,1791299686618.816
ab-cam-3L-on,95,2026-10-06T17:14:46.611,2,false,,,0.002,260,host/udp,prflx/udp,1791299686619.543
ab-cam-3L-on,96,2026-10-06T17:14:47.610,1,true,4135612,,0.001,37438022,host/udp,prflx/udp,1791299687616.276
ab-cam-3L-on,96,2026-10-06T17:14:47.610,2,false,,,0.002,260,host/udp,prflx/udp,1791299687617.673
ab-cam-3L-on,97,2026-10-06T17:14:48.610,1,true,4135612,,0.001,37728006,host/udp,prflx/udp,1791299688614.829
ab-cam-3L-on,97,2026-10-06T17:14:48.610,2,false,,,0.002,260,host/udp,prflx/udp,1791299688616.463
ab-cam-3L-on,98,2026-10-06T17:14:49.610,1,true,4135612,,0.001,38055021,host/udp,prflx/udp,1791299689616.112
ab-cam-3L-on,98,2026-10-06T17:14:49.610,2,false,,,0.002,260,host/udp,prflx/udp,1791299689617.439
ab-cam-3L-on,99,2026-10-06T17:14:50.609,1,true,4135612,,0.001,38364612,host/udp,prflx/udp,1791299690614.074
ab-cam-3L-on,99,2026-10-06T17:14:50.609,2,false,,,0.002,260,host/udp,prflx/udp,1791299690614.782
ab-cam-3L-on,100,2026-10-06T17:14:51.608,1,true,4135612,,0.001,38682445,host/udp,prflx/udp,1791299691613.872
ab-cam-3L-on,100,2026-10-06T17:14:51.608,2,false,,,0.002,260,host/udp,prflx/udp,1791299691614.741
ab-cam-3L-on,101,2026-10-06T17:14:52.607,1,true,4135612,,0.002,38975021,host/udp,prflx/udp,1791299692613.393
ab-cam-3L-on,101,2026-10-06T17:14:52.607,2,false,,,0.003,260,host/udp,prflx/udp,1791299692614.401
ab-cam-3L-on,102,2026-10-06T17:14:53.608,1,true,4135612,,0.002,39303093,host/udp,prflx/udp,1791299693614.886
ab-cam-3L-on,102,2026-10-06T17:14:53.608,2,false,,,0.003,260,host/udp,prflx/udp,1791299693616.528
ab-cam-3L-on,103,2026-10-06T17:14:54.610,1,true,4135612,,0.002,39602801,host/udp,prflx/udp,1791299694619.277
ab-cam-3L-on,103,2026-10-06T17:14:54.610,2,false,,,0.003,260,host/udp,prflx/udp,1791299694620.337
ab-cam-3L-on,104,2026-10-06T17:14:55.611,1,true,4135612,,0.005,39925370,host/udp,prflx/udp,1791299695615.825
ab-cam-3L-on,104,2026-10-06T17:14:55.611,2,false,,,0.003,260,host/udp,prflx/udp,1791299695617.055
ab-cam-3L-on,105,2026-10-06T17:14:56.612,1,true,4135612,,0.005,40224153,host/udp,prflx/udp,1791299696617.014
ab-cam-3L-on,105,2026-10-06T17:14:56.612,2,false,,,0.003,260,host/udp,prflx/udp,1791299696617.794
ab-cam-3L-on,106,2026-10-06T17:14:57.610,1,true,4135612,,0.001,40543499,host/udp,prflx/udp,1791299697614.572
ab-cam-3L-on,106,2026-10-06T17:14:57.610,2,false,,,0.001,260,host/udp,prflx/udp,1791299697615.132
ab-cam-3L-on,107,2026-10-06T17:14:58.616,1,true,4135612,,0.001,40851991,host/udp,prflx/udp,1791299698621.237
ab-cam-3L-on,107,2026-10-06T17:14:58.616,2,false,,,0.001,260,host/udp,prflx/udp,1791299698622.061
ab-cam-3L-on,108,2026-10-06T17:14:59.603,1,true,4135612,,0.001,41135302,host/udp,prflx/udp,1791299699610.889
ab-cam-3L-on,108,2026-10-06T17:14:59.603,2,false,,,0.001,260,host/udp,prflx/udp,1791299699611.892
ab-cam-3L-on,109,2026-10-06T17:15:00.606,1,true,4135612,,0.003,41474155,host/udp,prflx/udp,1791299700615.299
ab-cam-3L-on,109,2026-10-06T17:15:00.606,2,false,,,0.002,260,host/udp,prflx/udp,1791299700616.207
ab-cam-3L-on,110,2026-10-06T17:15:01.611,1,true,4135612,,0.003,41772079,host/udp,prflx/udp,1791299701618.509
ab-cam-3L-on,110,2026-10-06T17:15:01.611,2,false,,,0.002,260,host/udp,prflx/udp,1791299701619.528
ab-cam-3L-on,111,2026-10-06T17:15:02.613,1,true,4135612,,0.003,42097695,host/udp,prflx/udp,1791299702618.782
ab-cam-3L-on,111,2026-10-06T17:15:02.613,2,false,,,0.002,260,host/udp,prflx/udp,1791299702619.373
ab-cam-3L-on,112,2026-10-06T17:15:03.612,1,true,4135612,,0.002,42401662,host/udp,prflx/udp,1791299703618.378
ab-cam-3L-on,112,2026-10-06T17:15:03.612,2,false,,,0.004,260,host/udp,prflx/udp,1791299703619.446
ab-cam-3L-on,113,2026-10-06T17:15:04.616,1,true,4135612,,0.002,42716813,host/udp,prflx/udp,1791299704626.476
ab-cam-3L-on,113,2026-10-06T17:15:04.616,2,false,,,0.004,260,host/udp,prflx/udp,1791299704627.281
ab-cam-3L-on,114,2026-10-06T17:15:05.602,1,true,4135612,,0.002,43013104,host/udp,prflx/udp,1791299705613.118
ab-cam-3L-on,114,2026-10-06T17:15:05.602,2,false,,,0.004,260,host/udp,prflx/udp,1791299705613.997
ab-cam-3L-on,115,2026-10-06T17:15:06.615,1,true,4135612,,0.002,43329185,host/udp,prflx/udp,1791299706621.433
ab-cam-3L-on,115,2026-10-06T17:15:06.615,2,false,,,0.008,260,host/udp,prflx/udp,1791299706622.165
ab-cam-3L-on,116,2026-10-06T17:15:07.615,1,true,4135612,,0.002,43636349,host/udp,prflx/udp,1791299707619.615
ab-cam-3L-on,116,2026-10-06T17:15:07.615,2,false,,,0.008,260,host/udp,prflx/udp,1791299707620.3
ab-cam-3L-on,117,2026-10-06T17:15:08.603,1,true,4135612,,0.001,43951102,host/udp,prflx/udp,1791299708608.086
ab-cam-3L-on,117,2026-10-06T17:15:08.603,2,false,,,0.001,260,host/udp,prflx/udp,1791299708609.547
ab-cam-3L-on,118,2026-10-06T17:15:09.605,1,true,4135612,,0.001,44249611,host/udp,prflx/udp,1791299709612.775
ab-cam-3L-on,118,2026-10-06T17:15:09.605,2,false,,,0.001,260,host/udp,prflx/udp,1791299709613.538
ab-cam-3L-on,119,2026-10-06T17:15:10.605,1,true,4135612,,0.001,44530846,host/udp,prflx/udp,1791299710611.846
ab-cam-3L-on,119,2026-10-06T17:15:10.605,2,false,,,0.001,260,host/udp,prflx/udp,1791299710612.844
ab-cam-3L-on,120,2026-10-06T17:15:11.608,1,true,4135612,,0.002,44849905,host/udp,prflx/udp,1791299711612.875
ab-cam-3L-on,120,2026-10-06T17:15:11.608,2,false,,,0.001,260,host/udp,prflx/udp,1791299711613.561
